first_seen_date,keyword,pubDate,title,description,source_id,source_name,link,category,country,language,article_id,image_url
2026-09-14,(rss),2026-09-14 17:16:25,Meet the Tulip Poplar,"Learn about the lifespan, size, ecosystem function, and range of the tulip poplar, as well as the role it plays in New England's fall foliage The post Meet the Tulip Poplar appeared first on New England Forestry Foundation .",newenglandforestry.org,New England Forestry Foundation,https://newenglandforestry.org/meet-the-tulip-poplar/,Tree Species Profiles,,,https://newenglandforestry.org/?p=19570,
2026-09-14,(rss),2026-09-14 19:52:57,STATEMENT: US EPA Repeals Climate Pollution Rules for Power Plants,"STATEMENT: US EPA Repeals Climate Pollution Rules for Power Plants nate.shelter@wri.org Mon, 09/14/2026 - 15:52 WASHINGTON and HOUSTON (September 14, 2026) — Today at a gathering of G20 energy ministers in Houston, Texas, the United States Environmental Protection Agency announced a final rule…",wri.org,wri.org news and views,https://www.wri.org/news/statement-us-epa-repeals-climate-pollution-rules-power-plants,,,,106734 at https://www.wri.org,
2026-09-14,(rss),2026-09-14 18:40:15,What Is Biofuel Blending and How Does It Work?,"Biofuel blending is the process of combining renewable, organically-derived fuels such as ethanol or biodiesel with conventional petroleum products such as gasoline or diesel. The resulting blend can reduce dependence on fossil fuels, support regulatory compliance, and lower the carbon intensity…",resourcewise.com,ResourceWise Blog,https://www.resourcewise.com/blog/what-is-biofuel-blending-and-how-does-it-work,"Industry Insights, Biofuels and Feedstocks, Sustainability and Decarbonization",,,https://www.resourcewise.com/blog/what-is-biofuel-blending-and-how-does-it-work,
2026-09-14,(rss),2026-09-14 17:23:22,UPR Margins Under Pressure as Styrene Volatility Meets Weak Demand,"Unsaturated polyester resin (UPR) producers have faced a difficult combination in 2026: volatile raw material costs and persistently weak downstream demand. The challenge is not simply that feedstock prices have risen, as costs have moved sharply in both directions. More important is the mismatch…",resourcewise.com,ResourceWise Blog,https://www.resourcewise.com/blog/upr-margins-under-pressure-as-styrene-volatility-meets-weak-demand,"Chemical Market, Market Trends, Supply & Demand",,,https://www.resourcewise.com/blog/upr-margins-under-pressure-as-styrene-volatility-meets-weak-demand,
2026-09-14,(rss),2026-09-14 14:20:43,Glycols: 2027 Negotiations Will Begin amid Tight Markets and Elevated Prices,"Asian glycol markets are expected to remain fundamentally tight in the coming weeks. Low import availability, improving but still low operating rates, and stronger textile demand are supporting elevated prices. Chinese MEG inventories fell from nearly 1 million tons in March to 139,000 tons in…",resourcewise.com,ResourceWise Blog,https://www.resourcewise.com/blog/glycols-2027-negotiations-will-begin-amid-tight-markets-and-elevated-prices,"Chemical Market, Market Trends, Market News",,,https://www.resourcewise.com/blog/glycols-2027-negotiations-will-begin-amid-tight-markets-and-elevated-prices,
2026-09-14,(rss),2026-09-14 14:04:01,The European PET Market Is Looking for a Clear Direction,"Expectations for lower PET prices have not materialized, as rising uncertainty continues to support higher raw material costs. There is limited room for price declines given low profitability, but weak demand, import pressure, and a well-supplied market are also limiting upside potential. Several…",resourcewise.com,ResourceWise Blog,https://www.resourcewise.com/blog/the-european-pet-market-is-looking-for-a-clear-direction,"Chemical Market, Market Trends, Market News",,,https://www.resourcewise.com/blog/the-european-pet-market-is-looking-for-a-clear-direction,
2026-09-14,(rss),2026-09-14 20:12:36,New From Develon: DX300LC-9 Crawler Excavator,"The new Develon 33-metric-ton DX300LC-9 excavator joins the Develon -9 series lineup, which will expand the lineup of -9 Series excavators. Develon will eventually replace the -7 series models offered across North America, with the…",timberharvesting.com,Timber Harvesting Magazine,https://timberharvesting.com/new-from-develon-dx300lc-9-crawler-excavator/,News,,,https://timberharvesting.com/?p=12830,
2026-09-14,(rss),2026-09-14 19:20:24,Finnish Sawmill Expands Drying Capacity With Valutec Kilns,Finnish sawmill company JPJ-Wood Oy is investing in two new forklift-loaded batch kilns from Valutec as part of its continued production development. The investment supports the mill’s plans to increase sawn timber production. The two… The post Finnish Sawmill Expands Drying Capacity With Valutec…,timberprocessing.com,Timber Processing Magazine,https://www.timberprocessing.com/finnish-sawmill-expands-drying-capacity-with-valutec-kilns/,"News, investment, JPJ Wood Oy, kilns, Valutec",,,https://www.timberprocessing.com/?p=22487,
2026-09-14,(rss),2026-09-14 21:26:56,September 2026,"There are those times when it seems you are in the middle of a storm, maybe even surrounded by the wasteland. You’re holding on tight as your ship is rocking back and forth. Your faith…",southernloggintimesmagazine.com,Southern Loggin Times,https://www.southernloggintimesmagazine.com/september-2026-2/,Back Pew,,,https://www.southernloggintimesmagazine.com/?p=14622,
2026-09-14,(rss),2026-09-14 08:49:10,AluHouse signs three Australian modular partnerships - Built Offsite,"AluHouse Group has signed separate Memorandums of Understanding with Northland Group, DCF Property Group and newly established volumetric modular ...",builtoffsite.com.au,Google Alert - volumetric modular construction,https://builtoffsite.com.au/news/aluhouse-builds-australian-partner-network-through-three-modular-agreements/,,,,"tag:google.com,2013:googlealerts/feed:3339581387077968908",
2026-09-14,(rss),2026-09-14 08:03:47,Sekisui Chemical Buys 51% of Ausbuild | The Good Builder,"... building toward Brisbane 2032, and a state government already interested in modular methods. Volumetric modular construction . Complete three ...",thegoodbuilder.com.au,Google Alert - volumetric modular construction,https://thegoodbuilder.com.au/sekisui-chemical-buys-51-per-cent-of-ausbuild-bringing-japanese-factory-housing-into-queenslands-private-market/,,,,"tag:google.com,2013:googlealerts/feed:225609212126230111",
2026-09-14,(rss),2026-09-14 07:18:58,Industrialised construction pathways examined in Melbourne - Built Offsite,"... offsite construction. Builders do not need to ... building, frame and truss manufacturing, panelisation and volumetric modular construction .",builtoffsite.com.au,Google Alert - volumetric modular construction,https://builtoffsite.com.au/news/industrialised-construction-can-begin-long-before-the-robots-arrive/,,,,"tag:google.com,2013:googlealerts/feed:11043981016137236594",
2026-09-14,(rss),2026-09-14 07:04:34,"Build to Rent's next challenge is feasibility, differentiation and trust - BTR News Australia","Freecity also brings a construction differentiator through its premium volumetric modular construction capability. For the sector, that matters at ...",btrnews.au,Google Alert - volumetric modular construction,https://www.btrnews.au/build-to-rents-next-challenge-is-feasibility-differentiation-and-trust/,,,,"tag:google.com,2013:googlealerts/feed:4916416586832712773",
2026-09-14,(rss),2026-09-14 22:58:57,Trump's removal of wolf protections would change little in the Pacific Northwest - KLCC,"A juvenile wolf, born in April 2024, of Oregon's Grouse Ridge Pack, standing in front of a trail camera on U.S. Forest Service land on Jan. 23 ...",klcc.org,Google Alert - U.S. Forest Service,https://www.klcc.org/environment/2026-09-14/trumps-removal-of-wolf-protections-would-change-little-in-the-pacific-northwest,,,,"tag:google.com,2013:googlealerts/feed:11483147719869345278",
2026-09-14,(rss),2026-09-14 22:57:41,"Sudden rain causes mudslide onto road to Colorado's Maroon Bells, cleanup underway","On Monday morning, a mudslide forced authorities to close Maroon Creek Road, according to the United States Forest Service .",cbsnews.com,Google Alert - U.S. Forest Service,https://www.cbsnews.com/colorado/news/sudden-rain-mudslide-colorado-maroon-bells/,,,,"tag:google.com,2013:googlealerts/feed:4185123158135520776",
2026-09-14,(rss),2026-09-14 22:11:10,The Trump administration wants to bolster U.S. timber production. Environmentalists say its ... - WGLT,U.S. Department of Agriculture officials also celebrated the proposed change as a way to return forest management to local forestry officials and ...,wglt.org,Google Alert - U.S. Forest Service,https://www.wglt.org/illinois/2026-09-14/the-trump-administration-wants-to-bolster-u-s-timber-production-environmentalists-say-its-rule-change-could-wreak-environmental-havoc,,,,"tag:google.com,2013:googlealerts/feed:13515973631665533200",
2026-09-14,(rss),2026-09-14 22:02:52,MAPOceans Act Heads to President's Desk for Signature,"... national forests. Last week, the U.S. Forest Service published a Notice of Intent to initiate rulemaking to revise the agency's 2005 Travel ...",trcp.org,Google Alert - U.S. Forest Service,https://www.trcp.org/2026/09/14/mapoceans-act-heads-to-presidents-desk-for-signature/,,,,"tag:google.com,2013:googlealerts/feed:85858028913392131",
2026-09-14,(rss),2026-09-14 21:56:40,Lincoln National Forest Advances Post-Fire Recovery with 2026 Reforestation Projects,The Forest Service will monitor seedling survival and evaluate the effectiveness of the different planting techniques over the next five years.,ruidoso-nm.gov,Google Alert - U.S. Forest Service,https://www.ruidoso-nm.gov/news-info/n76j29b8c8b34agmn9xsdj7lsezkw7,,,,"tag:google.com,2013:googlealerts/feed:15004395492502236749",
2026-09-14,(rss),2026-09-14 21:49:41,Prescribed burns planned across Payette National Forest this fall - KIVI-TV,"The U.S. Forest Service said prescribed fire operations could continue through December, pending required approvals. The burns are intended to ...",kivitv.com,Google Alert - U.S. Forest Service,https://www.kivitv.com/backroads/prescribed-burns-planned-across-payette-national-forest-this-fall,,,,"tag:google.com,2013:googlealerts/feed:9059575789454969445",
2026-09-14,(rss),2026-09-14 21:40:05,Historic Gold Lake ski patrol cabin significantly damaged by vandalism - Statesman Journal,"Volunteers are hoping donations can help cover some of the repair costs. The historic cabin was built in 1986 by U.S. Forest Service volunteers, with ...",statesmanjournal.com,Google Alert - U.S. Forest Service,https://www.statesmanjournal.com/story/news/local/oregon/2026/09/14/ski-patrol-cabin-damaged-gold-lake-sno-park/91760465007/,,,,"tag:google.com,2013:googlealerts/feed:667243535251181850",
2026-09-14,(rss),2026-09-14 21:32:32,Prescribed fires planned in Payette National Forest - Capital Press,( U.S. Forest Service /Contributed). Getting your Trinity Audio player ready... Payette National Forest managers and staff plan prescribed fire ...,capitalpress.com,Google Alert - U.S. Forest Service,https://capitalpress.com/2026/09/14/prescribed-fires-planned-in-payette-national-forest/,,,,"tag:google.com,2013:googlealerts/feed:2289268156364295813",
2026-09-14,(rss),2026-09-14 20:27:29,Judge Pauses USDA Moves Following New Union-Led Lawsuit Challenging Reorganization - AFGE,"... department. It would gut the Beltsville Agricultural Research Center, the nation's premier agricultural research facility. It moves the Forest Service ...",afge.org,Google Alert - U.S. Forest Service,https://www.afge.org/article/judge-pauses-usda-moves-following-new-unionled-lawsuit-challenging-reorganization/,,,,"tag:google.com,2013:googlealerts/feed:4809820230654054497",
2026-09-14,(rss),2026-09-14 20:26:01,"Fentanyl vaccines, forest research and recovering family ashes - Jefferson Public Radio",A U.S. Forest Service reorganization and uncertain federal funding could disrupt decades of environmental research in the Pacific Northwest. The ...,ijpr.org,Google Alert - U.S. Forest Service,https://www.ijpr.org/podcast/the-jefferson-exchange/2026-09-14/fentanyl-vaccines-forest-research-family-ashes,,,,"tag:google.com,2013:googlealerts/feed:11566215232442227002",
2026-09-14,(rss),2026-09-14 20:24:55,"Commissioners call for better forest management, increases in wildfire personnel","... U.S. Sen. Patty Murray, U.S. Sen. Maria Cantwell, and U.S. Rep. Kim ... National Parks Service, and US Forest Service ( USFS ) lands. The USFS ...",co.chelan.wa.us,Google Alert - U.S. Forest Service,https://www.co.chelan.wa.us/news/article/commissioners-call-for-better-forest-management-increases-in-wildfire-personnel,,,,"tag:google.com,2013:googlealerts/feed:5014289949541647637",
2026-09-14,(rss),2026-09-14 20:16:47,"U.S. Forest Service , Arizona sign agreement to restore forests, protect watersheds, and ...",The Kaibab National Forest and the Arizona Department of Forestry and Fire Management (DFFM) are partnering to reduce wildfire risk and improve ...,media.srpnet.com,Google Alert - U.S. Forest Service,https://media.srpnet.com/us-forest-service-arizona-sign-agreement-to-restore-forests-protect-watersheds-and-support-rural-economies/,,,,"tag:google.com,2013:googlealerts/feed:12024195434591376334",
2026-09-14,(rss),2026-09-14 20:12:27,Forest Service announces planned burns in next two months southwest of Helena,The Forest Service is preparing for multiple planned burns through October in the Lewis and Clark National Forest southwest of Helena.,ktvh.com,Google Alert - U.S. Forest Service,https://www.ktvh.com/news/forest-service-announces-planned-burns-in-next-two-months-southwest-of-helena,,,,"tag:google.com,2013:googlealerts/feed:6972304847491222956",
2026-09-14,(rss),2026-09-14 20:01:22,"Some campfires now allowed in Larimer County, on forest service land - The Coloradoan","In the Arapaho and Roosevelt National Forests , some campfires are allowed · Open fires outside of highly developed recreation areas and campgrounds ...",coloradoan.com,Google Alert - U.S. Forest Service,https://www.coloradoan.com/story/news/local/2026/09/14/fire-restrictions-on-larimer-county-u-s-forest-service-land-reduced/91762812007/,,,,"tag:google.com,2013:googlealerts/feed:9597083012175802919",
2026-09-14,(rss),2026-09-14 19:55:15,Fall Trout Fishing in the BWCA Wilderness - Paddle and Portage,"This permission comes from the U.S. Forest Service . Conducted under the label of fisheries management, each year the DNR performs something known as a ...",paddleandportage.com,Google Alert - U.S. Forest Service,https://paddleandportage.com/2026/09/14/fall-trout-fishing-in-the-bwca-wilderness/,,,,"tag:google.com,2013:googlealerts/feed:14461545752767071874",
2026-09-14,(rss),2026-09-14 19:44:08,One Week Left to Keep Roads Out of Public Lands! - BIKEPACKING.com,"The United States Department of Agriculture (USDA), which oversees the United States Forest Service , is accepting comments on its plan to rescind ...",bikepacking.com,Google Alert - U.S. Forest Service,https://bikepacking.com/news/roadless-rule-one-week/,,,,"tag:google.com,2013:googlealerts/feed:14022281335458545979",
2026-09-14,(rss),2026-09-14 19:39:29,Trump Administration Proposes to Rescind Roadless Rule,"In August 2026, the U.S. Forest Service proposed to rescind the 2001 Roadless Area Conservation Rule for all 44.7 million acres of inventoried ...",eelp.law.harvard.edu,Google Alert - U.S. Forest Service,https://eelp.law.harvard.edu/trump-administration-proposes-to-rescind-roadless-rule/,,,,"tag:google.com,2013:googlealerts/feed:9803688882488850824",
2026-09-14,(rss),2026-09-14 19:12:24,How National Forests Make Money For The Government - World Atlas,"... Forest Service issuing permits that establish livestock numbers and periods of use. Currently, the federal grazing fee on Forest Service land in ...",worldatlas.com,Google Alert - U.S. Forest Service,https://www.worldatlas.com/forests/how-national-forests-make-money-for-the-government.html,,,,"tag:google.com,2013:googlealerts/feed:14906696881806113652",
2026-09-14,(rss),2026-09-14 19:11:26,Mudslide closes access to Maroon Bells today - Aspen Daily News,... U.S. Forest Service officials confirmed at the scene. Officials declined to estimate when the road and access to the Maroon Bells — which is just ...,aspendailynews.com,Google Alert - U.S. Forest Service,https://www.aspendailynews.com/news/mudslide-closes-access-to-maroon-bells-today-2d0c2c06,,,,"tag:google.com,2013:googlealerts/feed:16690080950758742996",
2026-09-14,(rss),2026-09-14 18:47:30,"Containment rises to 46% for Moonshine Fire in Laramie Range, about ... - Wyoming Tribune Eagle",... U.S. Forest Service and Wyoming State Forestry engaged in the initial response. Multiple aerial resources also have been supporting ground crews ...,wyomingnews.com,Google Alert - U.S. Forest Service,https://www.wyomingnews.com/laramieboomerang/news/containment-rises-to-46-for-moonshine-fire-in-laramie-range-about-7-200-acres-burned/article_7c63ec55-520f-4842-919b-78419792256a.html,,,,"tag:google.com,2013:googlealerts/feed:16417385476425453431",
2026-09-14,(rss),2026-09-14 06:13:42,Plan to repeal national forest 'roadless rule' under scrutiny - - Iron Mountain Daily News,"... timber sale and not maintained. Schienebeck said he hears disappointment from hunters and anglers who wish to use them. ""A lot of it has to do ...",ironmountaindailynews.com,Google Alert - timber sale,https://www.ironmountaindailynews.com/news/local-news/2026/09/plan-to-repeal-national-forest-roadless-rule-under-scrutiny/,,,,"tag:google.com,2013:googlealerts/feed:4311102543073200657",
2026-09-14,(rss),2026-09-14 15:14:35,Alsford appoints Head of Central Sales for Mill and Manufacturing Services,"... timber procurement . Supported by more than 140 years of timber ... timber treatment and timber sourcing . Justin Hood, Operations Director at ...",buildersmerchantsnews.co.uk,Google Alert - timber procurement,https://www.buildersmerchantsnews.co.uk/people/alsford-appoints-head-central-sales-manufacturing-services,,,,"tag:google.com,2013:googlealerts/feed:12484050306989222293",
2026-09-14,(rss),2026-09-14 13:54:48,Alsford expand mill through sales appointment - Builders Merchants Journal - BMJ,... timber procurement . Alsford operations director Justin Hood comments; “Our timber mill has always been a core part of our business and an ...,buildersmerchantsjournal.net,Google Alert - timber procurement,https://buildersmerchantsjournal.net/alsford-expand-mill-through-sales-appointment/,,,,"tag:google.com,2013:googlealerts/feed:13364814461221028167",
2026-09-14,(rss),2026-09-14 14:56:05,Japan Wood Prices Rise 8.4% While Imports Cost More,"Lumber , wood products, and forest products fell 2.2 per cent in yen across August, taking that index from 179.6 to 175.7. At home, the group finished ...",woodcentral.com.au,Google Alert - timber prices,https://woodcentral.com.au/japan-wood-prices-boj-august/,,,,"tag:google.com,2013:googlealerts/feed:10357300494454878347",
2026-09-14,(rss),2026-09-14 14:39:24,BC- Lumber Futures | Nation/World - GazetteXtra,"NEW YORK (AP) — Prices as of 10:30:00 AM Monday, September 14.",gazettextra.com,Google Alert - timber prices,http://www.gazettextra.com/news/nation_world/bc-lumber-futures/article_f5c805ae-0dca-553e-ae2d-c3b1c525a24e.html,,,,"tag:google.com,2013:googlealerts/feed:3422118849636653056",
2026-09-14,(rss),2026-09-14 10:04:55,"Buy forest's services, not its timber | The Express Tribune",Revised forest management plans (FMPs) shall focus away from single-yield timber extraction to multi-functional ecosystems and must assess the value ...,tribune.com.pk,Google Alert - timber prices,https://tribune.com.pk/story/2629134/buy-forests-services-not-its-timber,,,,"tag:google.com,2013:googlealerts/feed:7955968740881661804",
2026-09-14,(rss),2026-09-14 09:04:36,Madison's Lumber Prices Index rises 1% to US$525/mfbm after four weekly declines,Madison's Lumber Prices Index fell from US$558/mfbm on August 7 to US$518 on September 4 before rising to US$525 on September 11.,fordaq.com,Google Alert - timber prices,https://www.fordaq.com/news/Madison's_Lumber_Prices_Index_rises_125951.html,,,,"tag:google.com,2013:googlealerts/feed:4804352878686488342",
2026-09-14,(rss),2026-09-14 07:11:54,"US hardwood sawn timber exports fall 6.6% as China and oak weaken, Vietnam and walnut gain",Export value fell 6.6% from February–April and physical volume declined a steeper 7.7%. Yet the market remained remarkably close to its year-earlier ...,fordaq.com,Google Alert - timber prices,https://www.fordaq.com/news/UShardwoodsawntimber_UShardwoodlumberexports_125965.html,,,,"tag:google.com,2013:googlealerts/feed:11236116215165236741",
2026-09-14,(rss),2026-09-14 02:42:06,Timber Sector Posts RM9.4 Billion Exports In First Half Of 2026 - BusinessToday Malaysia,"Malaysia's timber exports reached RM9.4 billion in the first half of 2026, with the industry maintaining an average annual export value of more ...",businesstoday.com.my,Google Alert - timber prices,https://www.businesstoday.com.my/2026/09/13/timber-sector-posts-rm9-4-billion-exports-in-first-half-of-2026/,,,,"tag:google.com,2013:googlealerts/feed:16182920426615413564",
2026-09-14,(rss),2026-09-14 23:02:08,Senator Cochran was right on timber | Picayune Item,"... timber, and those mills are dumping lumber in our domestic market. ... timber industry and national security. Mississippi produces about $600 ...",picayuneitem.com,Google Alert - timber industry,https://picayuneitem.com/2026/09/senator-cochran-was-right-on-timber/,,,,"tag:google.com,2013:googlealerts/feed:12823218060950236334",
2026-09-14,(rss),2026-09-14 22:20:18,The Trump administration wants to bolster U.S. timber production. Environmentalists say its ...,... logging and drilling industries — including the timber companies that Schultz previously worked for as a lobbyist and executive before his ...,wcbu.org,Google Alert - timber industry,https://www.wcbu.org/state-news/2026-09-14/the-trump-administration-wants-to-bolster-u-s-timber-production-environmentalists-say-its-rule-change-could-wreak-environmental-havoc,,,,"tag:google.com,2013:googlealerts/feed:1959914465436807953",
2026-09-14,(rss),2026-09-14 22:06:43,"South East SA local news briefing, September 15",Timber industry weighs up dumping complaint. The Australian Forest Products Association says it is still considering taking the issue of Russian ...,abc.net.au,Google Alert - timber industry,https://www.abc.net.au/news/2026-09-15/south-east-sa-local-news-briefing/107153584,,,,"tag:google.com,2013:googlealerts/feed:6517174834884069562",
2026-09-14,(rss),2026-09-14 21:06:29,LDAF Enforcement Agents Arrest Suspect In Rapides Parish Timber Theft Investigation,Agents work with landowners and industry professionals to investigate complaints and protect property rights. Note: All persons accused of any crime ...,einnews.com,Google Alert - timber industry,https://www.einnews.com/pr_news/942230792/ldaf-enforcement-agents-arrest-suspect-in-rapides-parish-timber-theft-investigation,,,,"tag:google.com,2013:googlealerts/feed:4811688867935477510",
2026-09-14,(rss),2026-09-14 19:03:30,"Community forests expanding in McLeod Lake/Mackenzie, north Island - BC Gov News","Community forests, with BC Timber Sales, are part of the government's commitment to ensure the province's forestry sector is sustainable, provides ...",news.gov.bc.ca,Google Alert - timber industry,https://news.gov.bc.ca/releases/2026FOR0047-001063,,,,"tag:google.com,2013:googlealerts/feed:12147540733969519516",
2026-09-14,(rss),2026-09-14 18:07:21,Road Rules: 235K Acres of White Mountain Wilderness Targeted for Construction,"... Forest Service, represented in his previous roles as a timber industry lobbyist and executive, according to research by Public Citizen. Industry ...",ecori.org,Google Alert - timber industry,https://ecori.org/road-rules-235k-acres-of-white-mountain-wilderness-targeted-for-construction/,,,,"tag:google.com,2013:googlealerts/feed:3235168714467565812",
2026-09-14,(rss),2026-09-14 17:21:20,Forestry program proves an early hit at Priest River Lamanna High School | krem.com,"Hughes, who led the charge to establish a forestry career technical education program at the school, welcomed the crowd of community members, industry ...",krem.com,Google Alert - timber industry,https://www.krem.com/article/news/local/idaho/forestry-program-proves-an-early-hit-at-priest-river-lamanna-high-school/293-436c4f34-0ccc-4aa5-90d6-5e4af2867f34,,,,"tag:google.com,2013:googlealerts/feed:2114943284407037335",
2026-09-14,(rss),2026-09-14 15:41:49,NZ Super Fund expands U.S. timberland mandate with Domain Timber Advisors to US$200 million,"The value-added strategy targets non- industrial , fragmented or undermanaged timberland. The approach includes forestry management, certification and ...",lesprom.com,Google Alert - timber industry,https://www.lesprom.com/en/news/NZ_Super_Fund_expands_U_S_timberland_mandate_with_Domain_Timber_Advisors_to_US200_million_124385/,,,,"tag:google.com,2013:googlealerts/feed:11059170645673086602",
2026-09-14,(rss),2026-09-14 15:32:20,"TIWF 2026 to bring woodworking machinery, materials and furniture technology to Bangkok","The organiser also lists Thaisakol Group, Cedar Decor and Ta-Chou Industry among industry supporters. A German Pavilion is scheduled for the ...",fordaq.com,Google Alert - timber industry,https://www.fordaq.com/news/TIWF_2026_to_bring_woodworking_126013.html,,,,"tag:google.com,2013:googlealerts/feed:986331471927826504",
2026-09-14,(rss),2026-09-14 15:03:06,Why do spruce take decades to reproduce? A genetic study offers some clues - Phys.org,"In a recent study that may have implications for the forestry industry ... timber, construction materials, paper and other forest products. In an ...",phys.org,Google Alert - timber industry,https://phys.org/news/2026-09-spruce-decades-genetic-clues.html,,,,"tag:google.com,2013:googlealerts/feed:17418351123946375926",
2026-09-14,(rss),2026-09-14 14:54:46,NZ Super Fund Expands Value-Added U.S. Timberland Mandate With Domain Timber ...,"DTA's value-added strategy focuses on sourcing non- industrial , fragmented or undermanaged timberland where active management can create economic and ...",businesswire.com,Google Alert - timber industry,https://www.businesswire.com/news/home/20260914469320/en/NZ-Super-Fund-Expands-Value-Added-U.S.-Timberland-Mandate-With-Domain-Timber-Advisors-to-US%24200-Million,,,,"tag:google.com,2013:googlealerts/feed:5443129368173352935",
2026-09-14,(rss),2026-09-14 13:59:34,EDITORIAL: Higher Taxes Coming to Cloman Industrial Park? Part One - Pagosa Daily Post,"Once upon a time, Pagosa was home to ' industries ' such as the San Juan Lumber Company, located at the intersection of Highways 84 and 160. These ...",pagosadailypost.com,Google Alert - timber industry,https://pagosadailypost.com/2026/09/14/editorial-higher-taxes-coming-to-cloman-industrial-park-part-one/,,,,"tag:google.com,2013:googlealerts/feed:4925523928573869949",
2026-09-14,(rss),2026-09-14 13:35:48,Plywood Duties Triple as Winnebago Loses Lauan Fight | Wood Central,"The industry argued in person and brought the product with it, sending Winnebago Industries ... forestry , timber , and fibre. FOLLOW US. Facebook.",woodcentral.com.au,Google Alert - timber industry,https://woodcentral.com.au/lauan-plywood-duties-orders-triple/,,,,"tag:google.com,2013:googlealerts/feed:14265035498338014452",
2026-09-14,(rss),2026-09-14 13:09:28,Twain Lumber invests US$7.4m to reopen Virginia sawmill with 108m board-foot capacity,"Twain Lumber Company plans to purchase and reopen the former Teal Jones sawmill in Henry County, Virginia, returning a Southern Yellow Pine processing ...",fordaq.com,Google Alert - timber industry,https://www.fordaq.com/news/Twain_Lumber_invests_US74m_to_125903.html,,,,"tag:google.com,2013:googlealerts/feed:6862944771129508020",
2026-09-14,(rss),2026-09-14 13:02:34,UK conference to showcase future of building with cross-laminated timber | College News,"... timber industry .” Patricia Layton, strategic advisor for Clemson University's Wood Utilization + Design Institute and professor emerita of ...",news.mgcafe.uky.edu,Google Alert - timber industry,https://news.mgcafe.uky.edu/article/uk-conference-showcase-future-building-cross-laminated-timber,,,,"tag:google.com,2013:googlealerts/feed:6363335001510466299",
2026-09-14,(rss),2026-09-14 13:01:08,Timber Energy Rating Compliance Answered in Perth | Wood Central,"It comes as Western Australia's timber industry says the supply chain ... forestry, timber, and fibre. FOLLOW US. Facebook · Instagram · Twitter.",woodcentral.com.au,Google Alert - timber industry,https://woodcentral.com.au/lightweight-energy-rating/,,,,"tag:google.com,2013:googlealerts/feed:7212355577889630180",
2026-09-14,(rss),2026-09-14 12:54:00,Timber turning the circular economy | Latrobe Valley Express,"The partnership began more than 20 years ago when Radial Timber's chief, Chris McEvoy, fearing that the native forest industry would end, teamed up ...",latrobevalleyexpress.com.au,Google Alert - timber industry,https://latrobevalleyexpress.com.au/news/2026/09/14/timber-turning-the-circular-economy/,,,,"tag:google.com,2013:googlealerts/feed:2959334346436345457",
2026-09-14,(rss),2026-09-14 22:37:31,4 hospitalized after a crane collapses at a Miami construction site - YouTube,"An 85-foot (26-meter) crane towering over a construction site in an upscale Miami neighborhood toppled onto a passing vehicle Monday morning, ...",youtube.com,Google Alert - sawmill,https://www.youtube.com/watch?v=6DusjF5eTOE,,,,"tag:google.com,2013:googlealerts/feed:5767967310368023601",
2026-09-14,(rss),2026-09-14 22:35:30,Texas landowners sue to block Trump's Big Bend border wall plans - YouTube,"Landowners, ranchers, and business owners in Texas are suing to stop the Trump administration's border wall plans in the Big Bend region.",youtube.com,Google Alert - sawmill,https://www.youtube.com/watch?v=PL8viIo5ZxQ,,,,"tag:google.com,2013:googlealerts/feed:14283281919047905609",
2026-09-14,(rss),2026-09-14 21:40:05,Man is dead and woman seriously hurt after crash involving ATV and car in Chesterville,Michael Kidd Jr. was driving an ATV when he entered the intersection of Route 41 and Cohoon Road and a car hit him.,youtube.com,Google Alert - sawmill,https://www.youtube.com/watch?v=mXN-DI29KgY,,,,"tag:google.com,2013:googlealerts/feed:15431349686134283513",
2026-09-14,(rss),2026-09-14 20:22:31,Governor Spanberger Celebrates $7.4 Million Investment by Twain Lumber Company,Governor Abigail Spanberger today celebrated that Twain Lumber Company will invest $7.4 million to purchase and reopen the former Teal Jones ...,redbooklumberdata.com,Google Alert - sawmill,https://www.redbooklumberdata.com/2026/09/14/governor-spanberger-celebrates-7-4-million-investment-by-twain-lumber-company/,,,,"tag:google.com,2013:googlealerts/feed:11323387027860484137",
2026-09-14,(rss),2026-09-14 20:20:08,"'They've Ripped Off Our Country For Years': Trump Slams Canada, Calls Them 'Difficult' To Work With",Go to channel Middlefield Custom Sawmill · You Won't Believe What's Inside this Log! Middlefield Custom Sawmill and Two Guys Timberframing•394K views.,youtube.com,Google Alert - sawmill,https://www.youtube.com/watch?v=WpN-ZCo_Z38,,,,"tag:google.com,2013:googlealerts/feed:14974546574125806122",
2026-09-14,(rss),2026-09-14 20:10:45,"Higher prices at the pump, loss of SNAP benefits putting pinch on Americans - YouTube",Subscribe to Local 5 on YouTube: https://bit.ly/Local5YouTube_subscribe Facebook: https://facebook.com/WeAreIowa X: https://x.com/weareiowa5news ...,youtube.com,Google Alert - sawmill,https://www.youtube.com/watch?v=KeDOC-oR8UY,,,,"tag:google.com,2013:googlealerts/feed:18372560603473334375",
2026-09-14,(rss),2026-09-14 18:47:19,Evacuation zones may change as Lucas Fire crews make progress - YouTube,Go to channel Middlefield Custom Sawmill . You Won't Believe What's Inside this Log! Middlefield Custom Sawmill and Two Guys Timberframing•394K views.,youtube.com,Google Alert - sawmill,https://www.youtube.com/watch?v=ukHzuBsUYlI,,,,"tag:google.com,2013:googlealerts/feed:1213384653028697253",
2026-09-14,(rss),2026-09-14 17:44:44,"Community leaders advocate for zoo, GRPM millage - YouTube",Grand Rapids community leaders gathered today outside of John Ball Zoo to advocate for a millage proposal that will be on the ballot this November ...,youtube.com,Google Alert - sawmill,https://www.youtube.com/watch?v=lU4lVS5dvU4,,,,"tag:google.com,2013:googlealerts/feed:10770839260442054936",
2026-09-14,(rss),2026-09-14 17:33:13,Vermont man accused of pointing fake gun at traffic in downtown Burlington - YouTube,Police said a homeless man in Burlington was arrested after he allegedly pointed a lighter shaped like a gun at cars downtown over the weekend.,youtube.com,Google Alert - sawmill,https://www.youtube.com/watch?v=X6fORxnipKE,,,,"tag:google.com,2013:googlealerts/feed:11157071344092125916",
2026-09-14,(rss),2026-09-14 17:20:02,John Deere to bring back 375 employees across Quad Cities locations - YouTube,Inside the Largest Wood Sawmill Factory – How Plywood Is Made From Logs to Table (Full Process) ... Go to channel Middlefield Custom Sawmill · You ...,youtube.com,Google Alert - sawmill,https://www.youtube.com/watch?v=p2O1Irditfc,,,,"tag:google.com,2013:googlealerts/feed:9838994515816191520",
2026-09-14,(rss),2026-09-14 16:39:58,Construction projects - YouTube,Go to channel Middlefield Custom Sawmill . You Won't Believe What's Inside this Log! Middlefield Custom Sawmill and Two Guys Timberframing•393K views.,youtube.com,Google Alert - sawmill,https://www.youtube.com/watch?v=5_uCSo0Gb6A,,,,"tag:google.com,2013:googlealerts/feed:10052412990453701643",
2026-09-14,(rss),2026-09-14 16:14:50,Man found guilty in deadly April 2025 crash - YouTube,Go to channel Middlefield Custom Sawmill · You Won't Believe What's Inside this Log! Middlefield Custom Sawmill and Two Guys Timberframing•393K views.,youtube.com,Google Alert - sawmill,https://www.youtube.com/watch?v=MxnixueYS-o,,,,"tag:google.com,2013:googlealerts/feed:17098632330657642503",
2026-09-14,(rss),2026-09-14 16:08:07,"Twain Lumber Company to reopen former Teal Jones sawmill , creating 74 jobs","RICHMOND, Va. — Twain Lumber Company will invest $7.4 million to purchase and reopen the former Teal Jones sawmill in Henry County, Virginia.",woodworkingnetwork.com,Google Alert - sawmill,https://www.woodworkingnetwork.com/news/woodworking-industry-news/twain-lumber-company-reopen-former-teal-jones-sawmill-creating-74,,,,"tag:google.com,2013:googlealerts/feed:1379839692725414019",
2026-09-14,(rss),2026-09-14 15:11:28,"Flash flooding shuts down roads, strands vehicles across parts of Connecticut - YouTube","Heavy rain triggered flash flooding across several Connecticut towns Sunday morning, closing roads and leaving vehicles stranded.",youtube.com,Google Alert - sawmill,https://www.youtube.com/watch?v=Cbrd7MUw_9w,,,,"tag:google.com,2013:googlealerts/feed:4176096489809290250",
2026-09-14,(rss),2026-09-14 15:06:21,"Two found dead in apparent murder-suicide on far West Side, Bexar County sheriff says",Two people were found dead Sunday evening at a home on the far West Side in what the Bexar County Sheriff's Office is investigating as a possible ...,youtube.com,Google Alert - sawmill,https://www.youtube.com/watch?v=r3SQk0n2rQU,,,,"tag:google.com,2013:googlealerts/feed:17071311379157471206",
2026-09-14,(rss),2026-09-14 14:49:10,Trump urges Ukraine to stop 'knocking out' Russian oil refineries as U.S. diesel hits record,"President Donald Trump has urged Ukrainian President Volodymyr Zelenskyy to stop targeting Russian oil refineries, saying the attacks are “hurting ...",youtube.com,Google Alert - sawmill,https://www.youtube.com/watch?v=YGpXP1IFGcE,,,,"tag:google.com,2013:googlealerts/feed:14870261315575380638",
2026-09-14,(rss),2026-09-14 14:41:31,"1 dead, 1 injured after crash on I-95 North - YouTube","Police are still investigating the single-vehicle crash, which happened around 11:30 Saturday night. Stay in the know with WPRI 12 News.",youtube.com,Google Alert - sawmill,https://www.youtube.com/watch?v=YeUsCfrzbNk,,,,"tag:google.com,2013:googlealerts/feed:7163935106000656355",
2026-09-14,(rss),2026-09-14 13:23:07,Unifor members ratify the new Eastern Canada forestry pattern agreement,MONTREAL – Unifor members at the Domtar mills covered by the pattern bargaining in Eastern Canada's forestry sector have voted in favour of the ...,unifor.org,Google Alert - sawmill,https://www.unifor.org/news/all-news/unifor-members-ratify-new-eastern-canada-forestry-pattern-agreement,,,,"tag:google.com,2013:googlealerts/feed:12220306322441497367",
2026-09-14,(rss),2026-09-14 13:15:08,Legend of Missing Spanish Gold Still Haunts This East Texas Sawmill Town - Yahoo,"A legend about missing Spanish gold still lingers in Silsbee, a sawmill town in East Texas. The story centers on a suspicious explosion in the Big ...",yahoo.com,Google Alert - sawmill,https://www.yahoo.com/news/videos/legend-missing-spanish-gold-still-111455973.html,,,,"tag:google.com,2013:googlealerts/feed:13282389320642877977",
2026-09-14,(rss),2026-09-14 21:46:29,Yashi Paper Launches Solar PV Project to Support Sustainable - openPR.com,"For manufacturers of bamboo pulp paper and other sustainable paper products, responsible energy management is an important part of building a lower- ...",openpr.com,Google Alert - pulp and paper,https://www.openpr.com/news/4631039/yashi-paper-launches-solar-pv-project-to-support-sustainable,,,,"tag:google.com,2013:googlealerts/feed:5017161747693958161",
2026-09-14,(rss),2026-09-14 20:22:29,Unifor Members Endorse New Model Contract For Forestry in Eastern Canada,"The vote officially sets the parameters of the new model contract that will serve as a benchmark for upcoming negotiations in pulp and paper , ...",redbooklumberdata.com,Google Alert - pulp and paper,https://www.redbooklumberdata.com/2026/09/14/unifor-members-endorse-new-model-contract-for-forestry-in-eastern-canada/,,,,"tag:google.com,2013:googlealerts/feed:2958837438764192237",
2026-09-14,(rss),2026-09-14 20:00:19,Valmet improves reliability and safety at Södra Mönsterås | MET Magazine,"U.S. 50% duties on covered Canadian pulp and paper products meet Canada's new tariffs of up to 50% on U.S. tissue, paper and dissolving pulp. Let's ...",metissue.com,Google Alert - pulp and paper,https://www.metissue.com/news/valmet-improves-reliability-and-safety-at-Sodra-Monsteras,,,,"tag:google.com,2013:googlealerts/feed:5964692942430761650",
2026-09-14,(rss),2026-09-14 18:51:51,Chilean CMPC obtains authorization for US$300 million port terminal in Brazil - BNamericas,The Chilean pulp and paper producer CMPC obtained final authorization for the construction of a port terminal in the Brazilian state of Rio Grande ...,bnamericas.com,Google Alert - pulp and paper,https://www.bnamericas.com/en/news/chilean-cmpc-obtains-authorization-for-us300-million-port-terminal-in-brazil,,,,"tag:google.com,2013:googlealerts/feed:17037803020121990302",
2026-09-14,(rss),2026-09-14 17:30:19,Environmental Exploitation and Deception - Indo-Pacific Defense FORUM,"China-linked paper companies often acquire pulp from Southeast Asian plantations, effectively externalizing environmental degradation while ...",ipdefenseforum.com,Google Alert - pulp and paper,https://ipdefenseforum.com/2026/09/environmental-exploitation-and-deception/,,,,"tag:google.com,2013:googlealerts/feed:16319914993794562863",
2026-09-14,(rss),2026-09-14 17:01:04,First barge carrying major Project NextGen components arrives at Irving Pulp & Paper,"Irving Pulp & Paper has reached a new milestone in Project NextGen, with the first barge carrying major components for the initiative successfully ...",tissueonlinenorthamerica.com,Google Alert - pulp and paper,https://tissueonlinenorthamerica.com/first-barge-carrying-major-project-nextgen-components-arrives-at-irving-pulp-paper/,,,,"tag:google.com,2013:googlealerts/feed:8047840208197469498",
2026-09-14,(rss),2026-09-14 16:54:14,Atwill-Morin Announces Takeover Of The Assets Of Brook Restoration,N.L. government reaches pension deal with Corner Brook Pulp and Paper . Tags. acquisition · concrete · infrastructure · Manufacturing · masonry ...,canadianmanufacturing.com,Google Alert - pulp and paper,https://www.canadianmanufacturing.com/manufacturing/atwill-morin-announces-takeover-of-the-assets-of-brook-restoration-321433/,,,,"tag:google.com,2013:googlealerts/feed:9325942590439071143",
2026-09-14,(rss),2026-09-14 13:35:43,Cascades wins retail award in paper category,"Thunder Bay Pulp and Paper and Rock Tech Lithium have… ... Connect with the people, insights, and opportunities shaping the Canadian pulp and paper ...",pulpandpapercanada.com,Google Alert - pulp and paper,https://www.pulpandpapercanada.com/cascades-wins-retail-award-in-paper-category/,,,,"tag:google.com,2013:googlealerts/feed:7051465312732502576",
2026-09-14,(rss),2026-09-14 13:16:34,Sappi Europe to hike WFC paper prices,"It operates seven mills sites in five countries with a total production capacity of 2.6 million tpy of pulp , graphic papers and packaging and ...",euwid-paper.com,Google Alert - pulp and paper,https://www.euwid-paper.com/news/companies/sappi-europe-to-hike-wfc-paper-prices-140926/,,,,"tag:google.com,2013:googlealerts/feed:3126923622530783000",
2026-09-14,(rss),2026-09-14 12:44:21,United Steelworkers International President Brown to address U.S.-Canada trade tensions ...,"The USW represents 850,000 workers across Canada and the United States employed in metals, mining, pulp and paper , rubber, chemicals, glass, auto ...",markets.businessinsider.com,Google Alert - pulp and paper,https://markets.businessinsider.com/news/stocks/united-steelworkers-international-president-brown-to-address-u-s--canada-trade-tensions-call-for-policies-that-prioritize-workers-1036542705,,,,"tag:google.com,2013:googlealerts/feed:17325273058795236300",
2026-09-14,(rss),2026-09-14 12:05:53,Unifor members ratify the new Eastern Canada forestry pattern agreement - Newswire.ca,"This vote formally sets out the terms of the new pattern agreement, which will serve as a model for future negotiations in the pulp and paper , sawmill ...",newswire.ca,Google Alert - pulp and paper,https://www.newswire.ca/news-releases/unifor-members-ratify-the-new-eastern-canada-forestry-pattern-agreement-826186371.html,,,,"tag:google.com,2013:googlealerts/feed:7871632368852591059",
2026-09-14,(rss),2026-09-14 11:51:41,US Sodium Silicate Prices Decline 8.00% in August on Softer Buying and Improved Availability,"Sodium silicate demand remained supported by detergents, water treatment, pulp and paper , and other industrial applications, but the overall pace of ...",chemanalyst.com,Google Alert - pulp and paper,https://www.chemanalyst.com/NewsAndDeals/NewsDetails/us-sodium-silicate-prices-decline-8-00-in-august-on-softer-44458,,,,"tag:google.com,2013:googlealerts/feed:11844799002115845962",
2026-09-14,(rss),2026-09-14 11:30:51,Enterprise value to EBITDA forward of IMPRESO.COM INC – OTC:ZCOM - TradingView,Markets; /. / Pulp & Paper ; /ZCOM; /Financials. IMPRESO.COM INC. ZCOM OTC Markets. ZCOM OTC Markets.,tradingview.com,Google Alert - pulp and paper,https://www.tradingview.com/symbols/OTC-ZCOM/financials-statistics-and-ratios/enterprise-value-ebitda-fwd/,,,,"tag:google.com,2013:googlealerts/feed:11345430290752485435",
2026-09-14,(rss),2026-09-14 11:20:18,Crown Paper Mill expands into Saudi Arabia with new Valmet tissue machine,"U.S. 50% duties on covered Canadian pulp and paper products meet Canada's new tariffs of up to 50% on U.S. tissue, paper and dissolving pulp. Metsä ...",metissue.com,Google Alert - pulp and paper,https://www.metissue.com/news/crown-paper-mill-expands-into-saudi-arabia-with-new-valmet-tissue-machine,,,,"tag:google.com,2013:googlealerts/feed:11824673490463924300",
2026-09-14,(rss),2026-09-14 07:45:48,"Building Materials Industries Bulk Commodity Intelligence (September 14, 2026) - SunSirs","SunSirs: Building Materials Industries Bulk Commodity Intelligence (September 14, 2026),Hardwood pulp ,Building materials. ... [Corrugated Paper ] ...",sunsirs.com,Google Alert - pulp and paper,https://www.sunsirs.com/commodity-news/petail-36122.html,,,,"tag:google.com,2013:googlealerts/feed:6658100755149877306",
2026-09-14,(rss),2026-09-14 07:34:47,Sappi Europe announces price increases of 5-7% for WFC papers - PULPAPERnews.com,"Sappi produces 4.6 million tons of paper , 2.3 million tons of paper pulp , 1.5 million tons of dissolving pulp per year. Globally, it has over ...",pulpapernews.com,Google Alert - pulp and paper,https://www.pulpapernews.com/20260914/18163/sappi-europe-announces-price-increases-5-7-wfc-papers,,,,"tag:google.com,2013:googlealerts/feed:15444852755905642091",
2026-09-14,(rss),2026-09-14 07:09:50,Valmet improves reliability and safety at Södra Mönsterås - PULPAPERnews.com,*MEMBER* BTG globally assists pulp and paper makers in achieving sustainable gains in business performance... MOPSsys. *MEMBER* MOPSsys MOPS™ ...,pulpapernews.com,Google Alert - pulp and paper,https://www.pulpapernews.com/20260914/18161/valmet-improves-reliability-and-safety-sodra-monsteras,,,,"tag:google.com,2013:googlealerts/feed:8319301693395690907",
2026-09-14,(rss),2026-09-14 06:24:43,Metsä Group warns of high cost of EU nature restoration - PULPAPERnews.com,"News within the industry of pulp and paper , Sep, 14 2026 ... *MEMBER* Alimak has partnered with the pulp and paper industry since 1966, when the first..",pulpapernews.com,Google Alert - pulp and paper,https://www.pulpapernews.com/20260914/18160/metsa-group-warns-high-cost-eu-nature-restoration,,,,"tag:google.com,2013:googlealerts/feed:14370917048041491333",
2026-09-14,(rss),2026-09-14 06:22:03,Rooted in Indonesia. Growing with the world | The Indian Express (Delhi Edition),"For over four decades, APP Group has grown from an Indonesian enterprise into one of the world's leading pulp and paper companies with ...",pressreader.com,Google Alert - pulp and paper,https://www.pressreader.com/india/the-indian-express/20260913/281629607162286,,,,"tag:google.com,2013:googlealerts/feed:18033997937776639732",
2026-09-14,(rss),2026-09-14 20:19:26,Akasa Air and BPCL successfully operate commercial flight using SAF - Biomass Magazine,Solutions 4 Manufacturing is offering two pellet mills in Missouri for sale as systems or as individual pieces through an ongoing negotiated sale.,biomassmagazine.com,Google Alert - pellet mill,https://biomassmagazine.com/articles/akasa-air-and-bpcl-successfully-operate-commercial-flight-using-saf,,,,"tag:google.com,2013:googlealerts/feed:1339878714492741552",
2026-09-14,(rss),2026-09-14 17:19:48,2 pellet mill plants offered for sale in Missouri - Biomass Magazine,SOLUTIONS 4 MANUFACTURING has announced the sale of 2 pellet mills . Each plant was a complete operating plant with proven production and equipment is ...,biomassmagazine.com,Google Alert - pellet mill,https://biomassmagazine.com/articles/2-pellet-mill-plants-offered-for-sale-in-missouri,,,,"tag:google.com,2013:googlealerts/feed:6171410506419300040",
2026-09-14,(rss),2026-09-14 05:42:57,Japanese wood pellet demand accelerates Indonesian deforestation - Bioenergy Insight,"Chip mill haul zones overlap 3 million hectares of orangutan habitat, threatening Sumatran, Tapanuli and Bornean species. In Gorontalo, forest ...",bioenergy-news.com,Google Alert - pellet mill,https://www.bioenergy-news.com/news/japanese-wood-pellet-demand-accelerates-indonesian-deforestation/,,,,"tag:google.com,2013:googlealerts/feed:11169054843824000502",
2026-09-14,(rss),2026-09-14 05:01:56,Ruapehu mayor hopeful over Karioi mill future - Farmers Weekly,Consent documents lodged with Horizons indicate a torrefied wood pellet processing plant may be possible for Karioi site.,farmersweekly.co.nz,Google Alert - pellet mill,https://www.farmersweekly.co.nz/news/ruapehu-mayor-hopeful-over-karioi-mill-future/,,,,"tag:google.com,2013:googlealerts/feed:2334373108136785067",
2026-09-14,(rss),2026-09-14 01:29:35,Collective tree-planting ceremony held in Hlawga watershed area,"... feed pellet factory , and ongoing works at Dagon University to construct water-retention ponds to improve cleanliness, neatness and drainage, as ...",gnlm.com.mm,Google Alert - pellet mill,https://www.gnlm.com.mm/collective-tree-planting-ceremony-held-in-hlawga-watershed-area/,,,,"tag:google.com,2013:googlealerts/feed:7709478284206497525",
2026-09-14,(rss),2026-09-14 21:03:53,While the world's largest laser spends days and sometimes a week freezing a ... - Autonocion.com,"... pellet ten times a second, and the people who make the best fuel pellets in the world these days turn out a handful a year. Advertisement. Inertia ...",autonocion.com,Google Alert - pellet fuel,https://www.autonocion.com/us/fusion-fuel-ice-layer-two-three-hours/,,,,"tag:google.com,2013:googlealerts/feed:16260919087697741273",
2026-09-14,(rss),2026-09-14 17:57:02,"Granite Geek: The oldest heating fuel is still useful, for better or worse - Concord Monitor",The state Department of Energy says somewhere around 6% of New Hampshire homes use stoves that burn firewood or wood pellets as their primary heating ...,concordmonitor.com,Google Alert - pellet fuel,https://www.concordmonitor.com/2026/09/14/new-hampshire-firewood-banks/,,,,"tag:google.com,2013:googlealerts/feed:11000334626153858637",
2026-09-14,(rss),2026-09-14 13:30:29,Japan's Biomass Energy Boom Threatens Further Deforestation in Indonesia - USNews.com,"ISLAMABAD (AP) — A surge in Indonesia's wood pellet and chip production is driving a new wave of deforestation, threatening the vast archipelago's ...",usnews.com,Google Alert - pellet fuel,https://www.usnews.com/news/world/articles/2026-09-13/japans-biomass-energy-boom-threatens-further-deforestation-in-indonesia,,,,"tag:google.com,2013:googlealerts/feed:13009894429323506505",
2026-09-14,(rss),2026-09-14 07:57:03,Scientists Turn Common Plastic Waste Into Fuel Using Heated Salts - SciTechDaily,... gasoline- and diesel-like fuels for ... Deodorized refuse derived and pellet fuel production through liquid smoke and drying treatment.,scitechdaily.com,Google Alert - pellet fuel,https://scitechdaily.com/scientists-turn-common-plastic-waste-into-fuel-using-heated-salts/,,,,"tag:google.com,2013:googlealerts/feed:13392564459417071817",
2026-09-14,(rss),2026-09-14 04:04:21,Valmet improves heat recovery and energy efficiency at Helen's Salmisaari pellet heating ...,"Valmet will deliver a flue gas condensing plant to Helen's Salmisaari K6 pellet heating plant in Helsinki, Finland. ... fuel . The new system recovers ...",pandct.com,Google Alert - pellet fuel,https://www.pandct.com/news/valmet-improves-heat-recovery-and-energy-efficiency-at-helens-salmisaari-pellet-heating-plant-in-finland,,,,"tag:google.com,2013:googlealerts/feed:14988600472588102517",
2026-09-14,(rss),2026-09-14 17:45:30,See how mass timber could help Canada build its way out of a housing crisis,"Perkins&Will has published research proposing a scalable prefabricated modular mass timber system to deliver high-quality homes quicker, ...",architectandinteriorsindia.com,Google Alert - modular mass timber,https://www.architectandinteriorsindia.com/news/see-how-mass-timber-could-help-canada-build-its-way-out-of-a-housing-crisis,,,,"tag:google.com,2013:googlealerts/feed:4888482637370039004",
2026-09-14,(rss),2026-09-14 21:35:49,Bildt: Hietpas named Director of Manufacturing for Bildt - WisBusiness,"... building components to fully volumetric, permanent modular buildings . By leveraging the efficiencies of industrialized construction, Bildt ...",wisbusiness.com,Google Alert - modular construction,https://www.wisbusiness.com/2026/bildt-hietpas-named-director-of-manufacturing-for-bildt/,,,,"tag:google.com,2013:googlealerts/feed:15387623397103443036",
2026-09-14,(rss),2026-09-14 18:56:58,Hallandale Beach to consider modular affordable housing - South Florida Business Journal,"If approved, Vessel Technologies would develop two five-story multifamily buildings : a 23-unit project at 128-132 S.E. Second Terrace and a 30-unit ...",bizjournals.com,Google Alert - modular construction,https://www.bizjournals.com/southflorida/news/2026/09/14/hallandale-beach-vessel-technologies-resolutions.html,,,,"tag:google.com,2013:googlealerts/feed:6983798332425775169",
2026-09-14,(rss),2026-09-14 18:11:23,Precast Concrete Barriers Market Outlook to 2035 - News and Statistics - IndexBox,"Midland, Virginia, USA, Precast concrete barriers, modular buildings , Mid-sized, Licensed precast systems nationwide. 25, Shea Concrete Products ...",indexbox.io,Google Alert - modular construction,https://www.indexbox.io/blog/precast-concrete-barriers-market-outlook-to-2035/,,,,"tag:google.com,2013:googlealerts/feed:6180251904560664511",
2026-09-14,(rss),2026-09-14 17:21:27,Fast Company Recognizes Three HOK Projects with Innovation by Design Awards,"Fast Company recognized HOK's DFW Airport modular construction , Avicii Arena and Roig Arena in its 2026 Innovation by Design Awards.",hok.com,Google Alert - modular construction,https://www.hok.com/news/2026-09/fast-company-recognizes-three-hok-projects-with-innovation-by-design-awards/,,,,"tag:google.com,2013:googlealerts/feed:2475962993950203870",
2026-09-14,(rss),2026-09-14 16:47:33,"After the fire, a Jasper hotelier is building the hotel he long envisioned - News","... modular construction method used in the current build of The Robson. // Bob Covey. “We had a lot of great repeat business, a lot of customers that ...",jasperlocal.com,Google Alert - modular construction,https://www.jasperlocal.com/2026/09/14/after-the-fire-a-jasper-hotelier-is-building-the-hotel-he-long-envisioned/,,,,"tag:google.com,2013:googlealerts/feed:1109920753102081198",
2026-09-14,(rss),2026-09-14 16:18:39,Technip Energies launches modular 1.5-MTPA LNG solution,He said the combination of standardized technology and modular construction is intended to improve project economics and reduce execution risk.,compressortech2.com,Google Alert - modular construction,https://www.compressortech2.com/news/technip-energies-launches-modular-15-mtpa-lng-solution/8131173.article,,,,"tag:google.com,2013:googlealerts/feed:10820422029747716064",
2026-09-14,(rss),2026-09-14 15:06:35,Horse-mounted ecological regeneration system among projects by IE University - Dezeen,"""A modular construction system inserts sleeping units, practice rooms, and performance spaces into the historic building, turning an unavoidable ...",dezeen.com,Google Alert - modular construction,https://www.dezeen.com/2026/09/14/horse-mounted-ecological-regeneration-system-ie-university-schoolshows/,,,,"tag:google.com,2013:googlealerts/feed:16106879223996353455",
2026-09-14,(rss),2026-09-14 13:50:14,Osbit Wins Jan De Nul Contract To Build Next-Generation Shallow Water Trencher,Its modular construction allows the trencher to be dismantled into containerized sections for rapid transportation and mobilization between sites.,oceannews.com,Google Alert - modular construction,https://oceannews.com/news/milestones/osbit-wins-jan-de-nul-contract-to-build-next-generation-shallow-water-trencher/,,,,"tag:google.com,2013:googlealerts/feed:7211975510862028278",
2026-09-14,(rss),2026-09-14 13:13:10,"If You're Still Holding NuScale, Here's 1 Catalyst That Might Make You Sell",NuScale Power(NYSE: SMR) may soon begin construction on the world's largest small modular reactor (SMR) nuclear facility. SMRs are essentially ...,theglobeandmail.com,Google Alert - modular construction,https://www.theglobeandmail.com/investing/markets/stocks/NVDA-Q/pressreleases/4589075/if-you-re-still-holding-nuscale-here-s-1-catalyst-that-might-make-you-sell/,,,,"tag:google.com,2013:googlealerts/feed:163803036696148666",
2026-09-14,(rss),2026-09-14 12:54:33,"Sunbelt Modular Partners with Titan Modular Systems, Apollo Modular Systems, Spartan ...","PHOENIX, September 14, 2026--Sunbelt Modular, Inc. a leading producer of high-quality modular building solutions, has announced its merger with ...",finance.yahoo.com,Google Alert - modular construction,https://finance.yahoo.com/real-estate/articles/sunbelt-modular-partners-titan-modular-120000192.html,,,,"tag:google.com,2013:googlealerts/feed:6656646467832972980",
2026-09-14,(rss),2026-09-14 11:45:25,Brazil Potash Reduces Upfront Capex with 28-Year Construction & Backup Power Contract,"A 20 MW modular diesel power plant is expected to supply electricity for the construction of two mine shafts, the processing plant, and the port/t ...",markets.businessinsider.com,Google Alert - modular construction,https://markets.businessinsider.com/news/stocks/brazil-potash-reduces-upfront-capex-with-28-year-construction-backup-power-contract-1036542540,,,,"tag:google.com,2013:googlealerts/feed:16689503488673792917",
2026-09-14,(rss),2026-09-14 11:43:08,"Prefabricated Construction Market Size, Share & Trends Analysis - Yahoo Finance UK","Modular construction represents the largest revenue contributor, reflecting its use of complete room-sized factory-built units that deliver the ...",uk.finance.yahoo.com,Google Alert - modular construction,https://uk.finance.yahoo.com/news/prefabricated-construction-market-size-share-112900643.html,,,,"tag:google.com,2013:googlealerts/feed:9679192383818931043",
2026-09-14,(rss),2026-09-14 11:17:40,Brazil Potash Signs 28-Year Modular Power Agreement for Autazes Project with Gera Center,"This power plant will initially support the construction of mine shafts, a processing plant, and a port/terminal, covering a five-year construction ...",quiverquant.com,Google Alert - modular construction,https://www.quiverquant.com/news/Brazil+Potash+Signs+28-Year+Modular+Power+Agreement+for+Autazes+Project+with+Gera+Center,,,,"tag:google.com,2013:googlealerts/feed:4141312615610157953",
2026-09-14,(rss),2026-09-14 10:26:57,"Jan De Nul: Meet Crayfish, our latest trencher under construction - DredgeWire","Lightweight and modular design. Like our Swordfish, which we use to bury cables in deep waters, we ordered Crayfish from British engineering company ...",dredgewire.com,Google Alert - modular construction,https://dredgewire.com/jan-de-nul-meet-crayfish-our-latest-trencher-under-construction/,,,,"tag:google.com,2013:googlealerts/feed:11347409331373390979",
2026-09-14,(rss),2026-09-14 10:24:24,NEPO launches £800m building materials framework - Construction News,"The North East Procurement Organisation (NEPO) has launched an £800m framework covering building materials, managed stores and modular buildings ...",constructionnews.co.uk,Google Alert - modular construction,https://www.constructionnews.co.uk/contracts/nepo-launches-800m-building-materials-framework-14-09-2026/,,,,"tag:google.com,2013:googlealerts/feed:10653740513212798554",
2026-09-14,(rss),2026-09-14 09:33:09,"Samsung, SK-Backed Cleanroom Firms See Earnings Boost From Chip Investment - The Elec Inc.",It provides turnkey services for the entire cleanroom process excluding building construction ... It uses a modular construction method in which utility ...,thelec.net,Google Alert - modular construction,https://www.thelec.net/news/articleView.html?idxno=13902,,,,"tag:google.com,2013:googlealerts/feed:8811912431911169230",
2026-09-14,(rss),2026-09-14 17:07:20,New guidance to tackle moisture risk in mass timber buildings | News - Building Design,"... Mass Timber Insurance Playbook. An international steering group made up of representatives from the insurance, construction and timber sectors ...",bdonline.co.uk,Google Alert - mass timber group,https://www.bdonline.co.uk/buildings-design-and-specification/new-guidance-to-tackle-moisture-risk-in-mass-timber-buildings/5143857.article,,,,"tag:google.com,2013:googlealerts/feed:5571915442954451216",
2026-09-14,(rss),2026-09-14 21:47:02,"LUMBER ) Unaudited Financial Statements For the First Quarter Ended July 31, 2026",Chart Lumber Depot Limited. LUMBER : Dynamic Chart. Income Statement and Estimates. More financial data · Stock Market · Stock Market News; Lumber ...,marketscreener.com,Google Alert - lumber market,https://www.marketscreener.com/news/lumber-depot-lumber-unaudited-financial-statements-for-the-first-quarter-ended-july-31-2026-ce785bdcd180f72c,,,,"tag:google.com,2013:googlealerts/feed:2045694433851783361",
2026-09-14,(rss),2026-09-14 17:04:51,Lumber Hits 4-week High — TradingView News,"Lumber increased to 584.50 USD/1000 board feet, the highest since ... Select market data provided by ICE Data Services. Select reference data ...",tradingview.com,Google Alert - lumber market,https://www.tradingview.com/news/te_news:583581:0-lumber-hits-4-week-high/,,,,"tag:google.com,2013:googlealerts/feed:715395405653984314",
2026-09-14,(rss),2026-09-14 20:37:51,"WSP investigating viral video of car driving in I-90 bike, pedestrian trail - KOMO News",At least 1 dead after logging truck crash on SR 530; road fully blocked in both directions. A collision on State Route 530 has shut down traffic in ...,komonews.com,Google Alert - logging truck,https://komonews.com/news/local/wsp-investigating-now-viral-video-of-car-in-i-90-bike-pedestrian-trail-speeding-safety-traffic-commute-bridge-seattle-bellvue-witness-dash-cam-investigation-crash-injury-driver,,,,"tag:google.com,2013:googlealerts/feed:8484560644811383990",
2026-09-14,(rss),2026-09-14 18:48:09,"Wrong Repair Prompts Recall of Freightliner, Western Star 4x2 Trucks","Daimler Truck North America is recalling 2,404 Freightliner Cascadia and Western Star 49X trucks ... Electronic Logging Devices (ELDs) · Equipment ...",truckinginfo.com,Google Alert - logging truck,https://www.truckinginfo.com/news/wrong-repair-prompts-recall-of-freightliner-western-star-4x2-trucks,,,,"tag:google.com,2013:googlealerts/feed:18354614393793469398",
2026-09-14,(rss),2026-09-14 18:16:24,Why More Pickup Truck Drivers Are Adding a Dash Cam to Their Rig,"... logging , and a parking mode that keeps recording while the truck sits. Daily drivers can get by with a solid front-and-rear setup, while trucks ...",pickuptrucktalk.com,Google Alert - logging truck,https://pickuptrucktalk.com/2026/09/why-more-pickup-truck-drivers-are-adding-a-dash-cam-to-their-rig/,,,,"tag:google.com,2013:googlealerts/feed:14250958844456610700",
2026-09-14,(rss),2026-09-14 18:11:45,"'Tragic collision': Log truck and vehicle crash on SR 530 near Arlington kills at least 1, road ...",A fatal collision is blocking both directions of SR 530 in Arlington on Monday after a log truck and a vehicle collided.,mynorthwest.com,Google Alert - logging truck,https://mynorthwest.com/chokepoints/arlington-log-truck-sr-530/4275852,,,,"tag:google.com,2013:googlealerts/feed:2788653652771482934",
2026-09-14,(rss),2026-09-14 17:21:13,Deadly crash involving log truck causes delays on SR 530 | FOX 13 Seattle,"A deadly crash involving a log truck in Arlington has blocked both directions of State Route 530 at Arlington-Darrington Road, according to the ...",fox13seattle.com,Google Alert - logging truck,https://www.fox13seattle.com/news/deadly-crash-sr-530,,,,"tag:google.com,2013:googlealerts/feed:11430094110244379440",
2026-09-14,(rss),2026-09-14 17:08:01,At least 1 dead after logging truck crash on SR 530; road fully blocked in both directions,"KOMO 4 TV provides news, sports, weather and local event coverage in the Seattle, Washington area including Bellevue, Redmond, Renton, Kent, ...",komonews.com,Google Alert - logging truck,https://komonews.com/news/local/gallery/at-least-1-dead-after-logging-truck-car-crash-on-sr-530-road-fully-blocked-traffic-commute-wsp-deadly-collision-arlington-oso-morning,,,,"tag:google.com,2013:googlealerts/feed:11558856884219943664",
2026-09-14,(rss),2026-09-14 17:06:15,SR 530 blocked near Arlington after crash involving log truck - Yahoo,"Both directions of State Route 530 are blocked because of a crash involving a log truck . According to troopers with Washington State Patrol, the ...",yahoo.com,Google Alert - logging truck,https://www.yahoo.com/news/articles/sr-530-blocked-near-arlington-163731943.html,,,,"tag:google.com,2013:googlealerts/feed:3107150341693328548",
2026-09-14,(rss),2026-09-14 16:43:17,SR 530 blocked near Arlington after crash involving log truck – KIRO 7 News Seattle,Both directions of State Route 530 are blocked because of a crash involving a log truck .,kiro7.com,Google Alert - logging truck,https://www.kiro7.com/news/local/sr-530-blocked-near-arlington-after-crash-involving-log-truck/KK6QPMQE35EOPMAVBFBMNWROFU/,,,,"tag:google.com,2013:googlealerts/feed:7721611753572690106",
2026-09-14,(rss),2026-09-14 16:32:43,Trucking crash shaped hockey legend Dave Bellamy's future - Prince George Citizen,A logging truck accident in 1970 led Dave Bellamy to form Coyote Trucking. ... logging trucks . The deal was approved and that's how he started ...,princegeorgecitizen.com,Google Alert - logging truck,https://www.princegeorgecitizen.com/local-news/trucking-crash-shaped-hockey-legend-dave-bellamys-future-12740870,,,,"tag:google.com,2013:googlealerts/feed:16934335236992416831",
2026-09-14,(rss),2026-09-14 16:20:29,SR 530 fully blocked east of Arlington after serious-injury crash involving log truck,"ARLINGTON, Wash. — Both directions of state Route 530 are blocked east of Arlington after a serious-injury crash involving a log truck and another ...",king5.com,Google Alert - logging truck,https://www.king5.com/article/traffic/traffic-news/sr-530-blocked-arlington-crash-log-truck/281-5cea1ebf-7514-4fd6-9b97-c1039387743e,,,,"tag:google.com,2013:googlealerts/feed:2410996084250778704",
2026-09-14,(rss),2026-09-14 15:50:45,Crash involving logging truck closes Highway 530 - HeraldNet.com,"EVERETT — A crash between a logging truck and a vehicle closed Highway 530 on Monday morning. Starting around 7:30 a.m., both directions of the ...",heraldnet.com,Google Alert - logging truck,https://www.heraldnet.com/2026/09/14/crash-involving-logging-truck-closes-highway-530/,,,,"tag:google.com,2013:googlealerts/feed:6980537199021696711",
2026-09-14,(rss),2026-09-14 11:34:23,"Cow collision, toppled vehicle among busy week for Rosetown RCMP - WestCentralOnline",STARS responds after logging truck crash near Rosetown. Two-vehicle collision near Harris. Another collision was reported near Harris on Sept. 7 ...,westcentralonline.com,Google Alert - logging truck,https://westcentralonline.com/articles/cow-collision-toppled-vehicle-among-busy-week-for-rosetown-rcmp,,,,"tag:google.com,2013:googlealerts/feed:9109766805419859901",
2026-09-14,(rss),2026-09-14 10:34:34,IL: No Crime Suspected in Death of 15-Year-Old Moped Boy - Ground News,... Log Truck Is Not Suspected of the Crime. Police have caught up with the driver of a logging truck involved in an accident that killed a 15-year-old ...,ground.news,Google Alert - logging truck,https://ground.news/article/il-no-crime-suspected-in-death-of-15-year-old-moped-boy,,,,"tag:google.com,2013:googlealerts/feed:1160305372567752616",
2026-09-14,(rss),2026-09-14 23:09:40,Unifor members ratify the new Eastern Canada forestry pattern agreement - AOL.com,"The agreement comes at a particularly critical time for Canada's forestry industry . For several months, the sector has borne the brunt of the trade ...",aol.com,Google Alert - logging industry,https://www.aol.com/articles/unifor-members-ratify-eastern-canada-110000000.html,,,,"tag:google.com,2013:googlealerts/feed:1707578906132010025",
2026-09-14,(rss),2026-09-14 16:36:02,Trump's Roadless Rule Repeal Meets 25 Years of Court Precedent - Wood Central,"Speaking for the trees. On Jan. 8, 2001, three days after the original Roadless Rule was published, the timber industry , the Kootenai Tribe and ...",woodcentral.com.au,Google Alert - logging industry,https://woodcentral.com.au/roadless-rule-court-challenge/,,,,"tag:google.com,2013:googlealerts/feed:5327536960386008101",
2026-09-14,(rss),2026-09-14 14:49:52,Historic White Pine Village to host logging encampment Oct. 3 | MasonCountyPress.com,... industries . The program will recreate elements of a Michigan logging encampment and offer visitors a hands-on look at an industry that played a ...,masoncountypress.com,Google Alert - logging industry,https://www.masoncountypress.com/2026/09/14/historic-white-pine-village-to-host-logging-encampment-oct-3/,,,,"tag:google.com,2013:googlealerts/feed:7892453323474714883",
2026-09-14,(rss),2026-09-14 07:27:48,Japan's biomass energy boom threatens further deforestation in Indonesia - Stamford Advocate,"FILE - A man inspects logs near several wood pellet production companies in Pohuwato, Gorontalo province, Indonesia, Oct. 22, 2024. Yegar Sahaduta ...",stamfordadvocate.com,Google Alert - logging industry,https://www.stamfordadvocate.com/news/world/article/japan-s-biomass-energy-boom-threatens-further-22430345.php,,,,"tag:google.com,2013:googlealerts/feed:16690670093180565925",
2026-09-14,(rss),2026-09-14 16:16:14,Audit shows no tampering in Milwaukee election error - Wisconsin Law Journal,"Audit logs show officials mistakenly selected “ export audit log ” instead of “ export files,” and experts found no evidence that ballots or vote ...",wislawjournal.com,Google Alert - log export,https://wislawjournal.com/2026/09/14/audit-shows-no-tampering-in-milwaukee-election-error/,,,,"tag:google.com,2013:googlealerts/feed:9192272440608415305",
2026-09-14,(rss),2026-09-14 21:44:23,'Looking at the forest as a crop': Trump admin's logging rule would expose Shawnee Forest,A Trump administration proposal could open protected areas of Illinois' Shawnee National Forest to logging and drilling.,capitolnewsillinois.com,Google Alert - forestry,https://capitolnewsillinois.com/news/looking-at-the-forest-as-a-crop-trump-admins-logging-rule-would-expose-shawnee-forest/,,,,"tag:google.com,2013:googlealerts/feed:1398118577408484379",
2026-09-14,(rss),2026-09-14 18:57:59,Forest fire smoke reduces bird diversity - ETH Zürich,"For ecosystems, a forest fire does not end where the flames stop. A new study shows that the smoke reduces bird diversity even outside the areas ...",ethz.ch,Google Alert - forestry,https://ethz.ch/en/news-and-events/eth-news/news/2026/09/forest-fire-smoke-reduces-bird-diversity.html,,,,"tag:google.com,2013:googlealerts/feed:334656225003736151",
2026-09-14,(rss),2026-09-14 18:56:18,Forestry program proves an early hit at Priest River Lamanna High School - Yahoo,"Grabbing a nearby chainsaw after the first failed to start, Priest River Lamanna forestry teacher Jared Hughes turned to the ribbon stretched ...",yahoo.com,Google Alert - forestry,https://www.yahoo.com/news/articles/forestry-program-proves-early-hit-171310260.html,,,,"tag:google.com,2013:googlealerts/feed:3096770672231700872",
2026-09-14,(rss),2026-09-14 18:54:06,Conservation Officers Monitoring Black Bear Activity in Pasadena - News Releases,"The Department of Forestry , Agriculture and Lands is monitoring reports of black bears in the Town of Pasadena.",gov.nl.ca,Google Alert - forestry,https://www.gov.nl.ca/releases/2026/fal/0914n02/,,,,"tag:google.com,2013:googlealerts/feed:10258837527650778608",
2026-09-14,(rss),2026-09-14 18:35:11,UNESCO vocational training helps communities build livelihoods while,"UNESCO vocational training helps communities build livelihoods while protecting Madagascar's forests . In Madagascar's Sava region, giving youth ...",unesco.org,Google Alert - forestry,https://www.unesco.org/en/articles/unesco-vocational-training-helps-communities-build-livelihoods-while-protecting-madagascars-forests,,,,"tag:google.com,2013:googlealerts/feed:2078854763778626255",
2026-09-14,(rss),2026-09-14 18:19:36,Applications open for fall Governor's Agriculture and Forestry Industries Development ... - WSLS 10,"The application period for the fall 2026 Governor's Agriculture and Forestry Industries Development Infrastructure Grant program is now open, ...",wsls.com,Google Alert - forestry,https://www.wsls.com/news/local/2026/09/14/applications-open-for-fall-governors-agriculture-and-forestry-industries-development-infrastructure-grant-program/,,,,"tag:google.com,2013:googlealerts/feed:1718426003619329868",
2026-09-14,(rss),2026-09-14 17:56:21,"Roughly 16 acres burned after Baldwin County camper fire extends into woods, fire rescue says","According to the Georgia Forestry Commission, the fire — located on Baldwin Linton Road — would eventually stretch to 16.3 acres before being mopped ...",13wmaz.com,Google Alert - forestry,https://www.13wmaz.com/article/news/local/milledgeville/roughly-16-acres-burn-baldwin-county-camper-fire-extends-into-woods/93-93c55f96-74f5-4e0d-a85f-d4d29544d54b,,,,"tag:google.com,2013:googlealerts/feed:4787197805373599170",
2026-09-14,(rss),2026-09-14 17:30:30,Speak Up for Wild Forests : Tell the Forest Service to Preserve the Roadless Rule,"In Utah, the Roadless Rule protects roughly 4 million acres of forest —from the Wasatch Front to the West Desert to southern Utah's redrock forests — ...",suwa.org,Google Alert - forestry,https://suwa.org/speak-up-for-wild-forests-tell-the-forest-service-to-preserve-the-roadless-rule/,,,,"tag:google.com,2013:googlealerts/feed:7938569405520188668",
2026-09-14,(rss),2026-09-14 17:10:29,"""They're more closely related to woolly mammoths than they are to African elephants…"" Just ...",African forest elephants (Loxodonta cyclotis) inhabit the dense tropical forests of Central and West Africa. Meanwhile Asian elephants live in South ...,discoverwildlife.com,Google Alert - forestry,https://www.discoverwildlife.com/animal-facts/mammals/asian-vsafrican-elephants,,,,"tag:google.com,2013:googlealerts/feed:6613396036424290428",
2026-09-14,(rss),2026-09-14 16:57:38,How tree diversity helps protect forests from climate threats | National - HomeTown Register,"Researchers found that planting a range of tree species can play a ""crucial"" role in protecting forests from common extreme weather events.",hometownregister.com,Google Alert - forestry,https://www.hometownregister.com/news/national/how-tree-diversity-helps-protect-forests-from-climate-threats/article_b5e06f07-4db1-512c-a54d-fcede999eeec.html,,,,"tag:google.com,2013:googlealerts/feed:13640814741129349199",
2026-09-14,(rss),2026-09-14 16:45:11,Opinion| South Sudan's vanishing forests : Communities must lead the fight to save them,South Sudan is blessed with vast forests and woodlands that sustain millions of people and support some of the country's most valuable ecosystems.,radiotamazuj.org,Google Alert - forestry,https://www.radiotamazuj.org/en/news/article/south-sudans-vanishing-forests-communities-must-lead-the-fight-to-save-them,,,,"tag:google.com,2013:googlealerts/feed:9196534629471758336",
2026-09-14,(rss),2026-09-14 16:40:05,Effects of Leguminous Shrubs on Maize Yield and Soil Properties in Alley Cropping Practice ...,EANSO - East African Journal of Forestry and Agroforestry (EAJFA) Logo · East African Journal of Forestry and Agroforestry. Print ISSN: 2707-4315 ...,journals.eanso.org,Google Alert - forestry,https://journals.eanso.org/index.php/eajfa/article/view/5780,,,,"tag:google.com,2013:googlealerts/feed:11142527496847747224",
2026-09-14,(rss),2026-09-14 16:34:25,Thick haze disrupts flights on Indonesia's Borneo island - ABC News,Thick smoke from forest fires has disrupted flights in Indonesia's West Kalimantan province. ByEDNA TARIGAN Associated Press and ANDI JATMIKO ...,abcnews.com,Google Alert - forestry,https://abcnews.com/International/wireStory/thick-haze-disrupts-flights-indonesias-borneo-island-136417452,,,,"tag:google.com,2013:googlealerts/feed:2566628943560828529",
2026-09-14,(rss),2026-09-14 16:23:09,Orange County Begins Work on First Urban Forest Master Plan,"Orange County, FL – Orange County has begun work on its first Urban Forest Master Plan, a long-term roadmap that will shape how trees are planted, ...",newsroom.ocfl.net,Google Alert - forestry,https://newsroom.ocfl.net/media-advisories/press-releases/2026/09/orange-county-begins-work-on-first-urban-forest-master-plan/,,,,"tag:google.com,2013:googlealerts/feed:8810984623899369025",
2026-09-14,(rss),2026-09-14 16:23:00,U.S. Forest Service to close 23 research stations in agency overhaul - FireRescue1,"The Forest Service says closing 23 research facilities and other offices will save about $16 million, while research will continue at other ...",firerescue1.com,Google Alert - forestry,https://www.firerescue1.com/wildfire-and-wildland-urban-interface/u-s-forest-service-to-close-23-research-stations-in-agency-overhaul,,,,"tag:google.com,2013:googlealerts/feed:12349666427065388903",
2026-09-14,(rss),2026-09-14 17:01:22,York Park's Timber -Concrete Stand Rises One Year After Demolition - Wood Central,"Footage courtesy of Premier Jeremy Rockliff. The redevelopment carries mass timber glulam columns and beams across the new Centre West Stand facade, ...",woodcentral.com.au,Google Alert - glulaminated timber,https://woodcentral.com.au/timber-concrete-grandstand/,,,,"tag:google.com,2013:googlealerts/feed:8205446847483537899",
2026-09-14,(rss),2026-09-14 17:30:05,Hut-spot Pavilion | m²ft architects - Archinect,"... forest's cycle, a tangible memory of its vegetation: a constructed section of the ... Additional Credits: Forestry consultant : Beatrice Tesei ...",archinect.com,Google Alert - forestry consultant,https://archinect.com/firms/project/150164381/hut-spot-pavilion/150565296,,,,"tag:google.com,2013:googlealerts/feed:11546899861305258058",
2026-09-14,(rss),2026-09-14 15:04:46,The Essential Guide to Grand Mesa National Forest - Travel + Leisure,"The 63-mile Grand Mesa Scenic and Historic Byway passes through desert canyons, valleys, evergreen forests , and mountain landscapes. Visitors can hike ...",travelandleisure.com,Google Alert - forest products,https://www.travelandleisure.com/grand-mesa-national-forest-guide-12115153,,,,"tag:google.com,2013:googlealerts/feed:6687186356347482479",
2026-09-14,(rss),2026-09-14 14:34:11,FSC at the 28th session of the Committee on Forestry (COFO) - Forest Stewardship Council,... forest products . Certifications and Licenses. Chain of Custody ... Sustainable forestry Forest management Why forests matter. Learning Centre.,fsc.org,Google Alert - forest products,https://fsc.org/en/fsc-at-the-28th-session-of-the-committee-on-forestry-cofo,,,,"tag:google.com,2013:googlealerts/feed:13195612380889291671",
2026-09-14,(rss),2026-09-14 14:32:43,Longleaf 101 workshop for landowners in south carolina september 28 30 - Facebook,... products – Converting to longleaf ... Forestry Council Kentucky Division of Forestry Georgia Forestry Commission Forest floor narrative.,facebook.com,Google Alert - forest products,https://www.facebook.com/ForestryCommish/posts/calling-landowners-and-professionals-interested-in-starting-or-enhancing-your-lo/1490656743108217/,,,,"tag:google.com,2013:googlealerts/feed:3779380610689533640",
2026-09-14,(rss),2026-09-14 13:27:42,A Sample Grant Proposals On“ Community-Based Carbon Monitoring and Forest Protection”,"... timber or non-timber forest products . By diversifying income streams, communities are less likely to resort to destructive practices that harm forests ...",fundsforngos.org,Google Alert - forest products,https://www.fundsforngos.org/all-proposals/a-sample-grant-proposals-on-community-based-carbon-monitoring-and-forest-protection/,,,,"tag:google.com,2013:googlealerts/feed:17913129854793583543",
2026-09-14,(rss),2026-09-14 11:50:58,One Nation Hardwood Case Follows the Senate Vote | Wood Central,... forestry and forest products jobs in New South Wales ride on it. That ... Exterior Products Interior Products Structural Products · Sustainable ...,woodcentral.com.au,Google Alert - forest products,https://woodcentral.com.au/one-nation-hardwood-supply-chain/,,,,"tag:google.com,2013:googlealerts/feed:3141583338911125798",
2026-09-14,(rss),2026-09-14 11:41:20,Welcome to Canada Inc. - POLITICO,"Canada's forest products sector is delivering what Canadians want: domestic manufacturing, reliable supply chains, private investment, and good jobs ...",politico.com,Google Alert - forest products,https://www.politico.com/newsletters/canada-playbook/2026/09/14/welcome-to-canada-inc-01074054,,,,"tag:google.com,2013:googlealerts/feed:11368406677761414010",
2026-09-14,(rss),2026-09-14 10:45:05,Lai Chau ginseng development gains momentum - VietNamNet,... forest -based economy. The province is seeking to turn Lai Chau ginseng into a strategic product while laying the groundwork for its wider ...,vietnamnet.vn,Google Alert - forest products,https://vietnamnet.vn/en/lai-chau-ginseng-development-gains-momentum-2554969.html,,,,"tag:google.com,2013:googlealerts/feed:2406420856251178596",
2026-09-14,(rss),2026-09-14 10:44:48,"Twain Lumber Company Invests $7.4 Million to Reopen Sawmill in Virginia, Creating 74 Jobs",This move is set to create 74 jobs and will lead the company to purchase over $51.2 million of Virginia-grown forest products over the next three ...,news.fundsforngos.org,Google Alert - forest products,https://news.fundsforngos.org/2026/09/14/twain-lumber-reopens-virginia-sawmill-7-4m-investment/,,,,"tag:google.com,2013:googlealerts/feed:17565250413532702823",
2026-09-14,(rss),2026-09-14 17:37:55,'We have more deer than our forests can support': Norwich walk highlights browse damage,"During the event, foresters discussed other management strategies to help promote forest regeneration. Attendees visited a sample deer exclosure ...",vnews.com,Google Alert - forest management,https://vnews.com/2026/09/14/we-have-more-deer-than-our-forests-can-support-norwich-walk-highlights-browse-damage/,,,,"tag:google.com,2013:googlealerts/feed:17392333201435754686",
2026-09-14,(rss),2026-09-14 17:36:28,Federal Agencies Split On E-Bike Rules For Public Lands | Legis1,"In August 2019, the Interior Department issued Secretary's Order 3376 directing the Bureau of Land Management ... The Forest Service took a ...",legis1.com,Google Alert - forest management,https://legis1.com/news/e-bike-rules-public-lands-federal-agencies-split,,,,"tag:google.com,2013:googlealerts/feed:8172622940040252511",
2026-09-14,(rss),2026-09-14 17:26:30,MDC to host free program in Albany on forest and woodland management,The Missouri Department of Conservation will offer a free program for area landowners and land managers interested in forest and woodland ...,kttn.com,Google Alert - forest management,https://www.kttn.com/mdc-to-host-free-program-in-albany-on-forest-and-woodland-management/,,,,"tag:google.com,2013:googlealerts/feed:2711695113998238963",
2026-09-14,(rss),2026-09-14 17:17:28,Newmark Arranges Sale of 312-Unit Luxury Multifamily Community Forest View in Gainesville Florida,"Newmark Executive Managing Director Ryan Moody, Vice Chairman Scott Ramey and Director Eric Gfesser represented the seller, Coastline Management Group ...",yieldpro.com,Google Alert - forest management,https://yieldpro.com/2026/09/forest-view/,,,,"tag:google.com,2013:googlealerts/feed:9483698349917894400",
2026-09-14,(rss),2026-09-14 16:37:49,WRITERS ON THE RANGE: Oregon forests are test case for stripping protections,"In defending the move to repeal the Roadless Rule, Forest Service Chief Tom Schultz said that management of roadless areas would go through a “ ...",hillsboronewstimes.com,Google Alert - forest management,https://hillsboronewstimes.com/2026/09/14/writers-on-the-range-oregon-forests-are-test-case-for-stripping-protections/,,,,"tag:google.com,2013:googlealerts/feed:14510032400073180321",
2026-09-14,(rss),2026-09-14 16:09:22,PGS Group and Lecaro form joint venture in Dutch pallet market | Fordaq News,Read Next. Forestry. Germany increases climate-adapted forest management funding to €200m. Germany increases climate-adapted forest management ...,fordaq.com,Google Alert - forest management,https://www.fordaq.com/news/PGS_Group_and_Lecaro_form_125983.html,,,,"tag:google.com,2013:googlealerts/feed:1964148032237119228",
2026-09-14,(rss),2026-09-14 16:05:52,What Teddy Roosevelt Knew and Trump Doesn't Get: Public Lands Need Science,"Today, the Trump administration continues to take a chainsaw to forestry research, federal land management agencies, and the scientific workforce that ...",blog.ucs.org,Google Alert - forest management,https://blog.ucs.org/julian-reyes/what-teddy-roosevelt-knew-and-trump-doesnt-get-public-lands-need-science/,,,,"tag:google.com,2013:googlealerts/feed:17700408418761166910",
2026-09-14,(rss),2026-09-14 16:00:11,The Oregon Department of Forestry received federal approval to manage state forests under ...,The Oregon Department of Forestry received federal approval to manage state forests under a new conservation plan that protects 10 fish species ...,facebook.com,Google Alert - forest management,https://www.facebook.com/KDRV12/posts/the-oregon-department-of-forestry-received-federal-approval-to-manage-state-fore/1707889628009957/,,,,"tag:google.com,2013:googlealerts/feed:14723492895273628295",
2026-09-14,(rss),2026-09-14 14:43:21,Clemson University dedicates state-of-the-art Forestry and Environmental Conservation building,"Mitchell S. “Micky” Scott '75 is a forest management alumnus and president of Collum's Lumber Products in Allendale, South Carolina. His wife, Amy ...",news.clemson.edu,Google Alert - forest management,https://news.clemson.edu/clemson-university-dedicates-state-of-the-art-forestry-and-environmental-conservation-building/,,,,"tag:google.com,2013:googlealerts/feed:16577207728084541966",
2026-09-14,(rss),2026-09-14 21:30:09,"Vernon man arrested for alleged $22,000 timber theft in Rapides | American Press",“Our enforcement agents will continue to investigate these complaints to protect landowners and Louisiana's forest resources.” Email newsletter ...,americanpress.com,Google Alert - forest landowner,https://americanpress.com/2026/09/14/vernon-man-arrested-for-alleged-22000-timber-theft-in-rapides/?utm_source=site&utm_medium=organic&utm_campaign=recirculation,,,,"tag:google.com,2013:googlealerts/feed:17688251904697497545",
2026-09-14,(rss),2026-09-14 19:27:19,Hunters Point: 755 Acres of Prime Oregon Hunting Country Hits the Market - Outdoor Wire,"Summer Lake property offers trophy mule deer hunting, landowner preference tags, national forest access and 755 deeded acres in one of Oregon's ...",theoutdoorwire.com,Google Alert - forest landowner,https://www.theoutdoorwire.com/releases/2026/09/hunters-point-755-acres-of-prime-oregon-hunting-country-hits-the-market,,,,"tag:google.com,2013:googlealerts/feed:12541777473763435327",
2026-09-14,(rss),2026-09-14 16:03:44,Texas A&M Forest Service offers funding for invasive plant management - MyParisTexas,"A total of $140000 is available through the program to reimburse landowners , organizations and municipalities across Texas for 75% of eligible ...",myparistexas.com,Google Alert - forest landowner,https://myparistexas.com/texas-am-forest-service-offers-funding-for-invasive-plant-management/,,,,"tag:google.com,2013:googlealerts/feed:15032945492755488621",
2026-09-14,(rss),2026-09-14 01:31:03,Korea Forest Service Cracks Down on Illegal Foraging Through October,"DAEJEON — ""Harvesting forest products without the landowner's consent is an illegal act that strips foresters of their livelihood."" The Korea Forest ...",en.sedaily.com,Google Alert - forest landowner,https://en.sedaily.com/society/2026/09/14/korea-forest-service-cracks-down-on-illegal-foraging,,,,"tag:google.com,2013:googlealerts/feed:9876878047652427967",
2026-09-14,(rss),2026-09-14 20:45:19,"DEC urges checks for tree diseases, seeks seeds for nursery - Watertown Daily Times",Residents who suspect oak wilt should send photos and location information to foresthealth @dec.ny.gov or submit a report to the DEC's Forest Health ...,nny360.com,Google Alert - forest health,https://www.nny360.com/life/outdoors/dec-urges-checks-for-tree-diseases-seeks-seeds-for-nursery/article_2b30f851-1960-5b1f-b7c9-2fc327181dab.html,,,,"tag:google.com,2013:googlealerts/feed:1474329409057807031",
2026-09-14,(rss),2026-09-14 19:18:05,A Dispatch from WY: From Fireline to Forest and Energy Policy,"Part of a TRCP series on wildfire, forest health , and what this fire season means for hunters and anglers. Dust and ash blotted out the sky as ...",trcp.org,Google Alert - forest health,https://www.trcp.org/2026/09/14/a-dispatch-from-wy-from-fireline-to-forest-and-energy-policy/,,,,"tag:google.com,2013:googlealerts/feed:13037127752054594240",
2026-09-14,(rss),2026-09-14 19:12:15,Prescribed burn planned 1 km from Deer Park - Nelson Star,"Key goals of this prescribed burn include: reducing ground fuel accumulations, restoring forest health and decreasing the risk of future catastrophic ...",nelsonstar.com,Google Alert - forest health,https://nelsonstar.com/2026/09/14/prescribed-burn-planned-1-km-from-deer-park/,,,,"tag:google.com,2013:googlealerts/feed:3654756281226402869",
2026-09-14,(rss),2026-09-14 16:05:46,Rytas Vilgalys Explores a Hidden World Under Our Feet | Duke Today,Duke: 'The Right Place at the Right Time' · How Fungi Are a Separate Kingdom of Life · The Complex Web Supporting Forest Health · From Basic Research to ...,today.duke.edu,Google Alert - forest health,https://today.duke.edu/2026/09/rytas-vilgalys-explores-hidden-world-under-our-feet,,,,"tag:google.com,2013:googlealerts/feed:14255562971878463641",
2026-09-14,(rss),2026-09-14 16:05:11,Letter: Roadless Rule deserves vigorous defense - The Daily Astorian,"... health of our forests should strongly oppose the repeal of the Roadless Rule. Enacted in 2001, it protects more than 58 million acres of forest ...",dailyastorian.com,Google Alert - forest health,https://dailyastorian.com/2026/09/14/letter-roadless-rule-deserves-vigorous-defense/,,,,"tag:google.com,2013:googlealerts/feed:14448150863440684690",
2026-09-14,(rss),2026-09-14 15:36:31,GORDON AND BETTY MOORE FOUNDATION SELECTS TAHOE FUND AS WILDFIRE ...,"... forest health , community preparedness, and wildfire resilience. “The Tahoe Fund is co-developing these Fire Smart Community Pilots with fire ...",tahoefund.org,Google Alert - forest health,https://www.tahoefund.org/news/gordon-and-betty-moore-foundation-selects-tahoe-fund-as-wildfire-resilience-initiative-partner/,,,,"tag:google.com,2013:googlealerts/feed:12580081273953790501",
2026-09-14,(rss),2026-09-14 15:31:28,Working across political divides to mitigate wildfires in Colorado | KiowaCountyPress.net,"... forest health , mitigate wildfire risks and strengthen community resilience. “Advancing Conservation Through Bipartisanship” examined the ongoing ...",kiowacountypress.net,Google Alert - forest health,https://kiowacountypress.net/content/working-across-political-divides-mitigate-wildfires-colorado,,,,"tag:google.com,2013:googlealerts/feed:3457997988172461167",
2026-09-14,(rss),2026-09-14 15:19:12,Oregon organization helps young people recover from psychosis | Forest Grove News-Times,"If you or someone you know may be experiencing a mental health crisis, contact the 988 Suicide & Crisis Lifeline by calling or texting “988” or ...",forestgrovenewstimes.com,Google Alert - forest health,https://forestgrovenewstimes.com/2026/09/14/oregon-organization-helps-young-people-recover-from-psychosis/,,,,"tag:google.com,2013:googlealerts/feed:7708903485483393314",
2026-09-14,(rss),2026-09-14 14:32:24,JCCPD: Missing woman found dead in Lake Powell Forest - YouTube,William Parker Senior Health · What a Stroke Looks Like the Day Before It Hits — Know This to Protect Yourself. Dr. William Parker Senior Health •416K ...,youtube.com,Google Alert - forest health,https://www.youtube.com/watch?v=VFvagjN5X88,,,,"tag:google.com,2013:googlealerts/feed:11677067372484531197",
2026-09-14,(rss),2026-09-14 14:24:06,Congress debates funding to fix U.S. public lands - WXPR,"Outdoors, Leisure, and SportsNational Forests forest health public landsWXPR News. Facebook; Twitter; LinkedIn; Email. Edwin J. Viera. Edwin J. Viera is ...",wxpr.org,Google Alert - forest health,https://www.wxpr.org/outdoors-leisure-and-sports/2026-09-14/congress-debates-funding-to-fix-u-s-public-lands?_amp=true,,,,"tag:google.com,2013:googlealerts/feed:10338847370853502825",
2026-09-14,(rss),2026-09-14 13:48:13,Wildland Fire Management merit badge digital resource guide is available and timely - On Scouting,"... forest health , habitat management and conservation. The guide also connects learning directly to current events and real-world wildfire management ...",onscouting.org,Google Alert - forest health,https://onscouting.org/2026/09/14/wildland-fire-management-merit-badge-digital-resource-guide-is-available-and-timely/,,,,"tag:google.com,2013:googlealerts/feed:10251717874666186824",
2026-09-14,(rss),2026-09-14 12:11:27,More schools close in Indonesia due to worsening haze from forest fires - YouTube,... health .” 9. Various of Putri Ramdhani learning at home through tablet ... forest and land fires.” 11. Wide of street of Palembang covered ...,youtube.com,Google Alert - forest health,https://www.youtube.com/watch?v=tr6-gZWW0bY,,,,"tag:google.com,2013:googlealerts/feed:1030182396594783486",
2026-09-14,(rss),2026-09-14 15:03:01,Sustainable building hub plans move a step closer - Project Scotland,"The proposed facility will be built using mass timber, glulam beam, and cross laminated timber infill panels. It will feature sawtooth north ...",projectscot.com,Google Alert - cross laminated timber,https://projectscot.com/2026/09/sustainable-building-hub-plans-move-a-step-closer/,,,,"tag:google.com,2013:googlealerts/feed:14637814356223942438",
2026-09-14,(rss),2026-09-14 13:01:53,Can Bamboo Become a Structural Material for Multi-Story Buildings? - AZoBuild,"... cross - laminated bamboo and timber panels, and the other made from flame-retardant veneer boards. Framed lightweight timber or bamboo shear walls ...",azobuild.com,Google Alert - cross laminated timber,https://www.azobuild.com/article.aspx?ArticleID=8821,,,,"tag:google.com,2013:googlealerts/feed:986018128852375683",
2026-09-14,(rss),2026-09-14 22:44:52,EIA: Wood biomass consumption for energy expected to increase nearly 5% in 2027,Biomass accounted for 1.97% of U.S. renewable electricity generation last year. Biomass was used to generate 20.5 billion kilowatt hours (kWh) of ...,biomassmagazine.com,Google Alert - biomass,https://biomassmagazine.com/articles/eia-wood-biomass-consumption-for-energy-expected-to-increase-nearly-5-in-2027,,,,"tag:google.com,2013:googlealerts/feed:15053721031525560586",
2026-09-14,(rss),2026-09-14 13:53:51,Japan's biomass energy boom threatens further deforestation in Indonesia - Phys.org,"""And most of the biomass product is for export, with Japan as the biggest destination."" As Japan's demand for Indonesian wood pellets skyrockets in an ...",phys.org,Google Alert - biomass,https://phys.org/news/2026-09-japan-biomass-energy-boom-threatens.html,,,,"tag:google.com,2013:googlealerts/feed:14611036083322591367",
2026-09-14,(rss),2026-09-14 12:40:40,"Green Science Alliance Developed Plant Biomass based, TPO & HEMA-free Vegan Gel Nail Polish","Green Science Alliance made plant-based and biomass -derived gel nail polish, formulated without TPO and HEMA. The product will be available on ...",sg.finance.yahoo.com,Google Alert - biomass,https://sg.finance.yahoo.com/news/green-science-alliance-developed-plant-123200574.html,,,,"tag:google.com,2013:googlealerts/feed:3936389473825491929",
2026-09-14,(rss),2026-09-14 11:00:28,Japan's biomass energy boom threatens further deforestation in Indonesia - WKRG,"They say burning wood-based biomass can emit more carbon than coal, and tree-cutting greatly reduces forests' ability to remove carbon from the ...",wkrg.com,Google Alert - biomass,https://www.wkrg.com/international/ap-japans-biomass-energy-boom-threatens-further-deforestation-in-indonesia/,,,,"tag:google.com,2013:googlealerts/feed:1550483909327113368",
2026-09-14,(rss),2026-09-14 09:33:53,Evaluating the Marginal Contribution of Remote Sensing for Forest Biomass Estimation ...,Combining remote sensing data with field inventory data is a common practice in estimation of forest Aboveground Biomass (AGB).,mdpi.com,Google Alert - biomass,https://www.mdpi.com/1999-4907/17/9/1094,,,,"tag:google.com,2013:googlealerts/feed:98483455134046956",
2026-09-14,(rss),2026-09-14 01:39:12,Indonesia Deforestation Biomass | Nation / World AP news of the day | chronicleonline.com,"FILE - Deforestation is visible near several wood pellet production companies in Pohuwato, Gorontalo province, Indonesia, Oct. 22, 2024.",chronicleonline.com,Google Alert - biomass,https://www.chronicleonline.com/news/world/indonesia-deforestation-biomass/image_6d71359c-fc22-5ef0-80e6-3147cc739612.html,,,,"tag:google.com,2013:googlealerts/feed:4596221809166304494",
2026-09-14,(rss),2026-09-14 01:32:30,Japan's biomass energy boom threatens further deforestation in Indonesia | - Oskaloosa Herald,"Biomass power, predominantly generated by burning wood, is growing globally as countries accelerate their transition to use cleaner energy.",oskaloosa.com,Google Alert - biomass,https://www.oskaloosa.com/news/national_news/japan-s-biomass-energy-boom-threatens-further-deforestation-in-indonesia/article_89612f33-854d-5d80-8a59-b14a90dc386f.html,,,,"tag:google.com,2013:googlealerts/feed:97442727444428942",
2026-09-14,(rss),2026-09-14 01:28:21,Japan's biomass energy boom threatens further deforestation in Indonesia - WFMZ.com,"Biomass is organic material like plants, wood and waste, and many coal-fired power plants can be easily modified to burn it alongside coal to make ...",wfmz.com,Google Alert - biomass,https://www.wfmz.com/news/ap/ap-business/japan-s-biomass-energy-boom-threatens-further-deforestation-in-indonesia/article_176952b4-5b09-5b6a-b8e0-0bea6d2eb0f3.html,,,,"tag:google.com,2013:googlealerts/feed:6978195689306120358",
2026-09-14,(rss),2026-09-14 01:23:01,Indonesia Deforestation Biomass | International - Ellensburg Daily Record,"Indonesia Deforestation Biomass ... FILE - Deforestation is visible near the areas of several wood pellet production companies in Pohuwato, Gorontalo ...",dailyrecordnews.com,Google Alert - biomass,https://www.dailyrecordnews.com/ap_news/international/indonesia-deforestation-biomass/image_726265f3-3dc6-50bc-ab79-ae6495e64aed.html,,,,"tag:google.com,2013:googlealerts/feed:432640492708467861",
2026-09-14,(rss),2026-09-14 01:16:46,Japan's biomass energy boom threatens further deforestation in Indonesia | PHL17.com,"Biomass power, predominantly generated by burning wood, is growing globally as countries accelerate their transition to use cleaner energy. “The ...",phl17.com,Google Alert - biomass,https://phl17.com/news/international/ap-international/ap-japans-biomass-energy-boom-threatens-further-deforestation-in-indonesia/,,,,"tag:google.com,2013:googlealerts/feed:10523488088779681196",
2026-09-14,(rss),2026-09-14 01:11:31,Indonesia Deforestation Biomass | World | hjnews.com,"FILE - Deforestation is visible near the areas of several wood pellet production companies in Pohuwato, Gorontalo province, Indonesia, Oct. 22, ...",hjnews.com,Google Alert - biomass,https://www.hjnews.com/world/indonesia-deforestation-biomass/image_5dbe4a4b-bf9e-5235-b798-d05831219fbf.html,,,,"tag:google.com,2013:googlealerts/feed:5764388360074273538",
2026-09-14,(rss),2026-09-14 13:20:31,Japan's biomass energy boom threatens further deforestation in Indonesia | Nation World,South Korea was previously the largest importer of wood pellets from Indonesia until the government drastically reduced subsidies for biomass energy ...,thesunchronicle.com,Google Alert - biomass energy,https://www.thesunchronicle.com/news/nation_world/japan-s-biomass-energy-boom-threatens-further-deforestation-in-indonesia/article_5e0e9780-1ae8-5ece-9594-cc40f93267ac.html,,,,"tag:google.com,2013:googlealerts/feed:13166676164460028784",
2026-09-14,(rss),2026-09-14 02:25:58,Japan's biomass energy boom threatens further deforestation in Indonesia - NewsTimes,"Biomass power, predominantly generated by burning wood, is growing globally as countries accelerate their transition to use cleaner energy .",newstimes.com,Google Alert - biomass energy,https://www.newstimes.com/news/world/article/japan-s-biomass-energy-boom-threatens-further-22430345.php,,,,"tag:google.com,2013:googlealerts/feed:5070139162076699239",
2026-09-14,(rss),2026-09-14 02:05:29,Japan's biomass energy boom threatens further deforestation in Indonesia - Temple Daily Telegram,"Expanding deforestation in Indonesia caused by the country's wood pellet and chip industry is putting further pressure on tropical forests, ...",tdtnews.com,Google Alert - biomass energy,https://www.tdtnews.com/news/nation_world/article_8d90ca67-a0dc-56d1-88a8-ca17efc69ce8.html,,,,"tag:google.com,2013:googlealerts/feed:6999279968604656862",
2026-09-14,(rss),2026-09-14 01:59:39,Japan's biomass energy boom threatens further deforestation in Indonesia | - Springfield News-Sun,"“And most of the biomass product is for export, with Japan as the biggest destination.” As Japan's demand for Indonesian wood pellets skyrockets in an ...",springfieldnewssun.com,Google Alert - biomass energy,https://www.springfieldnewssun.com/nation-world/japan-s-biomass-energy-boom-threatens-further-deforestation-in-indonesia/article_587e9459-1baf-559d-a76a-cf675faad18d.html,,,,"tag:google.com,2013:googlealerts/feed:4144121732347310743",
2026-09-14,(rss),2026-09-14 01:59:38,Japan's biomass energy boom threatens further deforestation in Indonesia | - Dayton Daily News,"ISLAMABAD (AP) — A surge in Indonesia's wood pellet and chip production is driving a new wave of deforestation, threatening the vast archipelago's ...",daytondailynews.com,Google Alert - biomass energy,https://www.daytondailynews.com/nation-world/japan-s-biomass-energy-boom-threatens-further-deforestation-in-indonesia/article_bdd92617-db7a-5d35-99f3-6ce7d9d40d37.html,,,,"tag:google.com,2013:googlealerts/feed:17689722276428115937",
2026-09-14,(rss),2026-09-14 01:51:22,'60 Minutes' opens 59th season on CBS with no direct mention of show's off-season turmoil,Previous articleJapan's biomass energy boom threatens further deforestation in Indonesia · The Associated Press. The AP is one ...,dailyjournal.net,Google Alert - biomass energy,https://dailyjournal.net/2026/09/13/60-minutes-opens-59th-season-on-cbs-with-no-direct-mention-of-shows-off-season-turmoil/,,,,"tag:google.com,2013:googlealerts/feed:4250838428082187822",
2026-09-14,(rss),2026-09-14 01:17:39,Indonesia Deforestation Biomass | National News | goshennews.com,"... , Indonesia, Oct. 22, 2024. Yegar Sahaduta Mangiri - AP. Tags. Climate · Climate Change · Energy · Biomass . Trending Recipes. trending recipes.",goshennews.com,Google Alert - biomass energy,https://www.goshennews.com/news/national_news/indonesia-deforestation-biomass/image_07822947-f4f5-5a0a-a106-82c870d44457.html,,,,"tag:google.com,2013:googlealerts/feed:16329238562834407110",
2026-09-14,(rss),2026-09-14 01:17:12,Japan's biomass energy boom threatens further deforestation in Indonesia - Yahoo,"Biomass power, predominantly generated by burning wood, is growing globally as countries accelerate their transition to use cleaner energy . ""The ...",yahoo.com,Google Alert - biomass energy,https://www.yahoo.com/news/world/articles/japan-biomass-energy-boom-threatens-011137278.html,,,,"tag:google.com,2013:googlealerts/feed:18378650704384040024",
2026-09-14,(rss),2026-09-14 01:15:38,TJC reaches enrollment milestone during centennial year - Yahoo,"Japan's biomass energy boom threatens further deforestation in Indonesia ... Biomass power, predominantly generated by burning wood, is growing ...",yahoo.com,Google Alert - biomass energy,https://www.yahoo.com/news/videos/tjc-reaches-enrollment-milestone-during-000009700.html,,,,"tag:google.com,2013:googlealerts/feed:3798564256055095892",
2026-09-14,(rss),2026-09-13 23:42:37,Mango Kernels Turned Into Biodiesel and Hydrogen-Rich Syngas in One - Bioengineer.org,... energy carriers at once: a diesel-like biodiesel from the kernel's oil ... biomass than a single-product approach would allow. The first ...,bioengineer.org,Google Alert - biomass energy,https://bioengineer.org/mango-kernels-turned-into-biodiesel-and-hydrogen-rich-syngas-in-one-optimized-process/,,,,"tag:google.com,2013:googlealerts/feed:16200416980721305077",
2026-09-14,(rss),2026-09-14 22:44:54,"EIA maintains 2026, 2027 biobased diesel production forecasts in September STEO","The EIA currently predicts the production of “other biofuel ,” defined to include renewable heating oil; renewable jet fuel, including SAF, alternative ...",biomassmagazine.com,Google Alert - biofuel,https://biomassmagazine.com/articles/eia-maintains-2026-2027-biobased-diesel-production-forecasts-in-september-steo,,,,"tag:google.com,2013:googlealerts/feed:11191602398111128223",
2026-09-14,(rss),2026-09-14 21:51:04,Growth Energy Pushes Fuel Savings with Latest “E15 Now” Campaign,"... Biofuels Summit, the premier advocacy conference for the American ethanol industry. During the event, biofuel and farm voices from across the ...",growthenergy.org,Google Alert - biofuel,https://growthenergy.org/2026/09/14/fuel-savings-e15/,,,,"tag:google.com,2013:googlealerts/feed:2098277941612203888",
2026-09-14,(rss),2026-09-14 21:02:15,"Daybreak Sept. 14: Producers in D.C. this week for fly-ins | Agri-Pulse Communications, Inc.",Members of major agricultural and biofuel groups are flying into Washington this week to press lawmakers to pass a farm bill and other top ag ...,agri-pulse.com,Google Alert - biofuel,https://www.agri-pulse.com/articles/25234-daybreak-sept-14-producers-in-dc-this-week-for-fly-ins,,,,"tag:google.com,2013:googlealerts/feed:3154140462312042287",
2026-09-14,(rss),2026-09-14 21:00:36,Bayer and Neste Unite to Encourage Farmers in Planting Oilseeds for Sustainable Aviation Fuel,"... biofuel commercial production in the U.S.. Under this joint agreement, Bayer aims to expand its acres of winter canola feedstocks, bred to produce ...",energytech.com,Google Alert - biofuel,https://www.energytech.com/emobility/news/55404854/bayer-and-neste-unite-to-encourage-farmers-in-planting-oilseeds-for-sustainable-aviation-fuel,,,,"tag:google.com,2013:googlealerts/feed:13937354743407362430",
2026-09-14,(rss),2026-09-14 16:51:25,PyroCCS Secures Funding To Scale Biocarbon And Carbon Removal Supply Chain,"PyroCCS has closed its initial external funding round to accelerate the global rollout of its industrial biocarbon, biofuels , and carbon removal ...",carbonherald.com,Google Alert - biofuel,https://carbonherald.com/pyroccs-secures-funding-to-scale-biocarbon-and-carbon-removal-supply-chain/,,,,"tag:google.com,2013:googlealerts/feed:8255155213312651641",
2026-09-14,(rss),2026-09-14 15:36:06,CHS to build $700M soybean process facility in Wisconsin - Star Tribune,"... biofuels ever to be blended into the American fuel supply, Griffith said. ... Because soybeans are a raw ingredient for these fuels, demand for large ...",startribune.com,Google Alert - biofuel,https://www.startribune.com/soybean-prices/601888520,,,,"tag:google.com,2013:googlealerts/feed:9623688555107473015",
2026-09-14,(rss),2026-09-14 15:05:57,Growth Energy pleased with IRS 45Z guidance | TheFencePost.com,"... biofuel production, and helps lower fuel costs for American consumers.” The notice “provides the 2026 emissions rate table used to calculate the ...",thefencepost.com,Google Alert - biofuel,https://www.thefencepost.com/news/growth-energy-pleased-with-irs-45z-guidance/,,,,"tag:google.com,2013:googlealerts/feed:10923634438516938264",
2026-09-14,(rss),2026-09-14 13:35:34,'Do not allow green hydrogen to be used in biofuels refining to meet European e-SAF ...,A joint letter led by the environmental NGO argues that 'e-HEFA' will undermine the development of genuine synthetic fuels projects.,hydrogeninsight.com,Google Alert - biofuel,https://www.hydrogeninsight.com/transport/-do-not-allow-green-hydrogen-to-be-used-in-biofuels-refining-to-meet-european-e-saf-obligations-t-e/2-1-2043338,,,,"tag:google.com,2013:googlealerts/feed:4162717190607298644",
2026-09-14,(rss),2026-09-14 12:39:49,"New 45Z Guidance Opens Opportunities for Farmers, Biofuel Producers - KCHA News",New federal guidance on the 45Z Clean Fuel Production Tax Credit could give farmers greater opportunities to benefit from crops produced using ...,kchanews.com,Google Alert - biofuel,https://kchanews.com/2026/09/14/new-45z-guidance-opens-opportunities-for-farmers-biofuel-producers/,,,,"tag:google.com,2013:googlealerts/feed:9694181841509486405",
2026-09-14,(rss),2026-09-14 12:29:50,Does rising biofuel use risk a global food crisis? - The World Economic Forum,Soaring biofuel demand is straining global food systems and fertilizer supplies. Learn how smart policies can help balance clean energy and food ...,weforum.org,Google Alert - biofuel,https://www.weforum.org/stories/energy-transition/biofuel-use-global-food-crisis/,,,,"tag:google.com,2013:googlealerts/feed:17454119152854667234",
2026-09-14,(rss),2026-09-14 11:49:22,Feedstock shortage constrains growth of marine biofuels - UkrAgroConsult,"Marine biofuels could become one of the most readily deployable near-term options for reducing shipping emissions, but further growth is being ...",ukragroconsult.com,Google Alert - biofuel,https://ukragroconsult.com/en/news/feedstock-shortage-constrains-growth-of-marine-biofuels/,,,,"tag:google.com,2013:googlealerts/feed:13230590984829074434",
2026-09-14,(rss),2026-09-14 11:30:43,Australian DAC firm strikes first CO2 sorbent supply deal - Quantum Commodity Intelligence,"EU RED IV: EC eyes on-site checks for imported biofuels , feedstocks · Sustainable Aviation Fuel Biofuel Feedstocks e-Fuels. 10 Sep 2026. SEA-LNG urges ...",qcintel.com,Google Alert - biofuel,https://www.qcintel.com/biofuels/article/australian-dac-firm-strikes-first-co2-sorbent-supply-deal-72887.html,,,,"tag:google.com,2013:googlealerts/feed:8665261147857134372",
2026-09-14,(rss),2026-09-14 09:50:19,Pertamina seeks excise exemption for ethanol import to boost biofuel rollout - Regulations,"Existing bioethanol supplies can cover only about 3 percent of national demand for biofuel applications, according to the Investment and ...",thejakartapost.com,Google Alert - biofuel,https://www.thejakartapost.com/business/2026/09/14/pertamina-seeks-excise-exemption-for-ethanol-import-to-boost-biofuel-rollout,,,,"tag:google.com,2013:googlealerts/feed:8546470798038906432",
2026-09-14,(rss),2026-09-14 09:48:52,Biofuels could be a quick energy solution – but are they worth the climate risks?,"Biofuels are produced from organic materials, for example ethanol made from sugar cane and biodiesel from corn. Before the global energy crisis ...",chathamhouse.org,Google Alert - biofuel,https://www.chathamhouse.org/publications/the-world-today/2026-09/biofuels-could-be-quick-energy-solution-are-they-worth-climate,,,,"tag:google.com,2013:googlealerts/feed:8540884058384181158",
2026-09-14,(rss),2026-09-14 09:11:29,Trump Administration Guidance for 45Z Implementation - Morning Ag Clips,... awaited pathway to fully being able to participate in the 45Z Clean Fuel Production Tax Credit and its role in supporting domestic biofuel production.,morningagclips.com,Google Alert - biofuel,https://www.morningagclips.com/trump-administration-guidance-for-45z-implementation/,,,,"tag:google.com,2013:googlealerts/feed:13947497440976592818",
2026-09-14,(rss),2026-09-14 08:17:05,KAI Reports No Train Disruptions After Using 6.5 Million Liters of B50 - Jakarta Globe,"B50 is diesel fuel blended with 50% palm oil-based biofuel . Indonesia ... Indonesia Is Copying Brazil's Biofuel Success, But Missing the Point.",jakartaglobe.id,Google Alert - biofuel,https://jakartaglobe.id/news/kai-reports-no-train-disruptions-after-using-65-million-liters-of-b50,,,,"tag:google.com,2013:googlealerts/feed:3093880621035844690",
2026-09-14,(rss),2026-09-14 06:09:55,Why India and Europe Should Build a Biofuel Corridor - Raksha Anirveda,"This article examines the potential for an India-Europe corridor for advanced biofuels , connecting Indian biomass, certification systems, port ...",raksha-anirveda.com,Google Alert - biofuel,https://raksha-anirveda.com/why-india-and-europe-should-build-a-biofuel-corridor/,,,,"tag:google.com,2013:googlealerts/feed:17475579996856982854",
2026-09-14,(rss),2026-09-14 05:59:10,Mixed outcomes seen for Malaysian palm oil industry | The Star,"UOBKH Research maintained an 'overweight' call on the plantation sector, underpinned by structural demand growth from regional biofuel mandates such ...",thestar.com.my,Google Alert - biofuel,https://www.thestar.com.my/business/business-news/2026/09/14/mixed-outcomes-seen-for-malaysian-palm-oil-industry,,,,"tag:google.com,2013:googlealerts/feed:17010305053591431883",
2026-09-14,(rss),2026-09-14 04:32:45,Bacteria at a plant in Grangemouth eat the leftovers of Scotland's whisky industry - Space Daily,"Most biofuels come with an asterisk. Ethanol — the corn-based additive in ordinary gasoline — carries less energy than petrol, absorbs water, and can ...",spacedaily.com,Google Alert - biofuel,https://spacedaily.com/b-bacteria-at-a-plant-in-grangemouth-eat-the-leftovers-of-scotlands-whisky-industry-almost-750000-tons-of-spent-barley-and-two-billion-liters-of-pot-ale-a-year-and-excrete-acetone/,,,,"tag:google.com,2013:googlealerts/feed:12596375881189690858",
2026-09-14,(rss),2026-09-14 16:54:14,Bioenergy - 14 September 2026 - Energy Global,The latest Bioenergy news on 14 September 2026.,energyglobal.com,Google Alert - bioenergy,https://www.energyglobal.com/bioenergy/14092026/,,,,"tag:google.com,2013:googlealerts/feed:15213732688720571064",
2026-09-14,(rss),2026-09-14 15:32:01,Alfa Laval to Supply Heat Transfer Equipment for Stockholm Exergi's BECCS Facility,"Alfa Laval has been chosen by Saipem, the engineering, procurement and construction contractor for Stockholm Exergi's Bioenergy with Carbon ...",indexbox.io,Google Alert - bioenergy,https://www.indexbox.io/blog/alfa-laval-to-supply-heat-transfer-equipment-for-stockholm-exergis-beccs-facility/,,,,"tag:google.com,2013:googlealerts/feed:13192018583756295398",
2026-09-14,(rss),2026-09-14 12:18:31,"RevaTerra® to Join Climate Week NYC 2026, Showcasing the Role of Intelligent Bioenergy ...","RevaTerra® to Join Climate Week NYC 2026, Showcasing the Role of Intelligent Bioenergy in the Clean Energy Transition. Distributed by EIN Presswire.",desmoinesregister.com,Google Alert - bioenergy,https://www.desmoinesregister.com/press-release/story/123926/revaterra-to-join-climate-week-nyc-2026-showcasing-the-role-of-intelligent-bioenergy-in-the-clean-energy-transition/,,,,"tag:google.com,2013:googlealerts/feed:8629353650989496625",
2026-09-14,(rss),2026-09-14 12:06:01,Blackline Safety's G8 Wearable Gains Global Traction - Calgary.Tech,"Among the organizations adopting G8 is European bioenergy producer Vida Bioenergy , which selected the platform to provide gas detection, lone ...",calgary.tech,Google Alert - bioenergy,https://calgary.tech/2026/09/14/blackline-safetys-g8-wearable-gains-global-traction/,,,,"tag:google.com,2013:googlealerts/feed:12891184168459416881",
2026-09-14,(rss),2026-09-14 08:47:18,Alfa Laval Gets Saipem Contract To Supply Heat Transfer Equipment For Bioenergy Facility,"... Bioenergy with Carbon Capture and Storage or BECCS project, to supply critical heat transfer equipment for bioenergy carbon capture facilities.",rttnews.com,Google Alert - bioenergy,https://www.rttnews.com/3690593/alfa-laval-gets-saipem-contract-to-supply-heat-transfer-equipment-for-bioenergy-facility.aspx,,,,"tag:google.com,2013:googlealerts/feed:16776459487544450484",
2026-09-14,(rss),2026-09-14 05:58:19,"Biogas must abandon cost competition with renewables, researchers argue",... bioenergy costs have stagnated or risen slightly—from 0.086 to 0.087 ... Australia has released a new National Bioenergy Feedstock Strategy designed to ...,bioenergy-news.com,Google Alert - bioenergy,https://www.bioenergy-news.com/news/biogas-must-abandon-cost-competition-with-renewables-researchers-argue/,,,,"tag:google.com,2013:googlealerts/feed:6583224622178557794",
2026-09-14,(rss),2026-09-14 05:53:03,European regions launch wood energy network - Bioenergy Insight Magazine,"Christoph Pfemeter, President of Bioenergy Europe, noted that whilst bioenergy appeared to play a modest role in Europe's overall energy mix ...",bioenergy-news.com,Google Alert - bioenergy,https://www.bioenergy-news.com/news/20864/,,,,"tag:google.com,2013:googlealerts/feed:18192668160502862819",
2026-09-14,(rss),2026-09-14 05:22:41,Enterprise value to EBITDA forward of ZR2 Bioenergy Ltd – BSE:ZR2 - TradingView,"Enterprise value to EBITDA forward, quarterly and annual stats of ZR2 Bioenergy Ltd.",tradingview.com,Google Alert - bioenergy,https://www.tradingview.com/symbols/BSE-ZR2/financials-statistics-and-ratios/enterprise-value-ebitda-fwd/,,,,"tag:google.com,2013:googlealerts/feed:1652472798153816667",
2026-09-14,(rss),2026-09-14 21:50:28,Long-term biochar use may help conserve nitrogen deep in alkaline paddy soils,"Five years of biochar amendment shifted nitrate transformation toward a nitrogen-retaining pathway in deeper soil layers, revealing why soil depth ...",eurekalert.org,Google Alert - biochar,https://www.eurekalert.org/news-releases/1143906,,,,"tag:google.com,2013:googlealerts/feed:2875572011682519060",
2026-09-14,(rss),2026-09-14 21:50:28,"Flash heating and layered design create tougher, greener materials that block ... - EurekAlert!","A biochar -based polymer composite combines strong electromagnetic shielding, high absorption, improved toughness, and electrothermal performance ...",eurekalert.org,Google Alert - biochar,https://www.eurekalert.org/news-releases/1143912,,,,"tag:google.com,2013:googlealerts/feed:2155787312195600729",
2026-09-14,(rss),2026-09-14 21:02:46,Biochar Boosts Nitrogen Retention in Alkaline Paddy Soils - Mirage News,"A new study published in Biochar shows that long-term biochar amendment can reshape this competition throughout the soil profile, promoting ...",miragenews.com,Google Alert - biochar,https://www.miragenews.com/biochar-boosts-nitrogen-retention-in-alkaline-1743951/,,,,"tag:google.com,2013:googlealerts/feed:618055143097362675",
2026-09-14,(rss),2026-09-14 18:51:05,"SwissX Island's Circular Hemp Economy: Sustainable Production, Biochar , and Ecotourism","Explore how SwissX Island in Antigua turns sargassum seaweed and hemp into biochar , renewable fuels, and a regenerative theme park, ...",shockya.com,Google Alert - biochar,https://www.shockya.com/news/2026/09/14/swissx-islands-circular-hemp-economy-sustainable-production-biochar-and-ecotourism/,,,,"tag:google.com,2013:googlealerts/feed:9821559400896080843",
2026-09-14,(rss),2026-09-14 16:48:32,Biochar Demand Hits 2.99 Million Tonnes: Can Corporate Buyers Trigger a Supply Crunch?,"Biochar carbon removal is gaining momentum as corporate buyers lock up supply early, raising concerns over high-quality availability and prices.",carboncredits.com,Google Alert - biochar,https://carboncredits.com/biochar-demand-hits-2-99-million-tonnes-can-corporate-buyers-trigger-a-supply-crunch/,,,,"tag:google.com,2013:googlealerts/feed:14904167588287791275",
2026-09-14,(rss),2026-09-14 14:06:22,"VERDE RESOURCES, INC. FY 2026: Revenue $467.8K, Net loss $(3.38M) - TradingView",... biochar through an exclusive collaboration with Ergon and MCCA for North America. Operational milestone: NCAT lab validation confirmed a 100% RAP ...,tradingview.com,Google Alert - biochar,https://www.tradingview.com/news/tradingview:b2abb2179564a:0-verde-resources-inc-fy-2026-revenue-467-8k-net-loss-3-38m-10-k-summary/,,,,"tag:google.com,2013:googlealerts/feed:3639041500970220659",
2026-09-14,(rss),2026-09-14 13:45:17,"Germany's BASF, IRRI extend rice sustainability collaboration - AlchemPro","The next phase will examine soil health, carbon and nitrogen dynamics, water-use changes and biochar . Field-trial insights from the Philippines ...",alchempro.com,Google Alert - biochar,https://www.alchempro.com/news/chemicals-news/germany-s-basf-irri-extend-rice-sustainability-collaboration-313462-newsdetails.htm,,,,"tag:google.com,2013:googlealerts/feed:4897793751288529794",
2026-09-14,(rss),2026-09-14 13:34:38,Verde Resources Touts Ergon Biochar Licensing Push With 1.3 Billion Shares Outstanding,"... biochar technology anchored by a Master Commercialization and Collaboration Agreement with Ergon Asphalt & Emulsions, Inc. for North American road ...",minichart.com.sg,Google Alert - biochar,https://www.minichart.com.sg/2026/09/14/verde-resources-touts-ergon-biochar-licensing-push-with-1-3-billion-shares-outstanding/,,,,"tag:google.com,2013:googlealerts/feed:16564263959720170407",
2026-09-14,(rss),2026-09-14 03:03:18,Madinah Region's Palm Waste Offers Investment Potential,"... biochar , charcoal briquettes, biofuel pellets, natural fibers, insulation materials, and date seed oil, as well as wooden products and handicrafts ...",spa.gov.sa,Google Alert - biochar,https://www.spa.gov.sa/en/N2675572,,,,"tag:google.com,2013:googlealerts/feed:343338704588376370",
2026-09-14,(rss),2026-09-14 01:00:46,Belmonte of ChemEng'g wins PHILAAST award for sustainability research,"... biochar (in Carbon Research, 2024) and on crop yield from biochar -induced soil (in Chemical Engineering Transactions, 2024). Belmonte likewise ...",ust.edu.ph,Google Alert - biochar,https://www.ust.edu.ph/belmonte-of-chemengg-wins-philaast-award-for-sustainability-research/,,,,"tag:google.com,2013:googlealerts/feed:3895858109170687692",
