first_seen_date,keyword,pubDate,title,description,source_id,source_name,link,category,country,language,article_id,image_url
2026-09-21,(rss),2026-09-21 18:12:21,Belledune JV secures long-term biomass supply agreement with NB Power,Agreement marks major project milestone,canadianbiomassmagazine.ca,Canadian Biomass Magazine,https://www.canadianbiomassmagazine.ca/belledune-jv-secures-long-term-biomass-supply-agreement-with-nb-power/,"Deep Dives, News, advanced wood pellets, airex energy, Arbec Forest Products, hum_taxonomy->environmental_technology, hum_taxonomy->environmental_technology->climate_change_mitigation, hum_taxonomy->environmental_technology->climate_change_mitigation->decarbonization, hum_taxonomy->environmental_technology->climate_change_mitigation->net_zero, hum_taxonomy->environmental_technology->energy_distribution, hum_taxonomy->environmental_technology->energy_distribution->renewable_integration, hum_taxonomy->environmental_technology->energy_transition, hum_taxonomy->environmental_technology->energy_transition->community_energy_initiatives, hum_taxonomy->environmental_technology->energy_transition->decarbonization_strategies, hum_taxonomy->environmental_technology->energy_transition->transition_from_fossil_fuels, hum_taxonomy->environmental_technology->renewable_energy, hum_taxonomy->environmental_technology->renewable_energy->biomass_energy, hum_taxonomy->environmental_technology->renewable_energy->hydrogen_energy, hum_taxonomy->environmental_technology->renewable_energy->wind_energy, hum_taxonomy->resources_and_heavy_equipment, hum_taxonomy->resources_and_heavy_equipment->energy_systems, hum_taxonomy->resources_and_heavy_equipment->energy_systems->power_generation_and_distribution, nb power, Port of Belledune, torrified pellets",,,https://www.canadianbiomassmagazine.ca/?p=47807,
2026-09-21,(rss),2026-09-21 15:18:51,Maskinen unveils new Eco Log 688G harvester,"Maskinen held an open house at its facility in Saint-Nicolas, Quebec in August to mark the company’s 5th anniversary, but the event also served as an occasion to unveil the all-new 688G 8-wheeled harvester from Swedish manufacturer Eco Log. More than a simple update of the previous generation…",forestnet.com,Forestnet,https://forestnet.com/maskinen-unveils-new-eco-log-688g-harvester/?utm_source=rss&utm_medium=rss&utm_campaign=maskinen-unveils-new-eco-log-688g-harvester,Supplier Newsline,,,https://forestnet.com/?p=107971,
2026-09-21,(rss),2026-09-21 17:36:31,How WRI Product Studio is Using AI to Build Faster,"How WRI Product Studio is Using AI to Build Faster shannon.paton@… Mon, 09/21/2026 - 13:36 This is the second of two posts on how WRI's Product Studio uses AI across the design and development process. Part 1 covers how AI can help teams rapidly create and test rough prototypes, using them to…",wri.org,wri.org news and views,https://www.wri.org/update/how-wri-product-studio-using-ai-build-faster,,,,106748 at https://www.wri.org,
2026-09-21,(rss),2026-09-21 17:27:11,How WRI Product Studio is Using AI to Sharpen Product Discovery,"How WRI Product Studio is Using AI to Sharpen Product Discovery shannon.paton@… Mon, 09/21/2026 - 13:27 This is the first of two posts on how WRI's Product Studio uses AI deliberately across its design and development process. Part 2 will cover how WRI's Design System has been made AI-native to…",wri.org,wri.org news and views,https://www.wri.org/update/how-wri-product-studio-using-ai-sharpen-product-discovery,,,,106747 at https://www.wri.org,
2026-09-21,(rss),2026-09-21 11:30:23,"RELEASE: Global Forest Watch Becomes Global Nature Watch, Expanding to Cover More Land Ecosystems","RELEASE: Global Forest Watch Becomes Global Nature Watch, Expanding to Cover More Land Ecosystems sophie.brady@wri.org Mon, 09/21/2026 - 07:30 Global Nature Watch’s AI-driven Horizon platform is now available in preview, with data on forests and other key ecosystems. Existing Global Forest Watch…",wri.org,wri.org news and views,https://www.wri.org/news/release-global-forest-watch-becomes-global-nature-watch-expanding-cover-more-land-ecosystems,,,,106745 at https://www.wri.org,
2026-09-21,(rss),2026-09-21 09:25:17,Global Machinery Solutions set to launch Bandit’s first towable tracked diesel woodchipper at APF,"Global Machinery Solutions is looking forward to launching the new-generation 12XCT-diesel woodchipper at this week’s APF show – Bandit’s first tracked diesel woodchipper that can be towed on a trailer. Visitors to Stand 1525 will be among the first to see the new 12XCT-diesel, which has been…",internationalforestindustries.com,International Forest Industries,https://internationalforestindustries.com/2026/09/21/global-machinery-solutions-set-to-launch-bandits-first-towable-tracked-diesel-woodchipper-at-apf/,Uncategorised,,,https://internationalforestindustries.com/?p=49291,
2026-09-21,(rss),2026-09-21 09:35:38,Howarth Timber Group crowned TTJ Timber Trader of the Year,Howarth Timber Group was crowned TTJ Timber Trader of the Year 2026 at the TTJ Awards on September 18. The post Howarth Timber Group crowned TTJ Timber Trader of the Year appeared first on Timber Trades Journal .,ttjonline.com,Timber Trades Journal,https://www.ttjonline.com/news/howarth-timber-group-crowned-ttj-timber-trader-of-the-year/,News,,,https://www.ttjonline.com/uncategorized/howarth-timber-group-crowned-ttj-timber-trader-of-the-year/,
2026-09-21,(rss),2026-09-21 18:40:33,September 2026,"@ET-DC@eyJkeW5hbWljIjp0cnVlLCJjb250ZW50IjoicG9zdF90aXRsZSIsInNldHRpbmdzIjp7ImJlZm9yZSI6IiIsImFmdGVyIjoiIiwiZW5hYmxlX2h0bWwiOiJvZmYifX0=@ Inside this issue The Rules Changed The Opportunity Didn't Bever Lake Biofuels Project Bites The Dust EIA Forecasts Decline In U.S. Biomass Power FS, South…",woodbioenergymagazine.com,Wood Bioenergy Magazine,https://woodbioenergymagazine.com/september-2026/,Magazine,,,https://woodbioenergymagazine.com/?p=8215,
2026-09-21,(rss),2026-09-21 21:00:51,"Volunteers adopt seedlings, decorate special shelters across Lincoln National Forest",A full list of seedlings planted and protected is found on the U.S. Forest Service's website by clicking the link here. Add as preferred source on ...,krqe.com,Google Alert - U.S. Forest Service,https://www.krqe.com/news/top-stories/volunteers-adopt-seedlings-decorate-special-shelters-across-lincoln-national-forest/,,,,"tag:google.com,2013:googlealerts/feed:16495674034634445708",
2026-09-21,(rss),2026-09-21 20:53:49,2 battling fire at Yosemite killed in helicopter crash - NBC News,"Two members of a helicopter crew battling the Dome Fire in Yosemite National Park were killed in a crash on Sunday, the U.S Forest Service said.",nbcnews.com,Google Alert - U.S. Forest Service,https://www.nbcnews.com/news/us-news/2-battling-fire-yosemite-killed-helicopter-crash-rcna599074,,,,"tag:google.com,2013:googlealerts/feed:31272017537848741",
2026-09-21,(rss),2026-09-21 20:10:13,URGENT: Forest Service Fast-Tracks Logging… - More Than Just Parks | Substack,The Trump Administration continues to treat America's public lands as a private piggy bank. Critics who contend that Donald Trump's actions simply ...,morethanjustparks.substack.com,Google Alert - U.S. Forest Service,https://morethanjustparks.substack.com/p/urgent-comment-today-to-save-oregon/comments,,,,"tag:google.com,2013:googlealerts/feed:2428694815631255656",
2026-09-21,(rss),2026-09-21 20:06:12,Three Queens Fire suppression efforts progressing as forest closures lifted | News,"As containment efforts have progressed, closure orders in the Okanogan-Wenatchee National Forest have been lifted. U.S. Forest Service officials ...",applevalleynewsnow.com,Google Alert - U.S. Forest Service,https://www.applevalleynewsnow.com/news/three-queens-fire-suppression-efforts-progressing-as-forest-closures-lifted/article_2bcbdbe0-4b62-47e6-a7a6-881682a634c8.html,,,,"tag:google.com,2013:googlealerts/feed:3457582993111559941",
2026-09-21,(rss),2026-09-21 19:17:35,Two Killed in Helicopter Crash While Fighting Yosemite Wildfire - The New York Times,"The crew members, under contract with the U.S. Forest Service , were in a helicopter that crashed on Sunday while fighting a fire that has burned ...",nytimes.com,Google Alert - U.S. Forest Service,https://www.nytimes.com/2026/09/21/us/yosemite-helicopter-crash-dome-fire.html,,,,"tag:google.com,2013:googlealerts/feed:1284010533188537209",
2026-09-21,(rss),2026-09-21 19:10:37,Celebrating our Forest Resources during National Forest Week Events - News Releases,"The Department of Forestry , Agriculture and Lands is highlighting the importance of Newfoundland and Labrador's forest resources by hosting and ...",gov.nl.ca,Google Alert - U.S. Forest Service,https://www.gov.nl.ca/releases/2026/fal/0921n02/,,,,"tag:google.com,2013:googlealerts/feed:8500604600344350478",
2026-09-21,(rss),2026-09-21 18:50:10,What's that web doing in your tree? Tent caterpillars are hard to miss. Their distinctive webs can ...,U.S. Forest Service . Government Organization. No photo description available ...,facebook.com,Google Alert - U.S. Forest Service,https://www.facebook.com/GeorgiaForestryCommission/videos/-whats-that-web-doing-in-your-treetent-caterpillars-are-hard-to-miss-their-disti/2184376892142016/,,,,"tag:google.com,2013:googlealerts/feed:12942857694288626006",
2026-09-21,(rss),2026-09-21 18:28:47,2 dead after helicopter crashes in Yosemite during Dome Fire operations | National - WKOW,"... battling a wildfire in Yosemite National Park were killed when their aircraft crashed Sunday, according to the US Forest Service .",wkow.com,Google Alert - U.S. Forest Service,https://www.wkow.com/news/national/2-dead-after-helicopter-crashes-in-yosemite-during-dome-fire-operations/article_f47ee507-2a7c-528c-bfcb-05f1449096ac.html,,,,"tag:google.com,2013:googlealerts/feed:4053680245196739252",
2026-09-21,(rss),2026-09-21 18:26:03,Flags flown at half-staff Tues. to honor firefighter killed fighting Oregon's Austin Fire - KATU,"... National Forest, Oregon Gov. Tina Kotek has ordered flags at state institutions be flown at half-staff on Tuesday. The U.S. Forest Service ...",kunptv.com,Google Alert - U.S. Forest Service,http://www.kunptv.com/news/local/flags-flown-at-half-staff-tues-to-honor-firefighter-killed-fighting-oregon-austin-fire-jesus-eduardo-olimpo-gutierrez-toral-mount-hood-national-forest,,,,"tag:google.com,2013:googlealerts/feed:2067562665021076431",
2026-09-21,(rss),2026-09-21 18:14:58,This USDA lab has studied threats to food and farms for decades. Now its scientists must relocate,"... U.S. Forest Service , Army Corps of Engineers and NASA. Researchers and outside experts also worry that closing the Beltsville campus will hurt ...",kcur.org,Google Alert - U.S. Forest Service,https://www.kcur.org/environment-agriculture/2026-09-21/usda-research-beltsville-closure-relocation,,,,"tag:google.com,2013:googlealerts/feed:6929408584950174850",
2026-09-21,(rss),2026-09-21 17:28:15,Gila National Forest to begin prescribed fires - NM Fire Info,"... U.S. Highway 180, Forest Road 901 and Dry Blue Road, ... emergency management officials when burning begins. About the Forest Service : The Forest ...",nmfireinfo.com,Google Alert - U.S. Forest Service,https://nmfireinfo.com/2026/09/21/gila-national-forest-to-begin-prescribed-fires-2/,,,,"tag:google.com,2013:googlealerts/feed:9417747690943100410",
2026-09-21,(rss),2026-09-21 17:27:12,Two Killed in Helicopter Crash Battling Yosemite Wildfire - Gripped Magazine,"... National Park on Sunday. GrippedPublished September 21, 2026. The U.S. Forest Service has said that two members of a helicopter crew fighting the ...",gripped.com,Google Alert - U.S. Forest Service,https://gripped.com/news/two-killed-in-helicopter-crash-battling-yosemite-wildfire/,,,,"tag:google.com,2013:googlealerts/feed:3826814280587760075",
2026-09-21,(rss),2026-09-21 17:07:28,"New Ranger Named for Fall River Ranger District, Nebraska National Forests and Grasslands",USDA Forest Service . Serving the Southwestern portion of Buffalo Gap National Grassland. Nebraska National Forests and Grasslands announces its ...,chadronradio.com,Google Alert - U.S. Forest Service,https://chadronradio.com/new-ranger-named-for-fall-river-ranger-district-nebraska-national-forests-and-grasslands/,,,,"tag:google.com,2013:googlealerts/feed:13455262165715508648",
2026-09-21,(rss),2026-09-21 17:05:15,Two pilots killed in Yosemite firefighting helicopter crash tied to Idaho helitack crew - KBOI,... U.S. Forest Service's Payette National Forest. The Price Valley program operates helitack and helirappel resources that can be dispatched to ...,idahonews.com,Google Alert - U.S. Forest Service,https://idahonews.com/news/local/two-pilots-killed-in-yosemite-firefighting-helicopter-crash-tied-to-idaho-helitack-crew,,,,"tag:google.com,2013:googlealerts/feed:5983535955708890690",
2026-09-21,(rss),2026-09-21 16:57:54,Prescribed burns scheduled for Superior National Forest | Local & State News - Fox 21,Firefighters conducting prescribed fire on the Superior National Forest. Photo Credit: USDA Forest Service by P. Johnson. Facebook · Twitter ...,fox21online.com,Google Alert - U.S. Forest Service,https://www.fox21online.com/news/local/prescribed-burns-scheduled-for-superior-national-forest/article_03bc52bf-7cb0-491b-ae40-842672b5ca6d.html,,,,"tag:google.com,2013:googlealerts/feed:8916127287194285109",
2026-09-21,(rss),2026-09-21 16:55:23,"Licensable picture: McKinney Fire burns near Yreka, California | Reuters Connect","A U.S. Forest Service firefighter clears brush as the McKinney Fire continues burning near Yreka, California, U.S., July 31, 2022.",reutersconnect.com,Google Alert - U.S. Forest Service,https://www.reutersconnect.com/item/mckinney-fire-burns-near-yreka-california/dGFnOnJldXRlcnMuY29tLDIwMjI6bmV3c21sX1JDMkJOVjlaSkM1Mg?lastViewed=dGFnOnJldXRlcnMuY29tLDIwMjI6bmV3c21sX1JDMkJOVjlaSkM1Mg&position=1,,,,"tag:google.com,2013:googlealerts/feed:2673585447637255263",
2026-09-21,(rss),2026-09-21 16:43:08,New signs will unveil the history of pioneer fruit trees at Cyrus Historic Orchard - KTVZ,"Bend, Ore. (KTVZ) --- Heritage Apple Corps and the U.S. Forest Service will host a ribbon-cutting ceremony on Oct. 2 at 12:00 noon to unveil new ...",ktvz.com,Google Alert - U.S. Forest Service,https://ktvz.com/news/2026/09/21/new-signs-will-unveil-the-history-of-pioneer-fruit-trees-at-cyrus-historic-orchard/,,,,"tag:google.com,2013:googlealerts/feed:13556182459839340426",
2026-09-21,(rss),2026-09-21 18:10:23,"America Has Lost 35% of Its Christmas Tree Acreage. At 63, a Tree's 7th Year Can Change ...",A timber sale that dwarfs a lifetime of logging paychecks can flip the usual rules of Social Security in ways most workers never see coming. ... 24/7 ...,247wallst.com,Google Alert - timber sale,https://247wallst.com/personal-finance/social-security/2026/09/21/america-has-lost-35-of-its-christmas-tree-acreage-at-63-a-trees-7th-year-can-change-what-social-security-counts/,,,,"tag:google.com,2013:googlealerts/feed:11171213660757803140",
2026-09-21,(rss),2026-09-21 18:07:52,In pictures: Fascinating story behind entire Donegal island for sale - Ireland Live News,"The reception room features exposed ceiling beams, while timber flooring and double glazed windows add to the character of the home, with the windows ...",ireland-live.ie,Google Alert - timber sale,https://www.ireland-live.ie/north-west/donegal-live/in-pictures-fascinating-story-behind-entire-donegal-island-for-sale-for-under-eu300000-9130014,,,,"tag:google.com,2013:googlealerts/feed:842657395278200302",
2026-09-21,(rss),2026-09-21 15:45:03,Trees in coastal temperate rainforest spared from the chopping block - Washington State Standard,"... timber sale . By mid-September, they raised enough to bring the ... sell the remaining forests in a future timber sale . Upthegrove supports ...",washingtonstatestandard.com,Google Alert - timber sale,https://washingtonstatestandard.com/2026/09/21/trees-in-coastal-temperate-rainforest-spared-from-the-chopping-block/,,,,"tag:google.com,2013:googlealerts/feed:15483912209951528181",
2026-09-21,(rss),2026-09-21 15:32:28,Trees in coastal temperate rainforest spared from the chopping block | The Daily Chronicle,"The Elwha Legacy Forests Coalition struck a deal with Webster Logging, which purchased a timber sale west of Port Angeles from the state Department of ...",chronline.com,Google Alert - timber sale,"http://www.chronline.com/stories/trees-in-coastal-temperate-rainforest-spared-from-the-chopping-block,408537?",,,,"tag:google.com,2013:googlealerts/feed:13816509543075530086",
2026-09-21,(rss),2026-09-21 11:53:58,9 Proposed Changes to the Forestry Law Explained | News | liberianobserver.com,Whether new Forest Management Contracts and Timber Sale Contracts should be allowed on community land or restricted to government land. Whether all ...,liberianobserver.com,Google Alert - timber sale,https://www.liberianobserver.com/news/9-proposed-changes-to-the-forestry-law-explained/article_5b0e0bf1-7f4b-417d-9f44-3db33c24f34b.html,,,,"tag:google.com,2013:googlealerts/feed:6081954140357405424",
2026-09-21,(rss),2026-09-21 07:34:45,"Jammu Kashmir Forest Corp Struggles To Meet Timber Targets, Rs 463 Cr Liabilities","Besides, JKFDC plans to strengthen its depot network by opening additional timber sale depots at suitable locations outside Jammu and Srinagar ...",kashmirlife.net,Google Alert - timber sale,https://kashmirlife.net/jammu-kashmir-forest-corp-struggles-to-meet-timber-targets-rs-463-cr-liabilities-452723/,,,,"tag:google.com,2013:googlealerts/feed:10416364794404907874",
2026-09-21,(rss),2026-09-21 07:17:09,J&K Has 39 Pc Forest Cover; JKFDC Saddled With Rs 462 Cr Legacy Liabilities: Govt,"... timber extraction, and the financial health of the JKFDC. ... timber sale depots at suitable locations beyond the existing ones in Jammu and Srinagar.",knskashmir.com,Google Alert - timber sale,https://www.knskashmir.com/jandk-has-39-pc-forest-cover--jkfdc-saddled-with-rs-462-cr-legacy-liabilities--govt-207481,,,,"tag:google.com,2013:googlealerts/feed:3299202227264616613",
2026-09-21,(rss),2026-09-21 19:36:16,Trees in coastal temperate rainforest spared from the chopping block | Dailyfly News,"The coalition paid enough money to cover the timber value , logging costs and the fee that the Department of Natural Resources charges purchasers.",dailyfly.com,Google Alert - timber prices,https://www.dailyfly.com/2026/09/21/trees-in-coastal-temperate-rainforest-spared-from-the-chopping-block/,,,,"tag:google.com,2013:googlealerts/feed:17471292648940649624",
2026-09-21,(rss),2026-09-21 16:46:33,Lumber Prices Firm While Timber Markets Stay Uneven - RFD-TV,"(RFD News) — Finished lumber prices remain firmer than many regional timber markets, creating a mixed picture for landowners and smaller forestry ...",rfdtv.com,Google Alert - timber prices,https://www.rfdtv.com/lumber-prices-firm-while-timber-markets-stay-uneven,,,,"tag:google.com,2013:googlealerts/feed:4919425554385355573",
2026-09-21,(rss),2026-09-21 14:41:37,BC- Lumber Futures | Nation/World - GazetteXtra,"NEW YORK (AP) — Prices as of 10:30:00 AM Monday, September 21.",gazettextra.com,Google Alert - timber prices,http://www.gazettextra.com/news/nation_world/bc-lumber-futures/article_0ca8f237-3ccb-5214-9f3b-637eb1a49f21.html,,,,"tag:google.com,2013:googlealerts/feed:9330427225292428105",
2026-09-21,(rss),2026-09-21 14:35:22,"RFD-TV Weekly Crop Progress & Livestock Production Update — Monday, September 21, 2026",Lumber Prices Firm While Timber Markets Stay Uneven. Stronger finished- lumber prices have yet to translate into broad gains for timber owners.,rfdtv.com,Google Alert - timber prices,https://www.rfdtv.com/rfd-tv-weekly-crop-progress-livestock-production-update-monday-september-21-2026,,,,"tag:google.com,2013:googlealerts/feed:4293346929375962043",
2026-09-21,(rss),2026-09-21 13:47:42,Rising Freight Costs Reshape U.S.-Brazil Soybean Export Competition - RFD-TV,Stronger finished- lumber prices have yet to translate into broad gains for timber owners.,rfdtv.com,Google Alert - timber prices,https://www.rfdtv.com/rising-freight-costs-reshape-u-s-brazil-soybean-export-competition,,,,"tag:google.com,2013:googlealerts/feed:13948512459346584963",
2026-09-21,(rss),2026-09-21 13:13:28,Norwegian softwood sawlog prices increase 0.6% in August - Lesprom,Image: Loaded timber truck transports logs in the forest. Carpathians ... Softwood sawlog prices in Norway averaged NOK 832 per m3 in August ...,lesprom.com,Google Alert - timber prices,https://www.lesprom.com/en/news/Norwegian_softwood_sawlog_prices_increase_0_6_in_August_124456/,,,,"tag:google.com,2013:googlealerts/feed:8561392740593815865",
2026-09-21,(rss),2026-09-21 13:07:10,Fed Rate Hike Adds Pressure To Farm Borrowing - RFD-TV,"Higher rates could increase costs for operating loans, machinery purchases and refinancing. ; Lumber 1280x720.jpg. Markets · Lumber Prices Firm While ...",rfdtv.com,Google Alert - timber prices,https://www.rfdtv.com/fed-rate-hike-adds-pressure-to-farm-borrowing,,,,"tag:google.com,2013:googlealerts/feed:2008690507686981851",
2026-09-21,(rss),2026-09-21 10:20:48,Focus Lumber defers harvesting activities to 1Q27 amid higher operating costs,PETALING JAYA: Focus Lumber Bhd has deferred the commencement of harvesting activities under its Industrial Tree Planting Agreement (ITPA) with ...,klsescreener.com,Google Alert - timber prices,https://www.klsescreener.com/v2/news/view/1795093/Focus_Lumber_defers_harvesting_activities_to_1Q27_amid_higher_operating_costs,,,,"tag:google.com,2013:googlealerts/feed:2339556587056011906",
2026-09-21,(rss),2026-09-21 10:18:06,Focus Lumber defers harvesting activities to 1Q27 amid higher operating costs - The Star,"The timber company said the deferment followed a review of prevailing operating and market conditions, including the increase in diesel prices and its ...",thestar.com.my,Google Alert - timber prices,https://www.thestar.com.my/business/business-news/2026/09/21/focus-lumber-defers-harvesting-activities-to-1q27-amid-higher-operating-costs,,,,"tag:google.com,2013:googlealerts/feed:10598291301980211940",
2026-09-21,(rss),2026-09-21 08:23:47,Three Roofs Timber Hall - Dezeen,Prices and dates · Terms and conditions · Sponsors · Media partners · Press · Buy ... Office of Toru Teraoka (OOTT) has designed the Three Roofs Timber ...,dezeen.com,Google Alert - timber prices,https://www.dezeen.com/awards/2026/shortlists/three-roofs-timber-hall/,,,,"tag:google.com,2013:googlealerts/feed:14968913920708196037",
2026-09-21,(rss),2026-09-21 05:29:03,Why AI's Steel Squeeze Is Pushing Data Centres Toward Mass Timber - Wood Central,"... timber frame itself generally costs more than steel. Even so, a three-storey office Skanska studied came out close to cost -neutral, he said, once ...",woodcentral.com.au,Google Alert - timber prices,https://woodcentral.com.au/data-centre-steel-lead-times/,,,,"tag:google.com,2013:googlealerts/feed:17273580029891552555",
2026-09-21,(rss),2026-09-21 04:09:08,Madison's Lumber Prices Index falls 2% to US$514/mfbm | Fordaq News,Madison's Lumber Prices Index moved lower in the week ending 18 September 2026. Market Prices • North America • Softwood Lumber Madison's Lumber ...,fordaq.com,Google Alert - timber prices,https://www.fordaq.com/news/Madison%E2%80%99s_Lumber_Prices_Index_falls_126438.html,,,,"tag:google.com,2013:googlealerts/feed:7009912414958056238",
2026-09-21,(rss),2026-09-21 20:10:15,A carbon-credit land rush is hollowing out New Zealand farm country | Reuters,"Forestry industry representatives reject the suggestion that the industry hollows out rural regions.The sector provides jobs, supports key industries ...",reuters.com,Google Alert - timber industry,https://www.reuters.com/world/carbon-credit-land-rush-is-hollowing-out-new-zealand-farm-country-2026-09-21/,,,,"tag:google.com,2013:googlealerts/feed:16172414299780279808",
2026-09-21,(rss),2026-09-21 17:08:47,Celebration marks 61st anniversary | Regional News | idahocountyfreepress.com,Logging · Timber Industry · Forestry · Multisports · Resource Extraction · Wood · Traditional Sports. Recommended for you. Most Popular. Articles ...,idahocountyfreepress.com,Google Alert - timber industry,https://www.idahocountyfreepress.com/news/regional/celebration-marks-61st-anniversary/article_9a89e3a1-dc44-40c4-af3d-12beef063fee.html,,,,"tag:google.com,2013:googlealerts/feed:5642959526291724583",
2026-09-21,(rss),2026-09-21 16:58:50,News in brief: Logging truck veteran takes top honour at Northland Forestry Awards 2026 - NZ Herald,The region's forestry industry packed out McKay Stadium in Whangārei on Friday for the biennial Northland Forestry Awards.,nzherald.co.nz,Google Alert - timber industry,https://www.nzherald.co.nz/northern-advocate/news/news-in-brief-logging-truck-veteran-takes-top-honour-at-northland-forestry-awards-2026/PSRZF7QRIBCRTPFA7MVQ4XPDHA/,,,,"tag:google.com,2013:googlealerts/feed:5037682213382299556",
2026-09-21,(rss),2026-09-21 16:44:15,"Vietnam, Poland explore supply chains for furniture manufacturing","... forestry operations, timber harvesting, processing , furniture production and product finishing. Polish agricultural and forestry machinery is ...",en.vietnamplus.vn,Google Alert - timber industry,https://en.vietnamplus.vn/vietnam-poland-explore-supply-chains-for-furniture-manufacturing-post352267.vnp,,,,"tag:google.com,2013:googlealerts/feed:8726121653802795664",
2026-09-21,(rss),2026-09-21 16:33:23,Saskatchewan Recognizes National Forest Week 2026 | News and Media,"Despite ongoing economic challenges, Saskatchewan's forestry sector remains northern Saskatchewan's second-largest industry after mining, supporting ...",saskatchewan.ca,Google Alert - timber industry,https://www.saskatchewan.ca/government/news-and-media/2026/september/21/saskatchewan-recognizes-national-forest-week-2026,,,,"tag:google.com,2013:googlealerts/feed:120159842143176925",
2026-09-21,(rss),2026-09-21 15:56:24,Glulam Softwood Beams Market To 2035: Chip Fab Construction and Data Center Demand ...,"... timber -hybrid adoption in industrial architecture. Supply-side factors, including softwood lumber costs, adhesive resin prices, and mill capacity ...",indexbox.io,Google Alert - timber industry,https://www.indexbox.io/blog/glulam-softwood-beams-market-forecast-to-2035-semiconductor-fab-construction-boom-drives-5-0-cagr/,,,,"tag:google.com,2013:googlealerts/feed:242492207952015740",
2026-09-21,(rss),2026-09-21 15:42:33,Columbia Woodworking opens 70000 sq. ft. facility in Maryland,"... industry . Photo by Columbia Woodworking. CAPITOL HEIGHTS, Md ... Industrial Timber expanding Mississippi operations with $2.6 million investment.",woodworkingnetwork.com,Google Alert - timber industry,https://www.woodworkingnetwork.com/news/woodworking-industry-news/columbia-woodworking-opens-70000-sq-ft-facility-maryland,,,,"tag:google.com,2013:googlealerts/feed:13948956197082849765",
2026-09-21,(rss),2026-09-21 15:08:50,Explore North Fork's Old Mill at October Open House - Sierra News Online,... forest material into electricity and biochar. The project connects the site's timber - industry past with efforts to find productive uses for woody ...,sierranewsonline.com,Google Alert - timber industry,https://sierranewsonline.com/explore-north-forks-old-mill-at-october-open-house/,,,,"tag:google.com,2013:googlealerts/feed:7994902310919043503",
2026-09-21,(rss),2026-09-21 14:02:44,How Bithell Davies is reshaping finance for forestry contractors,"A specialist commercial finance brokerage built on years of experience in forestry , agriculture and rural industries is preparing to meet its market ...",forestryjournal.co.uk,Google Alert - timber industry,https://www.forestryjournal.co.uk/features/forestry-journal-features/26566799.bithell-davies-reshaping-finance-forestry-contractors/,,,,"tag:google.com,2013:googlealerts/feed:13987613759670772366",
2026-09-21,(rss),2026-09-21 13:44:09,Why Australia's Builders Are Choosing Imported LVL Over Local Timber - Wood Central,State governments that closed native forests and a local timber industry that stopped innovating have only themselves to blame for the surge in ...,woodcentral.com.au,Google Alert - timber industry,https://woodcentral.com.au/imported-lvl-native-forest-closures/,,,,"tag:google.com,2013:googlealerts/feed:7550768047023843878",
2026-09-21,(rss),2026-09-21 09:08:02,Tairāwhiti's beaches overrun with forestry slash | RNZ,Gisborne District Council is the regulatory body for the forestry industry . It's trying to forge a path to more sustainable land use across the region ...,rnz.co.nz,Google Alert - timber industry,https://www.rnz.co.nz/news/environment/1500603/tairawhiti-s-beaches-overrun-with-forestry-slash,,,,"tag:google.com,2013:googlealerts/feed:1816378477109818281",
2026-09-21,(rss),2026-09-21 06:24:07,Poland's Forestry Machinery Makers Seek a Foothold in Vietnam - Wood Central,... industry exported a record $17.2 billion last year. ... timber plantations and stronger trade promotion as priorities for the forestry sector .,woodcentral.com.au,Google Alert - timber industry,https://woodcentral.com.au/vietnam-poland-furniture-supply-chain/,,,,"tag:google.com,2013:googlealerts/feed:661399543923532155",
2026-09-21,(rss),2026-09-21 03:34:13,11 Storybook Towns In Western Australia - World Atlas,"... forest within Lane Poole Reserve. The scars of the timber industry are still woven into the landscape, most notably through the Hotham Valley ...",worldatlas.com,Google Alert - timber industry,https://www.worldatlas.com/cities/11-storybook-towns-in-western-australia.html,,,,"tag:google.com,2013:googlealerts/feed:14231793357712974461",
2026-09-21,(rss),2026-09-21 03:13:48,Vietnam and Poland aim to boost furniture supply chains through strategic cooperation,"Vietnam has a developed furniture manufacturing industry , while Poland produces modern machinery for forestry , timber harvesting, processing , and ...",globalsources.com,Google Alert - timber industry,https://www.globalsources.com/sourcing-digest/vietnam-and-poland-aim-to-boost-furniture-supply-chains-through-strategic-cooperation/?source=GSOLHP_SKC_1,,,,"tag:google.com,2013:googlealerts/feed:14974987175574205083",
2026-09-21,(rss),2026-09-21 03:08:04,Conifex secures up to C$30 million federal tariff loan for Mackenzie sawmill | Fordaq News,"The federal government linked the support to continuing trade uncertainty affecting Canada's forest -products sector , including softwood lumber tariffs ...",fordaq.com,Google Alert - timber industry,https://www.fordaq.com/news/Conifex_secures_up_to_C30_126426.html,,,,"tag:google.com,2013:googlealerts/feed:3960097347682801839",
2026-09-21,(rss),2026-09-21 03:03:08,South Africa's R540 billion banking university - Daily Investor,"Standard Bank serves as a proto-university for South Africa's banking industry , developing talent for the rest of the sector to draw on.",dailyinvestor.com,Google Alert - timber industry,https://dailyinvestor.com/banking/155996/south-africas-r540-billion-banking-university/,,,,"tag:google.com,2013:googlealerts/feed:3092698715883191554",
2026-09-21,(rss),2026-09-21 17:39:26,Multiple agencies respond to fire at sawmill in Waldron - Daily Dispatch,A post from the Waldron Fire Department (WFD) on Sunday said multiple departments were on the scene of a fire at the sawmill on Highway 71B. WFD said ...,dailydispatch.com,Google Alert - sawmill,https://dailydispatch.com/fire-news/arkansas/multiple-agencies-respond-to-fire-at-sawmill-in-waldron/,,,,"tag:google.com,2013:googlealerts/feed:4330839880051551625",
2026-09-21,(rss),2026-09-21 14:11:38,TD Bank U.S. Supports Major Expansion of Ashland Sawmill Through New Markets Tax ...,"TD financing will help nearly double the Maine sawmill's lumber production, create and retain 220 quality jobs and strengthen the rural Aroostook ...",stories.td.com,Google Alert - sawmill,https://stories.td.com/us/en/article/td-bank-u-s-supports-major-expansion-of-ashland-sawmill-through-new-markets-tax-credits-financing,,,,"tag:google.com,2013:googlealerts/feed:18173603052530027205",
2026-09-21,(rss),2026-09-21 13:37:43,Irving's Ashland sawmill awarded $113M in tax credit allocations - Mainebiz,The Ashland sawmill expansion shows how new markets tax credits can bring private investment to rural communities and support businesses critical ...,mainebiz.biz,Google Alert - sawmill,https://mainebiz.biz/article/irvings-ashland-sawmill-awarded-113m-in-tax-credit-allocations/,,,,"tag:google.com,2013:googlealerts/feed:16320423811753821147",
2026-09-21,(rss),2026-09-21 13:36:04,Cargo ship collides with Chinese fishing boat | 7NEWS - YouTube,Go to channel Middlefield Custom Sawmill · You Won't Believe What's Inside this Log! Middlefield Custom Sawmill and Two Guys Timberframing•440K views.,youtube.com,Google Alert - sawmill,https://www.youtube.com/watch?v=zLjQBgXv-vc,,,,"tag:google.com,2013:googlealerts/feed:10395945873680611165",
2026-09-21,(rss),2026-09-21 08:55:02,Time capsule discovered inside Minnesota's oldest standing structure - YouTube,Go to channel Middlefield Custom Sawmill · You Won't Believe What's Inside this Log! Middlefield Custom Sawmill and Two Guys Timberframing•439K views.,youtube.com,Google Alert - sawmill,https://www.youtube.com/watch?v=vYLVvDAirTA,,,,"tag:google.com,2013:googlealerts/feed:13570585335398337807",
2026-09-21,(rss),2026-09-21 06:15:20,Multiple agencies respond to fire at sawmill in Waldron - Yahoo,A post from the Waldron Fire Department (WFD) on Sept. 20 said multiple departments were on the scene of a fire at the sawmill on Highway 71B. WFD ...,yahoo.com,Google Alert - sawmill,https://www.yahoo.com/news/articles/multiple-agencies-respond-fire-sawmill-221758596.html,,,,"tag:google.com,2013:googlealerts/feed:14318178512211872618",
2026-09-21,(rss),2026-09-21 00:03:11,'Nobody there' | Suppliers and former employees say Hi-Country owes thousands - YouTube,Go to channel Middlefield Custom Sawmill · You Won't Believe What's Inside this Log! Middlefield Custom Sawmill and Two Guys Timberframing•438K views.,youtube.com,Google Alert - sawmill,https://www.youtube.com/watch?v=0NvfwCl0ATA,,,,"tag:google.com,2013:googlealerts/feed:10702503255949173269",
2026-09-21,(rss),2026-09-21 19:37:44,"It's Saint John or Nova Scotia for new project, says Holt | Telegraph-Journal",... pulp and paper mills. “I appreciate that this one's a little bit newer to New Brunswickers in part because Elemental is trying to determine ...,tj.news,Google Alert - pulp and paper,https://tj.news/new-brunswick/its-saint-john-or-nova-scotia-for-new-project-says-holt,,,,"tag:google.com,2013:googlealerts/feed:16799333994679736019",
2026-09-21,(rss),2026-09-21 19:04:35,Province invests $3.6 million in biomass projects to pivot forestry sector,"On Sept. 17, the government dropped more than $2.5 million for Thunder Bay Pulp and Paper ...",northernontariobusiness.com,Google Alert - pulp and paper,https://www.northernontariobusiness.com/industry-news/forestry/province-invests-36-million-in-biomass-projects-to-pivot-forestry-sector-12803310,,,,"tag:google.com,2013:googlealerts/feed:1563930382950838748",
2026-09-21,(rss),2026-09-21 17:51:25,The Turin Central Bank will pay more than 50 million rubles for damage caused to soils,"JSC ""Turinsky Pulp and Paper Mill"" is an enterprise of the pulp and paper , forestry and woodworking industries of the Ural-Siberian region. The ...",akm.ru,Google Alert - pulp and paper,https://www.akm.ru/eng/news/the-turin-central-bank-will-pay-more-than-50-million-rubles-for-damage-caused-to-soils/,,,,"tag:google.com,2013:googlealerts/feed:4839891103778078858",
2026-09-21,(rss),2026-09-21 17:39:48,"Washington negotiating massive deal on potash imports from Belarus, Trump says | Pozirk","... Pulp and Paper Industry Concern (Biellespapierapram) and AAT Łakafarba, a state-owned producer of paints and varnishes. Coale had reportedly hoped ...",pozirk.online,Google Alert - pulp and paper,https://pozirk.online/en/news/204619/,,,,"tag:google.com,2013:googlealerts/feed:12978324008321143670",
2026-09-21,(rss),2026-09-21 16:17:26,Domtar Dolbeau Mill addresses cracked paper roll,"Connect with the people, insights, and opportunities shaping the Canadian pulp and paper industry. Advertise Subscribe. Discover. Deep Dives · News.",pulpandpapercanada.com,Google Alert - pulp and paper,https://www.pulpandpapercanada.com/domtar-dolbeau-mill-addresses-cracked-paper-roll/,,,,"tag:google.com,2013:googlealerts/feed:8137776433371942432",
2026-09-21,(rss),2026-09-21 16:15:51,Hydrogen Peroxide Solutions Market Growth Driven by Water - openPR.com,"Press release - QYResearch.Inc - Hydrogen Peroxide Solutions Market Growth Driven by Water Treatment, Pulp & Paper and Chemical Processing ...",openpr.com,Google Alert - pulp and paper,https://www.openpr.com/news/4638303/hydrogen-peroxide-solutions-market-growth-driven-by-water,,,,"tag:google.com,2013:googlealerts/feed:4552797191971754018",
2026-09-21,(rss),2026-09-21 14:52:45,Price to earnings forward of National Consumer Holding Company – KSE:NCCI,/ Pulp & Paper ; /NCCI; /Financials. National ...,tradingview.com,Google Alert - pulp and paper,https://www.tradingview.com/symbols/KSE-NCCI/financials-statistics-and-ratios/price-earnings-fwd/,,,,"tag:google.com,2013:googlealerts/feed:9503802389421539593",
2026-09-21,(rss),2026-09-21 14:18:06,Smol launches recyclable paper laundry detergent bottle | News - The Grocer,"Made from wood pulp fibre, the bottle can be put into household paper and card recycling.",thegrocer.co.uk,Google Alert - pulp and paper,https://www.thegrocer.co.uk/news/smol-launches-recyclable-paper-laundry-detergent-bottle/723848.article,,,,"tag:google.com,2013:googlealerts/feed:9404625918140563412",
2026-09-21,(rss),2026-09-21 14:17:55,Ontario supports Thunder Bay pulp mill upgrade plans | MET Magazine,Shift toward softwood kraft pulp. The planned investment comes as Thunder Bay Pulp and Paper completes a significant change in its product mix. In ...,metissue.com,Google Alert - pulp and paper,https://www.metissue.com/news/ontario-supports-thunder-bay-pulp-mill-upgrade-plans,,,,"tag:google.com,2013:googlealerts/feed:9061762694637320395",
2026-09-21,(rss),2026-09-21 13:40:25,Urgent needs of the paper industry: competitive energy and access to raw materials,"ROMPAP – The Employers' Association of the Pulp and Paper Industry, which brings together 19 members with an annual turnover of over €1 billion and ...",business-review.eu,Google Alert - pulp and paper,https://business-review.eu/business/urgent-needs-of-the-paper-industry-competitive-energy-and-access-to-raw-materials-300755,,,,"tag:google.com,2013:googlealerts/feed:11044318451609421456",
2026-09-21,(rss),2026-09-21 12:48:06,US Sodium Hypochlorite Market Dynamics and Demand Outlook Through September 2026,... paper production remained firm. Sodium hypochlorite is used in selected pulp -bleaching processes to improve pulp brightness before paper manufacturing ...,chemanalyst.com,Google Alert - pulp and paper,https://www.chemanalyst.com/NewsAndDeals/NewsDetails/us-sodium-hypochlorite-market-dynamics-and-demand-outlook-44566,,,,"tag:google.com,2013:googlealerts/feed:13426577562985146684",
2026-09-21,(rss),2026-09-21 12:34:56,A New Highland for the Modern Paper Industry Rises on the Banks of the Xijiang River ...,"The China-ASEAN Household Paper Industrial Park has been established, gathering 35 pulp and paper enterprises and constructing a complete ...",markets.businessinsider.com,Google Alert - pulp and paper,https://markets.businessinsider.com/news/stocks/a-new-highland-for-the-modern-paper-industry-rises-on-the-banks-of-the-xijiang-river-gangbei-district-vigorously-promotes-high-quality-development-of-the-modern-paper-industry-1036560137,,,,"tag:google.com,2013:googlealerts/feed:10049699215354667886",
2026-09-21,(rss),2026-09-21 12:00:50,Georgia-Pacific tests autonomous drone system at Alabama pulp mill,"Tissue Online North America is a key reference for the entire tissue paper production chain, serving as the primary news outlet exclusively dedicated ...",tissueonlinenorthamerica.com,Google Alert - pulp and paper,https://tissueonlinenorthamerica.com/georgia-pacific-tests-autonomous-drone-system-at-alabama-pulp-mill/,,,,"tag:google.com,2013:googlealerts/feed:2812602985694287524",
2026-09-21,(rss),2026-09-21 11:32:20,Visit of the Slovenian Ambassador to the United Arab Emirates to the Pulp and Paper Institute,"The Pulp and Paper Institute was pleased to welcome Ms Sabina Stadler, Ambassador of the Republic of Slovenia to the United Arab Emirates, ...",icp-lj.si,Google Alert - pulp and paper,https://icp-lj.si/visit-of-the-slovenian-ambassador-to-the-united-arab-emirates-to-the-pulp-and-paper-institute/?lang=en,,,,"tag:google.com,2013:googlealerts/feed:3502629272390818078",
2026-09-21,(rss),2026-09-21 10:40:33,Sappi Europe eyes higher CMR prices as of October - EUWID Pulp and Paper,Paper worker handles reel of paper at Sappi Europe's Kirkniemi mill. Sappi Europe produces coated mechanical reels at the Kirkniemi paper mill in ...,euwid-paper.com,Google Alert - pulp and paper,https://www.euwid-paper.com/news/companies/sappi-europa-eyes-higher-cmr-prices-210926/,,,,"tag:google.com,2013:googlealerts/feed:17235668967623326876",
2026-09-21,(rss),2026-09-21 10:30:00,"Nokia began in 1865 as a paper mill, expanded into rubber and cables, launched its first ...","Nokia began its remarkable corporate journey in 1865, not as a technology company, but as a small wood- pulp and paper operation in Finland.",m.economictimes.com,Google Alert - pulp and paper,https://m.economictimes.com/news/international/us/science-news-nokia-began-in-1865-as-a-paper-mill-expanded-into-rubber-and-cables-launched-its-first-handheld-in-1987-and-led-mobile-phones-by-1998-after-149-years-its-handset-business-was-sold-to-microsoft-in-2014/amp_articleshow/134386687.cms,,,,"tag:google.com,2013:googlealerts/feed:8058705324622216620",
2026-09-21,(rss),2026-09-21 07:10:54,VanEck - Global Resources UCITS I1 Investment Strategy - Morningstar,"... pulp and paper ), or other areas of natural resources). Related Share Classes. Ticker. Name. Share Class Type. Investment Status. Morningstar Rating ...",morningstar.com,Google Alert - pulp and paper,https://www.morningstar.com/funds/_/0P0001B6XF/strategy,,,,"tag:google.com,2013:googlealerts/feed:14754196822581332530",
2026-09-21,(rss),2026-09-21 07:09:47,Kadant announces CEO succession plan - PULPAPERnews.com,Unifor members at the Domtar mills involved in Eastern Canada pulp and paper pattern bargaining...,pulpapernews.com,Google Alert - pulp and paper,https://www.pulpapernews.com/20260921/18191/kadant-announces-ceo-succession-plan,,,,"tag:google.com,2013:googlealerts/feed:2342755416479724692",
2026-09-21,(rss),2026-09-21 12:13:22,FeedTechnoVision 2026 to explore the future of Asia's feed industry - By Poultry World,Responding to a changing feed landscape; Resilient ingredients and integrated quality systems; From operational excellence to the Feed Mill of the ...,foodagribusiness.world,Google Alert - pellet mill,https://www.foodagribusiness.world/feed/feedtechnovision-2026-to-explore-the-future-of-asia-s-feed-industry,,,,"tag:google.com,2013:googlealerts/feed:15949892870137937255",
2026-09-21,(rss),2026-09-21 17:17:47,NB Power advances Belledune clean fuel project - Biomass Magazine,"The decision follows several years of technical studies, fuel testing and project development. Converting Belledune to advanced pellets was identified ...",biomassmagazine.com,Google Alert - pellet fuel,https://biomassmagazine.com/articles/nb-power-advances-belledune-clean-fuel-project,,,,"tag:google.com,2013:googlealerts/feed:6673894696461452604",
2026-09-21,(rss),2026-09-21 12:14:38,"Researchers Turn Wood Waste into Nanocellulose for Farming, Dye Cleanup and Wound Care","Nanocellulose derived from wood waste exhibited a heterogeneous particle-size distribution spanning nano- and submicron fractions, alongside a small ...",azonano.com,Google Alert - nanocellulose,https://www.azonano.com/news.aspx?newsID=41835,,,,"tag:google.com,2013:googlealerts/feed:5397319080003982802",
2026-09-21,(rss),2026-09-21 03:06:21,Surrounded by Montana River Bottom Elk — What Buckmasters' Jackie Bushman Did Next,"Montana Outdoor Podcast. The Big Timber Is Talking: What Northwest Montana's Wildlife Is Telling Hunters About 2026. Sep 19, 2026 · Angela Montana .",montanaoutdoor.com,Google Alert - montana timber,https://www.montanaoutdoor.com/2026/09/surrounded-by-montana-river-bottom-elk-what-buckmasters-jackie-bushman-did-next/,,,,"tag:google.com,2013:googlealerts/feed:3327763901799227895",
2026-09-21,(rss),2026-09-21 20:01:42,"Bigwave Robotics Deploys Humanoids in Modular Housing Production, Igniting ...","""Based on the high-quality data secured from actual field operations, we will advance our construction -specific Physical AI solutions to actively ...",einnews.com,Google Alert - modular construction,https://www.einnews.com/pr_news/943256494/bigwave-robotics-deploys-humanoids-in-modular-housing-production-igniting-construction-automation,,,,"tag:google.com,2013:googlealerts/feed:11794894044939641941",
2026-09-21,(rss),2026-09-21 17:27:25,Porthtowan Surf Lifesaving club gets new building approval - BBC News,"... modular building . The replacement building is being supported by the Making Space for Sand project, funded by the Department for Environment Food ...",bbc.co.uk,Google Alert - modular construction,https://www.bbc.co.uk/news/articles/cwddvp5d378do,,,,"tag:google.com,2013:googlealerts/feed:1015898912413494778",
2026-09-21,(rss),2026-09-21 16:53:45,South Korea Modular Construction Market to Reach US$2.90 - GlobeNewswire,"South Korea's modular construction adoption is accelerating, led by permanent steel housing, smart sustainable systems, automation, public-private ...",globenewswire.com,Google Alert - modular construction,https://www.globenewswire.com/news-release/2026/09/21/3365750/28124/en/south-korea-modular-construction-market-to-reach-us-2-90-billion-by-2035-as-demand-for-faster-sustainable-building-solutions-rises.html,,,,"tag:google.com,2013:googlealerts/feed:3513201747242599041",
2026-09-21,(rss),2026-09-21 16:42:16,Global Construction Sand Market to Reach USD 119.5 Billion by 2033 as Infrastructure ...,Modular Construction Market Poised for Growth ...,uk.finance.yahoo.com,Google Alert - modular construction,https://uk.finance.yahoo.com/news/global-construction-sand-market-reach-161200529.html,,,,"tag:google.com,2013:googlealerts/feed:18434995129123854831",
2026-09-21,(rss),2026-09-21 16:37:26,Lehigh Valley manufacturer continues expansion effort with acquisition of supplier,"In August, it acquired Arumani, a modular construction and mechanical assembly company based in Spain. Victaulic has more than 6,000 employees and ...",mcall.com,Google Alert - modular construction,https://www.mcall.com/2026/09/21/victaulic-acquires-supplier-core-pipe-products/,,,,"tag:google.com,2013:googlealerts/feed:7985705838559719464",
2026-09-21,(rss),2026-09-21 16:09:53,Malaysia Prefabricated Construction Market Set for - GlobeNewswire,"Malaysia's prefab sector is shifting to PPVC housing, modular public buildings and data centers, creating opportunities in certified manufacturing ...",globenewswire.com,Google Alert - modular construction,https://www.globenewswire.com/news-release/2026/09/21/3365700/28124/en/malaysia-prefabricated-construction-market-set-for-expansion-as-demand-accelerates-across-end-markets-precast-products-and-materials-q2-2026-forecast-with-100-kpis.html,,,,"tag:google.com,2013:googlealerts/feed:14496605621987545901",
2026-09-21,(rss),2026-09-21 16:09:43,Modular Construction Market Poised for Growth Through 2033 - GlobeNewswire,"Demand for faster, cost-effective, sustainable building is driving modular construction , with opportunities in emerging markets, automation, ...",globenewswire.com,Google Alert - modular construction,https://www.globenewswire.com/news-release/2026/09/21/3365702/28124/en/modular-construction-market-poised-for-growth-through-2033-as-demand-for-faster-cost-efficient-and-sustainable-building-solutions-accelerates.html,,,,"tag:google.com,2013:googlealerts/feed:9178505221449660706",
2026-09-21,(rss),2026-09-21 15:29:05,Bigwave Robotics Deploys Humanoids in Modular Housing Production,... construction automation by deploying humanoid robots at the largest modular housing production site. ... modular housing and construction industries.,natlawreview.com,Google Alert - modular construction,https://natlawreview.com/press-releases/bigwave-robotics-deploys-humanoids-modular-housing-production-igniting,,,,"tag:google.com,2013:googlealerts/feed:16075014460608821698",
2026-09-21,(rss),2026-09-21 15:24:58,Make a LEGO Harry Potter modular building for under £100 - Brick Fanatics,A recent LEGO Harry Potter sale and a fan-designed alternate build mean that you can make a half-baseplate LEGO modular building for under £100 ...,brickfanatics.com,Google Alert - modular construction,https://www.brickfanatics.com/make-lego-harry-potter-modular-building-under-100,,,,"tag:google.com,2013:googlealerts/feed:7809884625733111013",
2026-09-21,(rss),2026-09-21 14:42:12,Official opening of Viscaria Village – a new standard in industrial accommodation,"... construction time, costs and environmental impact. – The project demonstrates the strength of modular construction . As the facility can be ...",mynewsdesk.com,Google Alert - modular construction,https://www.mynewsdesk.com/uk/strawberry/pressreleases/official-opening-of-viscaria-village-a-new-standard-in-industrial-accommodation-3468163?utm_source=rss&utm_medium=rss&utm_campaign=Alert&utm_content=pressrelease,,,,"tag:google.com,2013:googlealerts/feed:12024985035715280888",
2026-09-21,(rss),2026-09-21 14:28:38,SAMSUNG E&A launches entry into LNG plant market | Hydrocarbon Engineering,"The modular construction method involves prefabricating key equipment in a factory or yard and assembling it on-site, which minimises on-site work ...",hydrocarbonengineering.com,Google Alert - modular construction,https://www.hydrocarbonengineering.com/gas-processing/21092026/samsung-ea-launches-entry-into-lng-plant-market/,,,,"tag:google.com,2013:googlealerts/feed:4510037227023576294",
2026-09-21,(rss),2026-09-21 12:51:51,Could factory-built homes help alleviate the affordable housing crunch? - Marketplace.org,Modular means the buildings are constructed in factories and assembled like Lego blocks on site to local building codes. “We're building a three ...,marketplace.org,Google Alert - modular construction,https://www.marketplace.org/story/2026/09/15/can-factorybuilt-homes-fix-the-affordable-housing-crisis,,,,"tag:google.com,2013:googlealerts/feed:1863154523219870695",
2026-09-21,(rss),2026-09-21 10:55:39,Crusoe bets on modular data centres for AI's future - Capacity,... construction . Moving in this direction could address several concerns of expanding large-scale AI infrastructure: access to large amounts of ...,capacityglobal.com,Google Alert - modular construction,https://capacityglobal.com/news/crusoe-bets-on-modular-data-centres/,,,,"tag:google.com,2013:googlealerts/feed:11920612624844690658",
2026-09-21,(rss),2026-09-21 10:40:33,L&T completes major modular project for Australia - Manufacturing Today India,"... modular fabrication and global. The project highlights the growing use of modular construction , where major sections of a facility are built away ...",manufacturingtodayindia.com,Google Alert - modular construction,https://www.manufacturingtodayindia.com/lt-completes-major-modular-project,,,,"tag:google.com,2013:googlealerts/feed:4653315982632410172",
2026-09-21,(rss),2026-09-21 10:07:02,Cleveland plans $1 million to bring modular home manufacturer to Central,"That's the kind of newsroom we're building — together. No paywalls. No spin. Just reporting that listens, explains and shows up for our ...",signalcleveland.org,Google Alert - modular construction,https://signalcleveland.org/cleveland-modular-home-manufacturer-mmy-central-incentives/,,,,"tag:google.com,2013:googlealerts/feed:5219921205185409209",
2026-09-21,(rss),2026-09-21 09:17:41,Freecity progresses works at Herring Road PBSA,Volumetric modular construction specialist Freecity has stacked modules to level 12 of its 20-storey 169–171 Herring Road purpose-built student ...,pbsanews.co.uk,Google Alert - modular construction,https://pbsanews.co.uk/article/freecity-progresses-works-at-herring-road-pbsa,,,,"tag:google.com,2013:googlealerts/feed:2581037392324349385",
2026-09-21,(rss),2026-09-21 18:55:49,LEE ROY JORDAN ADDS MAXIMO WOOD IN DALLAS - Building Products Digest,"... wood and hardwood products in the Dallas, Tx., market through Lee Roy Jordan Lumber Co. Maximo is at the forefront of the trend towards thermally ...",building-products.com,Google Alert - lumber market,https://www.building-products.com/lee-roy-jordan-adds-maximo-wood-in-dallas/,,,,"tag:google.com,2013:googlealerts/feed:849248611063067716",
2026-09-21,(rss),2026-09-21 17:26:15,"Wood Framing Dominates Single-Family Construction, per NAHB - LBM Journal","Wood framing accounts for 94% of U.S. single-family home construction in 2025. Discover market trends, concrete and steel alternatives, ...",lbmjournal.com,Google Alert - lumber market,https://www.lbmjournal.com/industry-news/data/press-release/15835388/national-association-of-home-builders-wood-framing-dominates-singlefamily-construction-per-nahb,,,,"tag:google.com,2013:googlealerts/feed:11473851756174867754",
2026-09-21,(rss),2026-09-21 16:34:35,Commercial real estate firm returns to Minneapolis with plans to build 10-person team,"He helped facilitate major deals for companies like U.S Lumber , Binks, Nextern and Pella Corp. ... Colliers names new Twin Cities market leader.",bizjournals.com,Google Alert - lumber market,https://www.bizjournals.com/twincities/news/2026/09/21/cresa-occupier-minneapolis-dan-lofgren-real-estate.html,,,,"tag:google.com,2013:googlealerts/feed:17679989098973601585",
2026-09-21,(rss),2026-09-21 13:50:11,"GreenFirst Forest Q2FY26 Results: Revenue rises 60%, turns profitable - ScanX","He noted that the torrefied pellet project could open new markets for residual biomass, leveraging Northern Ontario's abundant wood fibre resources.",scanx.trade,Google Alert - lumber market,https://scanx.trade/stock-market-news/companies/greenfirst-forest-q2fy26-results-revenue-rises-60-turns-profitable/51543845,,,,"tag:google.com,2013:googlealerts/feed:18281420305426018630",
2026-09-21,(rss),2026-09-21 08:12:38,"2021 Ford F550 For Sale in London, OH - Construction Equipment Guide","Home ↠ Equipment for Sale ↠ Used Logging Trucks ↠ Ford Logging Trucks ↠ 2021 Ford F550. 2021 Ford F550 For Sale in London, OH.",constructionequipmentguide.com,Google Alert - logging truck,https://www.constructionequipmentguide.com/used-equipment/ford/logging-trucks/f550/id/88869544,,,,"tag:google.com,2013:googlealerts/feed:3988356785602290240",
2026-09-21,(rss),2026-09-21 16:53:20,Video: Wood Energy Regions Network launched in Europe,"Rich Christianson is the owner of Richson Media LLC, a Chicago-based communications firm focused on the industrial woodworking sector . Rich is the ...",woodworkingnetwork.com,Google Alert - logging industry,https://www.woodworkingnetwork.com/news/woodworking-industry-news/video-wood-energy-regions-network-launched-europe,,,,"tag:google.com,2013:googlealerts/feed:4591106156847232329",
2026-09-21,(rss),2026-09-21 09:35:02,"Trump administration says developers, loggers can kill endangered species - Stateline.org","Individuals and industries may kill endangered animals in the course of logging projects, developments and other activities, it said — so long as the ...",stateline.org,Google Alert - logging industry,https://stateline.org/2026/09/21/trump-administration-says-developers-loggers-can-kill-endangered-species/,,,,"tag:google.com,2013:googlealerts/feed:9066641161559718172",
2026-09-21,(rss),2026-09-21 13:09:16,China Spends More on NZ Wood Even as Its Building Starts Fall,"Large stacks of radiata pine export logs sit on the wharf beside the log carrier Belle Mer at the Port of Wellington, New Zealand. Logs , wood, and ...",woodcentral.com.au,Google Alert - log export,https://woodcentral.com.au/new-zealand-wood-exports-china/,,,,"tag:google.com,2013:googlealerts/feed:13797716890964162431",
2026-09-21,(rss),2026-09-21 10:29:19,Grassley urges Trump to place embargo on diesel exports amid high prices - The Hill,Sen. Chuck Grassley urged President Trump to impose a diesel export embargo to protect farmers from rising fuel costs ... Log Out. Newsletters · Morning ...,thehill.com,Google Alert - log export,https://thehill.com/policy/transportation/6100820-grassley-urges-trump-diesel-embargo/,,,,"tag:google.com,2013:googlealerts/feed:7605555466212033672",
2026-09-21,(rss),2026-09-21 06:19:48,High diesel prices hit farmers as officials push export limits | National | hpenews.com,Export · Price · United States · Oil Refinery · Petroleum · Fuel · Gasoline ... Offer. Log In. You are logged in. Switch accounts. Secure transaction ...,hpenews.com,Google Alert - log export,https://www.hpenews.com/archdale_trinity_news/news/national/high-diesel-prices-hit-farmers-as-officials-push-export-limits/article_a94135d9-7d8d-5373-a25b-5d9698179908.html,,,,"tag:google.com,2013:googlealerts/feed:12758584877207568702",
2026-09-21,(rss),2026-09-21 06:05:39,High diesel prices hit farmers as officials push export limits | National | heraldpalladium.com,Please log in or subscribe to keep reading. Log In. You are logged in. Switch accounts. TRIAL OFFER. Unlimited Digital Access. $1.99 for 30 days. For ...,heraldpalladium.com,Google Alert - log export,https://www.heraldpalladium.com/news/national/high-diesel-prices-hit-farmers-as-officials-push-export-limits/article_cf0c4ec2-7589-5aa2-bd6b-66eb649bc74b.html,,,,"tag:google.com,2013:googlealerts/feed:886857079093814896",
2026-09-21,(rss),2026-09-21 20:33:53,2027 DNR Urban Forestry Grant Applications Due Oct. 1. |,Grants are awarded to projects that align with state and national goals for increasing the urban forest canopy and the benefits it provides. These ...,forestrynews.blogs.govdelivery.com,Google Alert - forestry,https://forestrynews.blogs.govdelivery.com/2026/09/21/2027-dnr-urban-forestry-grant-applications-due-oct-1/,,,,"tag:google.com,2013:googlealerts/feed:16162340089176346364",
2026-09-21,(rss),2026-09-21 20:18:52,New Urban Forestry LEAF Curriculum Available |,The Urban Forest Lesson Guide helps Wisconsin teachers educate students about the value of and need for our urban forests .,forestrynews.blogs.govdelivery.com,Google Alert - forestry,https://forestrynews.blogs.govdelivery.com/2026/09/21/new-urban-forestry-leaf-curriculum-available/,,,,"tag:google.com,2013:googlealerts/feed:9836391635103772309",
2026-09-21,(rss),2026-09-21 19:28:59,'We have more deer than our forests can support': Norwich walk highlights browse damage,Attendees scanned the forest understory looking for saplings with torn leaves and chewed stems and other telltale signs of deer browse. The Aug. 31 ...,vtdigger.org,Google Alert - forestry,https://vtdigger.org/2026/09/21/we-have-more-deer-than-our-forests-can-support-norwich-walk-highlights-browse-damage/,,,,"tag:google.com,2013:googlealerts/feed:13603901317370454435",
2026-09-21,(rss),2026-09-21 18:22:25,"Forestry -Maple Extension Aide, CALS Ashely School of Global Development and the ...",... Forestry -Maple Extension Aide to support forestry and maple extension programs at the Arnot Teaching and Research Forest . This position combines ...,higheredjobs.com,Google Alert - forestry,https://www.higheredjobs.com/state/details.cfm?JobCode=179563346&Title=Forestry%2DMaple%20Extension%20Aide%2C%20CALS%20Ashely%20School%20of%20Global%20Development%20and%20the%20Environment%20%28Onsite%29,,,,"tag:google.com,2013:googlealerts/feed:8636518409500555208",
2026-09-21,(rss),2026-09-21 17:52:20,Wallowa-Whitman National Forest to begin prescribed fires - Elkhorn Media Group,"BAKER CITY – (Press release from the U.S. Forest Service) Wallowa-Whitman National Forest is planning prescribed fire operations within the month, ...",elkhornmediagroup.com,Google Alert - forestry,https://elkhornmediagroup.com/wallowa-whitman-national-forest-to-begin-prescribed-fires-2/,,,,"tag:google.com,2013:googlealerts/feed:8854681605852810508",
2026-09-21,(rss),2026-09-21 17:47:25,Prescott National Forest Pile Burning Planned Through October,Prescott National Forest Pile Burning Planned Through October. Fire Managers on the Bradshaw Ranger District plan to conduct prescribed pile burning ...,ein.az.gov,Google Alert - forestry,https://ein.az.gov/prescott-national-forest-pile-burning-planned-through-october,,,,"tag:google.com,2013:googlealerts/feed:10272236152923725539",
2026-09-21,(rss),2026-09-21 17:39:00,Tropical Forest Forever Facility | The Nature Conservancy,The Tropical Forest Forever Facility (TFFF) is the first initiative of its kind to reward countries and stewards for protecting standing forests . Tree ...,nature.org,Google Alert - forestry,https://www.nature.org/en-us/what-we-do/our-priorities/tackle-climate-change/climate-change-stories/tropical-forests-forever-facility/,,,,"tag:google.com,2013:googlealerts/feed:5694632148383556117",
2026-09-21,(rss),2026-09-21 17:02:23,A 72-Acre Ranch Next to the Headwaters Forest Preserve Secures Permanent Protection via ...,"Westfall Ranch is adjacent to Headwaters Forest Reserve and near the Elk River trailhead, south of Eureka, California. The property includes roughly a ...",lostcoastoutpost.com,Google Alert - forestry,https://lostcoastoutpost.com/2026/sep/21/72-acre-ranch-next-headwaters-forest-preserve-secu/,,,,"tag:google.com,2013:googlealerts/feed:15397620596812056634",
2026-09-21,(rss),2026-09-21 16:14:31,Three Tennessee Leaders Named Recipients of National FFA's Highest Honor - TN.gov,"Shaw was named the Tennessee Forestry Association Legislator of the Year in 2016 for his work in forestry , conservation and natural resource ...",tn.gov,Google Alert - forestry,https://www.tn.gov/agriculture/news/2026/9/21/three-tennessee-leaders-named-recipients-of-national-ffa-s-highest-honor.html,,,,"tag:google.com,2013:googlealerts/feed:15445166308409110296",
2026-09-21,(rss),2026-09-21 16:12:57,WCRC: forestry work on Smythe Rd this week | The Manchester Mirror,Washtenaw County Road Commission (WCRC) is performing forestry work on Smythe Rd between Pleasant Lake Rd and Wingate Rd in Sharon Township this ...,themanchestermirror.com,Google Alert - forestry,https://themanchestermirror.com/2026/09/21/wcrc-forestry-work-on-smythe-rd-this-week/,,,,"tag:google.com,2013:googlealerts/feed:11584068082669380241",
2026-09-21,(rss),2026-09-21 16:12:22,"Forestry Cos., DOL End Fight Over Seasonal Worker Penalties - Law360",Two forestry companies and the U.S. Department of Labor have ended a yearslong dispute in Louisiana federal court over whether the agency could ...,law360.com,Google Alert - forestry,https://www.law360.com/articles/2527767/forestry-cos-dol-end-fight-over-seasonal-worker-penalties,,,,"tag:google.com,2013:googlealerts/feed:1360984558287001851",
2026-09-21,(rss),2026-09-21 16:09:06,Forest Service adds comment period for Maroon Bells management decision,"Pitkin County has partnered with the Forest Service on operations at Maroon Bells for decades, but the partnership is not a solution for a lack of ...",westernpriorities.org,Google Alert - forestry,https://westernpriorities.org/2026/09/forest-service-adds-comment-period-for-maroon-bells-management-decision/,,,,"tag:google.com,2013:googlealerts/feed:3234523641708945924",
2026-09-21,(rss),2026-09-21 20:29:05,Newsom Just Vetoed the Bill That Would Have Rewritten Logging Rules in a Mendocino Forest,Current law defines the job of California's 14 demonstration forests as maximum sustained production of high-quality forest products . The bill ...,activenorcal.com,Google Alert - forest products,https://www.activenorcal.com/newsom-just-vetoed-the-bill-that-would-have-rewritten-logging-rules-in-a-mendocino-forest/,,,,"tag:google.com,2013:googlealerts/feed:2465573198999451575",
2026-09-21,(rss),2026-09-21 19:41:00,More than 500 shippers voice support for proposed Union Pacific-Norfolk Southern merger,"... forest products , food and automotive have submitted statements supporting the proposed combination. The companies are seeking approval from the ...",northplattepost.com,Google Alert - forest products,https://northplattepost.com/posts/002b61fb-c76a-4423-9c1a-d922ef74cc9a,,,,"tag:google.com,2013:googlealerts/feed:123102124817714786",
2026-09-21,(rss),2026-09-21 18:24:51,TimberHP EPDs Document Carbon Storage Across Complete Wood Fiber Insulation Portfolio,TimberHP uses residual wood fiber from the forest products industry and incorporates that carbon-rich material into durable insulation designed to ...,prnewswire.com,Google Alert - forest products,https://www.prnewswire.com/news-releases/timberhp-epds-document-carbon-storage-across-complete-wood-fiber-insulation-portfolio-302885044.html,,,,"tag:google.com,2013:googlealerts/feed:2697570524069415637",
2026-09-21,(rss),2026-09-21 14:58:42,Guest editorial: The case against Colorado's Proposition 137,"... products,” and to “Provide loans to forest products businesses.” The consensus of peer-reviewed science reveals it is impossible to “prevent ...",completecolorado.com,Google Alert - forest products,https://completecolorado.com/2026/09/21/the-case-against-colorado-proposition-137/,,,,"tag:google.com,2013:googlealerts/feed:10691241306276951885",
2026-09-21,(rss),2026-09-21 14:29:11,FSC Forest Week calls on businesses and consumers to take action | RW - Retail World,"From community engagement activities and workplace initiatives to forest walks and FSC-certified product launches, participants continue to find new ...",retailworldmagazine.com.au,Google Alert - forest products,https://retailworldmagazine.com.au/fsc-forest-week-calls-on-businesses-and-consumers-to-take-action/,,,,"tag:google.com,2013:googlealerts/feed:16765381110791274393",
2026-09-21,(rss),2026-09-21 11:37:01,Unique university-First Nation partnership turns wood waste into packaging at Vancouver pilot plant,"“It would be a collaborative hub that supports research and development of innovative sustainable uses for lumber and forest products ,” sayz Zhu.",canada.constructconnect.com,Google Alert - forest products,https://canada.constructconnect.com/dcn/news/technology/2026/09/unique-university-first-nation-partnership-turns-wood-waste-into-packaging-at-vancouver-pilot-plant,,,,"tag:google.com,2013:googlealerts/feed:155448236214339819",
2026-09-21,(rss),2026-09-21 10:30:54,"KVNF Regional Newscast: September 19, 2026","Almost 400 Montrose workers are potentially losing their jobs in the coming weeks, as Montrose Forest Products plans to wind down operations. The ...",kvnf.org,Google Alert - forest products,https://www.kvnf.org/podcast/kvnf-regional-newscast/2026-09-21/kvnf-regional-newscast-september-19-2026?_amp=true,,,,"tag:google.com,2013:googlealerts/feed:17445330049414259519",
2026-09-21,(rss),2026-09-21 08:12:54,Austria joins €233 million FOREST Partnership as first €40 million research call opens,The FOREST Partnership's first joint call includes a dedicated topic for timber and innovative wood-based products .,fordaq.com,Google Alert - forest products,https://www.fordaq.com/news/Austria_joins_%E2%82%AC233_million_FOREST_126501.html,,,,"tag:google.com,2013:googlealerts/feed:14814116876618707233",
2026-09-21,(rss),2026-09-21 06:58:03,Guri City to Turn Discarded Urban Forest By- products into Power Fuel... Saves 60 Million ...,"Guri City in Gyeonggi Province will recycle by- products from urban forests , which previously had been treated as waste, turning them into ...",asiae.co.kr,Google Alert - forest products,https://www.asiae.co.kr/en/article/social-general/2026092115043336775,,,,"tag:google.com,2013:googlealerts/feed:5876564999284189398",
2026-09-21,(rss),2026-09-21 18:42:57,"Gallego, Colleagues Celebrate Passage of Wildfire Prevention Bill from Committee","“ Forest management is difficult, but it is much easier and safer to ... “Empowering states to proactively manage forests will reduce the frequency and ...",gallego.senate.gov,Google Alert - forest management,https://www.gallego.senate.gov/news/press-releases/gallego-colleagues-celebrate-passage-of-wildfire-prevention-bill-from-committee/,,,,"tag:google.com,2013:googlealerts/feed:3039347240817829313",
2026-09-21,(rss),2026-09-21 17:36:32,4-H Forestry Judging team excels in recent competition - The Post-Searchlight,"... forest management . Forestry Judging gets youth outdoors while helping them understand how forests provide valuable wood products, wildlife habitat ...",thepostsearchlight.com,Google Alert - forest management,https://thepostsearchlight.com/2026/09/21/4-h-forestry-judging-team-excels-in-recent-competition/?utm_source=site&utm_medium=organic&utm_campaign=recirculation,,,,"tag:google.com,2013:googlealerts/feed:640568135483434642",
2026-09-21,(rss),2026-09-21 16:32:48,5 Q's for Jared Huffman on his plans for new district voters - Modesto Bee,"... management, water rights and wolf worries. ... ""I've strongly supported more federal funding for both wildland firefighters, and for forest management ...",modbee.com,Google Alert - forest management,https://www.modbee.com/news/article317320620.html,,,,"tag:google.com,2013:googlealerts/feed:5452686969890986455",
2026-09-21,(rss),2026-09-21 16:04:06,Forest Budget Must Align with Ecological Clock to Protect Korea,"Warmer climates are also accelerating the spread of pests and invasive species. In the past, forest management was possible within predictable ...",chosun.com,Google Alert - forest management,https://www.chosun.com/english/opinion-en/2026/09/21/3A4NGYNMBFD65GGKVCDWXINL4I/,,,,"tag:google.com,2013:googlealerts/feed:14584228301256886529",
2026-09-21,(rss),2026-09-21 15:23:43,Conservation research: Preserving existing Amazon forests is far more cost-effective than restoration,... forests from wildfires is better than restoring forests. ... Print. Tags; COP Climate Change · Forest Management . OAG Webinar. Editor's ...,openaccessgovernment.org,Google Alert - forest management,https://www.openaccessgovernment.org/conservation-research-preserving-existing-amazon-forests-is-far-more-cost-effective-than-restoration/214499/,,,,"tag:google.com,2013:googlealerts/feed:12878252906958979226",
2026-09-21,(rss),2026-09-21 14:40:32,BC Is Burning: Setting the Record Straight on Wildfire and Forest Management,The Tree Frog Forestry News is an essential tool for the forest sector in North America and around the world.,treefrogcreative.ca,Google Alert - forest management,https://treefrogcreative.ca/bc-is-burning-setting-the-record-straight-on-wildfire-and-forest-management/,,,,"tag:google.com,2013:googlealerts/feed:13161801031020270834",
2026-09-21,(rss),2026-09-21 14:20:16,"The roadless rule is facing repeal, experts want to be clear about wildfires and roads","Camille Stevens-Rumann is an associate professor of forest and rangeland stewardship , and director of the Colorado Forest Restoration Institute at ...",wxpr.org,Google Alert - forest management,https://www.wxpr.org/energy-environment/2026-09-21/the-roadless-rule-is-facing-repeal-experts-want-to-be-clear-about-wildfires-and-roads?_amp=true,,,,"tag:google.com,2013:googlealerts/feed:4663863824927547866",
2026-09-21,(rss),2026-09-21 13:09:34,FSC Forest Week Asks Aussie Shoppers to Do One Thing for its Forests - Wood Central,"That is according to the Forest Stewardship Council Australia and New Zealand (FSC ANZ), which opens FSC Forest Week 2026 today under the same “Do one ...",woodcentral.com.au,Google Alert - forest management,https://woodcentral.com.au/fsc-forest-week-2026/,,,,"tag:google.com,2013:googlealerts/feed:4175127961760720199",
2026-09-21,(rss),2026-09-21 13:07:41,Beyond the Catch: A Holistic Approach to Fisheries Policy - DAI Blogs,Christy Owen talks with Abraham Guillen and Nga Dang from USAID's Sustainable Forest Management project in Vietnam about their work supporting the ...,dai-global-developments.com,Google Alert - forest management,https://dai-global-developments.com/articles/beyond-the-catch-a-holistic-approach-to-fisheries-policy/?utm_source=daidotcom,,,,"tag:google.com,2013:googlealerts/feed:4057169941029246116",
2026-09-21,(rss),2026-09-21 12:10:01,"U.S. Forest Service Seeks Public Comment Until October 6, On Proposal To Rescind 2001 ...",Counties oppose the 2001 Roadless Rule as a one-size-fits-all management policy that has restricted active forest management . NACo urges USFS to adopt ...,goldrushcam.com,Google Alert - forest management,https://goldrushcam.com/sierrasuntimes/index.php/news/local-news/81836-u-s-forest-service-seeks-public-comment-until-october-6-on-proposal-to-rescind-2001-roadless-rule-in-national-forests-national-association-of-counties-reports,,,,"tag:google.com,2013:googlealerts/feed:7408663453296368668",
2026-09-21,(rss),2026-09-21 06:09:29,"Hunter shoots and kills woman after mistaking her for a deer, troopers say - Upper Michigan's Source","WLUC - American Forest Management . Latest News. A U.S. Immigration and Customs Enforcement officer shot and wounded a man in Austin, Texas · Officials ...",uppermichiganssource.com,Google Alert - forest management,https://www.uppermichiganssource.com/2026/09/21/hunter-shoots-kills-woman-after-mistaking-her-deer-troopers-say/,,,,"tag:google.com,2013:googlealerts/feed:935328893821499181",
2026-09-21,(rss),2026-09-21 04:03:11,Viewpoint: How to ecologically damage America's forests : Ban glyphosate - Genetic Literacy Project,"Whether vegetation control is done with chainsaws or herbicides, active forest management will have ecological impacts. So do unchecked invasive ...",geneticliteracyproject.org,Google Alert - forest management,https://geneticliteracyproject.org/2026/09/21/viewpoint-how-to-ecologically-damage-americas-forests-ban-glyphosate/,,,,"tag:google.com,2013:googlealerts/feed:12373883390589310494",
2026-09-21,(rss),2026-09-21 18:04:53,Landowner Fiona Ramsden poses looking out over a pine forest that borders her property ...,"Landowner Fiona Ramsden poses looking out over a pine forest that borders her property, near Pongaroa, New Zealand, August 3, 2026.",reutersconnect.com,Google Alert - forest landowner,https://www.reutersconnect.com/item/landowner-fiona-ramsden-poses-looking-out-over-a-pine-forest-that-borders-her-property-near-pongaroa/dGFnOnJldXRlcnMuY29tLDIwMjY6bmV3c21sX1JDMlVRTUExV1JHUg,,,,"tag:google.com,2013:googlealerts/feed:605421632608220218",
2026-09-21,(rss),2026-09-21 21:06:32,Donate to the Smartest Forest Fund and Become a Watch Duty Subscriber for Free,The Tahoe Fund intends to grow the Smartest Forest Fund to $5 million to drive forest health innovation through seed funding of pilot projects and ...,placersentinel.com,Google Alert - forest health,https://www.placersentinel.com/2026/09/21/584546/donate-to-the-smartest-forest-fund-and-become-a-watch-duty-subscriber-for-free,,,,"tag:google.com,2013:googlealerts/feed:15727739101143909824",
2026-09-21,(rss),2026-09-21 20:57:38,Years-long prescribed burn project resumes north of Kamloops,"The BCWS said the project is meant to reduce wildfire risks, restore forest health , restoring a natural process and removing potential fuels. by ...",cfjctoday.com,Google Alert - forest health,https://cfjctoday.com/2026/09/21/years-long-prescribed-burn-project-resumes-north-of-kamloops/,,,,"tag:google.com,2013:googlealerts/feed:2343706846980931984",
2026-09-21,(rss),2026-09-21 18:24:45,"Four-hectare burn north of Kamloops aims to reduce fire risk, restore grasslands","BCWS said the work is intended to reduce forest fuels, improve forest health and restore grasslands. The timing will depend on weather and site ...",castanetkamloops.net,Google Alert - forest health,https://www.castanetkamloops.net/news/Kamloops/631924/Four-hectare-burn-north-of-Kamloops-aims-to-reduce-fire-risk-restore-grasslands,,,,"tag:google.com,2013:googlealerts/feed:14327072438522843810",
2026-09-21,(rss),2026-09-21 16:47:05,Grant Will Help Quogue Wildlife Refuge Restore Areas of Pine Beetle Damage,... forest health and improve long-term ecosystem resilience. “A primary goal of this effort is to restore safe public access to the Refuge's trail ...,eastendbeacon.com,Google Alert - forest health,https://www.eastendbeacon.com/grant-will-help-quogue-wildlife-refuge-restore-areas-of-pine-beetle-damage/,,,,"tag:google.com,2013:googlealerts/feed:3755278351392179493",
2026-09-21,(rss),2026-09-21 16:24:20,Camano program highlights free wildfire risk assessments for landowners - goSkagit,"“My areas of expertise are more so in forest health ,” Blume said. “I talk a lot about how to manage forests for long-term goals, how to foster and ...",goskagit.com,Google Alert - forest health,https://www.goskagit.com/scnews/camano-program-highlights-free-wildfire-risk-assessments-for-landowners/article_36d978b8-975b-40ee-86bd-424f50b15a8d.html,,,,"tag:google.com,2013:googlealerts/feed:10616100134951977874",
2026-09-21,(rss),2026-09-21 15:36:35,Forest Fire Spreads Through Colombia Wildlife Sanctuary | Dawn News English - YouTube,A forest fire in Colombia's Villa de Leyva spread into the Iguaque ... William Parker Senior Health . Doctor Explains: The Best Fruit to Eat ...,youtube.com,Google Alert - forest health,https://www.youtube.com/watch?v=slrEXbaux_M,,,,"tag:google.com,2013:googlealerts/feed:15636754422188678474",
2026-09-21,(rss),2026-09-21 15:20:33,Respiratory infection cases top 151000 in Indonesia's forest fire-affected areas - China.org,"Indonesia has deployed nearly 1900 health workers and distributed medical supplies to seven provinces affected by forest and land fires, ...",china.org.cn,Google Alert - forest health,http://www.china.org.cn/2026-09/21/content_118706934.shtml,,,,"tag:google.com,2013:googlealerts/feed:5219242752359407379",
2026-09-21,(rss),2026-09-21 14:21:29,Trump's latest attempt at theft of public land for private profit: 2001 Roadless Area Conservation Rule,"Intact forests are also crucial for sequestering atmospheric carbon, lowering air temperatures and protecting soil health . Roadless areas sequester ...",liberationnews.org,Google Alert - forest health,https://liberationnews.org/trumps-latest-attempt-at-theft-of-public-land-for-private-profit-2001-roadless-area-conservation-rule/,,,,"tag:google.com,2013:googlealerts/feed:6257781004831334170",
2026-09-21,(rss),2026-09-21 14:06:11,"Destructive Asian longhorned beetle is eradicated in Shrewsbury, Mass. state officials say","""Missing one beetle could turn into another small infestation, and that's the last thing we want,"" said state forest health specialist Felicia Hubacz.",nenc.news,Google Alert - forest health,https://www.nenc.news/gbh/2026-09-21/destructive-asian-longhorned-beetle-is-eradicated-in-shrewsbury-mass-state-officials-say,,,,"tag:google.com,2013:googlealerts/feed:15172709190493614086",
2026-09-21,(rss),2026-09-21 13:29:43,Bitterroot National Forest plans fall prescribed burns - NBC Montana,"The Forest Service says the projects are intended to reduce wildfire risk, improve forest health and restore fire-adapted ecosystems. Planned ...",nbcmontana.com,Google Alert - forest health,https://nbcmontana.com/news/local/bitterroot-national-forest-plans-fall-prescribed-burns,,,,"tag:google.com,2013:googlealerts/feed:14744387389140936261",
2026-09-21,(rss),2026-09-21 13:04:32,This Eastern Shore program wants to help people find forestry jobs - WHRO,"... forestry health . As land needs on the Shore evolve, private landowners with large tracts of forested land might also hire individuals to maintain ...",whro.org,Google Alert - forest health,https://www.whro.org/environment/2026-09-21/this-eastern-shore-program-wants-to-help-people-find-forestry-jobs,,,,"tag:google.com,2013:googlealerts/feed:1720729689548424028",
2026-09-21,(rss),2026-09-21 11:52:46,"Respiratory infection cases top 151,000 in Indonesia's forest fire-affected areas","JAKARTA, Sept. 21 (Xinhua) -- Indonesia has deployed nearly 1900 health workers and distributed medical supplies to seven provinces affected by ...",bignewsnetwork.com,Google Alert - forest health,https://www.bignewsnetwork.com/news/279320893/respiratory-infection-cases-top-151000-in-indonesia-forest-fire-affected-areas,,,,"tag:google.com,2013:googlealerts/feed:9453398543500626383",
2026-09-21,(rss),2026-09-21 08:41:03,"Health Ministry deploys 1,898 workers to fight fire health risks - ANTARA News",A child suffering from acute respiratory infection (ARI) symptoms receives medical treatment at the Forest and Land Fire Health Post at the Sukarami ...,en.antaranews.com,Google Alert - forest health,https://en.antaranews.com/amp/news/432113/health-ministry-deploys-1898-workers-to-fight-fire-health-risks,,,,"tag:google.com,2013:googlealerts/feed:12849153416864146038",
2026-09-21,(rss),2026-09-21 03:47:47,Dy CM Pawan Kalyan LIVE : Inauguration Of Peethika Puravanam Urban Forest In Pithapuram,... Forest In Pithapuram | TV5 News ... Go to channel Telugu Health Focus · Dr. Vikrant Singh Thakur Speech At Hyderabad Meeting - About Health Awareness ...,youtube.com,Google Alert - forest health,https://www.youtube.com/watch?v=AmELey4eJoE,,,,"tag:google.com,2013:googlealerts/feed:14710751053573270885",
2026-09-21,(rss),2026-09-21 20:16:55,Emerson selected to automate Europe's first greenfield facility dedicated to SAF,"By aligning biocarbon producers, biomass power generators, biochar ... biomass , biogas, CHP, pellet, and renewable-power industries, this co ...",biomassmagazine.com,Google Alert - biomass,https://biomassmagazine.com/articles/emerson-selected-to-automate-europes-first-greenfield-facility-dedicated-to-saf,,,,"tag:google.com,2013:googlealerts/feed:1819124134416456716",
2026-09-21,(rss),2026-09-21 18:12:02,Legume-Based Integrated Soil Fertility Management Enhances Soil Health and Cotton ...,"Soil samples were collected before incorporation, two weeks after incorporation, and after cotton harvest, while cotton growth, biomass accumulation, ...",journals.eanso.org,Google Alert - biomass,https://journals.eanso.org/index.php/eajab/article/view/5825,,,,"tag:google.com,2013:googlealerts/feed:2856837641250319134",
2026-09-21,(rss),2026-09-21 17:28:03,Electricity consumption in Paraguay surpasses solid biomass for the first time in 2025,"Electricity came to account for 27.6% of final consumption, compared with 25.3% for solid biomass .",bnamericas.com,Google Alert - biomass,https://www.bnamericas.com/en/news/electricity-consumption-in-paraguay-surpasses-solid-biomass-for-the-first-time-in-2025,,,,"tag:google.com,2013:googlealerts/feed:6321819320349732751",
2026-09-21,(rss),2026-09-21 16:02:24,Charwood Energy continues to grow at a strong pace. H1 revenue up +43% to €5.6m.,"Charwood Energy (ISIN: FR001400AJ60, ticker: ALCWE), a French specialist offering tailored energy solutions from biomass recovery, is reporting its H1 ...",tradingview.com,Google Alert - biomass,https://www.tradingview.com/news/eqs:ea10ed706094b:0-charwood-energy-continues-to-grow-at-a-strong-pace-h1-revenue-up-43-to-5-6m/,,,,"tag:google.com,2013:googlealerts/feed:9945127319720923049",
2026-09-21,(rss),2026-09-21 15:54:52,Charwood Energy: Continued growth with rising revenue - WebDisclosure,"Charwood Energy, specializing in biomass energy recovery, reported a 43% increase in revenue for the first half of 2026, reaching €5.6 million.",webdisclosure.com,Google Alert - biomass,https://www.webdisclosure.com/article/charwood-energy-etr-charwood-energy-continued-growth-with-rising-revenue-WT4Pp53nOY3,,,,"tag:google.com,2013:googlealerts/feed:5003472312877221131",
2026-09-21,(rss),2026-09-21 15:54:42,Charwood Energy Experiences Significant Growth in H1 2026,"... to €5.6 million, securing new orders and expanding into green gas projects. Company specializes in biomass energy solutions.",webdisclosure.com,Google Alert - biomass,https://www.webdisclosure.com/article/charwood-energy-etr-charwood-energy-experiences-significant-growth-in-h1-2026-57oNvxw6f14,,,,"tag:google.com,2013:googlealerts/feed:4207728333932794233",
2026-09-21,(rss),2026-09-21 15:29:13,Yeast-Engineered Cookies Made from Plastic Bottles Could Feed Astronauts and Disaster Survivors,A proprietary process called oxidative hydrothermal dissolution breaks down plastic and biomass into fragments that engineered yeasts can reassemble ...,mycostories.com,Google Alert - biomass,https://www.mycostories.com/post/yeast-engineered-cookies-made-from-plastic-bottles-could-feed-astronauts-and-disaster-survivors,,,,"tag:google.com,2013:googlealerts/feed:10819089132946458333",
2026-09-21,(rss),2026-09-21 15:07:51,Ontario invests C$1.1 million in five Indigenous forest- biomass projects | Fordaq News,"Ontario's latest Indigenous Bioeconomy Partnerships awards cover biomass energy, biofuel, biorefinery and sawmill planning.",fordaq.com,Google Alert - biomass,https://www.fordaq.com/news/Ontario_invests_C11_million_in_126514.html,,,,"tag:google.com,2013:googlealerts/feed:13833172267535858122",
2026-09-21,(rss),2026-09-21 14:36:17,"SwRI listed as 'teaming partner' for DOE chemical technology research, development program","SwRI advances technology and processes for a variety of alternative fuels such as natural gas, biomass , hydrogen, supercritical carbon dioxide and ...",eurekalert.org,Google Alert - biomass,https://www.eurekalert.org/news-releases/1144632,,,,"tag:google.com,2013:googlealerts/feed:14303809026854565202",
2026-09-21,(rss),2026-09-21 13:41:02,US biomass burial developer secures $35 mln in debt to expand national buildout,"A US-based developer of biomass burial projects has secured $35 million in debt to expand its footprint nationwide, backed by long-term carbon ...",carbon-pulse.com,Google Alert - biomass,https://carbon-pulse.com/552521/,,,,"tag:google.com,2013:googlealerts/feed:7397648705743397569",
2026-09-21,(rss),2026-09-21 13:33:36,Stand-density optimization could substantially increase aboveground biomass in China's ... - Nature,"... biomass datasets. Across 6226 paired UAV-satellite observations, aboveground biomass exhibits a hump-shaped response to tree density, mediated in ...",nature.com,Google Alert - biomass,https://www.nature.com/articles/s43247-026-04064-z,,,,"tag:google.com,2013:googlealerts/feed:2154993430983051199",
2026-09-21,(rss),2026-09-21 13:15:09,Pastificio Felicetti inaugurates two facilities for the production of clean thermal energy,Pastificio Felicetti has inaugurated the Molina biomass plant and the biomethane production plant in Castello di Fiemme.,distribuzionemoderna.info,Google Alert - biomass,https://distribuzionemoderna.info/en/sustainability/pastificio-felicetti-inaugurates-two-facilities-for-the-production-of-clean-thermal-energy,,,,"tag:google.com,2013:googlealerts/feed:10088731309074495043",
2026-09-21,(rss),2026-09-21 12:39:05,German utility targets biomethane in Duisburg CHP Upgrade - Bioenergy Insight Magazine,The new 3.4 MW biomass combustion installation represents an important milestone in the company's development and further strengthens its commitment ...,bioenergy-news.com,Google Alert - biomass,https://www.bioenergy-news.com/news/german-utility-targets-biomethane-in-duisburg-chp-upgrade/,,,,"tag:google.com,2013:googlealerts/feed:11536074307700343870",
2026-09-21,(rss),2026-09-21 12:19:22,Cement St. Marys Energy Conversion Project: 20% Thermal Substitution by 2030 - IndexBox,"... biomass , developed with Migmawei Mawiomi Business Corporation ... biomass and other alternative fuels. The stated objective is to reach an ...",indexbox.io,Google Alert - biomass,https://www.indexbox.io/blog/cement-st-marys-presents-energy-conversion-project-for-ciment-mcinnis-plant-in-port-daniel/,,,,"tag:google.com,2013:googlealerts/feed:15843649394518315609",
2026-09-21,(rss),2026-09-21 12:00:59,Flourish Systems and Award-Winning Canadian Producer Origine Nature Expand Precision ...,"... biomass -gain trends. During one comparative test, an Origine Nature room using Flourish Systems recorded a 30% higher final dry weight of trimmed ...",streetinsider.com,Google Alert - biomass,https://www.streetinsider.com/Business+Wire/Flourish+Systems+and+Award-Winning+Canadian+Producer+Origine+Nature+Expand+Precision+Irrigation+Technology+Across+Origine+Natures+Cultivation+Facility/27083134.html,,,,"tag:google.com,2013:googlealerts/feed:13580653609047938728",
2026-09-21,(rss),2026-09-21 09:58:59,Dissolution-time-induced structural transformation of areca husk-derived biomass toward ...,Dissolution-time-induced structural transformation of areca husk-derived biomass toward self-assembled cellulose-PES membranes for efficient ...,nature.com,Google Alert - biomass,https://www.nature.com/articles/s41598-026-65684-1,,,,"tag:google.com,2013:googlealerts/feed:8687370479626342211",
2026-09-21,(rss),2026-09-21 06:54:08,RED III cascading principle to take effect for woody biomass - Bioenergy Insight Magazine,"The EU's revised Renewable Energy Directive (RED III) has embedded the cascading principle into binding law, mandating that woody biomass be used ...",bioenergy-news.com,Google Alert - biomass,https://www.bioenergy-news.com/news/red-iii-cascading-principle-to-take-effect-for-woody-biomass/,,,,"tag:google.com,2013:googlealerts/feed:7252645217561294567",
2026-09-21,(rss),2026-09-21 06:27:31,Biomass rises 2.8% as mortality falls sharply | Salmon Business,"Norwegian salmon biomass increased 2.8% year on year at the end of August, while the number of fish in the sea fell 4.1%, according to new estimates ...",salmonbusiness.com,Google Alert - biomass,https://www.salmonbusiness.com/biomass-rises-2-8-as-mortality-falls-sharply/,,,,"tag:google.com,2013:googlealerts/feed:7801233666446244259",
2026-09-21,(rss),2026-09-21 16:31:39,Charwood Energy continues to grow at a strong pace. H1 revenue up +43% to EUR5.6m.,"... Energy (ISIN: FR001400AJ60, ticker: ALCWE), a French specialist offering tailored energy solutions from biomass recovery, is reporting its H1 2025 ...",finanznachrichten.de,Google Alert - biomass energy,https://www.finanznachrichten.de/nachrichten-2026-09/69635755-charwood-energy-continues-to-grow-at-a-strong-pace-h1-revenue-up-43-to-eur5-6m-015.htm,,,,"tag:google.com,2013:googlealerts/feed:10892449484797988647",
2026-09-21,(rss),2026-09-21 15:30:51,G20 energy ministers outline four areas of cooperation in Houston | Fingerlakes1.com,"... energy , including liquefied petroleum gas where it can displace traditional biomass . Another calls for more efficient and predictable domestic ...",fingerlakes1.com,Google Alert - biomass energy,https://www.fingerlakes1.com/2026/09/21/g20-energy-ministers-outline-four-areas-of-cooperation-in-houston/,,,,"tag:google.com,2013:googlealerts/feed:7027972558781505572",
2026-09-21,(rss),2026-09-21 15:26:58,Kenya Waste-to-Fuel Plant Targets Sixfold Capacity Increase to Supply Industry,... energy takes a larger role in the country's industrial energy ... Kenya also plans to increase energy production from biomass and industrial waste.,ecofinagency.com,Google Alert - biomass energy,https://www.ecofinagency.com/news-industry/2109-59104-kenya-waste-to-fuel-plant-targets-sixfold-capacity-increase-to-supply-industry,,,,"tag:google.com,2013:googlealerts/feed:8753657994502776198",
2026-09-21,(rss),2026-09-21 11:23:17,"Poland: Solar, Wind To Compete For 64.5 TWh In 2026 Auctions - TaiyangNews","... biomass , hydropower, bioliquids, waste-to- energy , and geothermal energy , among others. The auctions will be conducted under the existing rules ...",taiyangnews.info,Google Alert - biomass energy,https://taiyangnews.info/markets/poland-november-2026-renewable-energy-auctions,,,,"tag:google.com,2013:googlealerts/feed:15694751551005317438",
2026-09-21,(rss),2026-09-21 09:26:36,Where is waste-to- energy going in Africa?,Certain wastes (like biomass such as agricultural waste) can be safely burned to produce energy . Bio-digestion to produce gas for fuel and/or ...,esi-africa.com,Google Alert - biomass energy,https://www.esi-africa.com/finance-and-policy/where-is-waste-to-energy-going-in-africa/?amp=1,,,,"tag:google.com,2013:googlealerts/feed:1807454275438448607",
2026-09-21,(rss),2026-09-21 09:25:42,Iran war and higher fuel prices give global EV market fresh momentum - BioEnergy Times,AllBiodieselBiogas (CBG) Biomass Electric VehiclesEthanolGreen HydrogenRenewable Energy Sustainable Aviation Fuel (SAF) ... energy -transition supply chain.,bioenergytimes.com,Google Alert - biomass energy,https://bioenergytimes.com/iran-war-and-higher-fuel-prices-give-global-ev-market-fresh-momentum/,,,,"tag:google.com,2013:googlealerts/feed:10905416260348452323",
2026-09-21,(rss),2026-09-21 08:27:47,The uneven journey of wholesale gas and electricity prices to consumer bills - Kurzy.cz,"“Other” comprises electricity generated from various smaller sources, including biomass , geothermal energy , other renewables, oil, oil shale, peat and ...",kurzy.cz,Google Alert - biomass energy,https://www.kurzy.cz/tema/10207688.html,,,,"tag:google.com,2013:googlealerts/feed:5805130396512305775",
2026-09-21,(rss),2026-09-21 08:15:30,FedEx expands SAF procurement across five US airports - BioEnergy Times,AllBiodieselBiogas (CBG) Biomass Electric VehiclesEthanolGreen HydrogenRenewable Energy Sustainable Aviation Fuel (SAF) · FedEx expands SAF procurement ...,bioenergytimes.com,Google Alert - biomass energy,https://bioenergytimes.com/fedex-expands-saf-procurement-across-five-us-airports/,,,,"tag:google.com,2013:googlealerts/feed:3713160193676914157",
2026-09-21,(rss),2026-09-21 08:05:41,Chile considers E10 ethanol blend to lower fuel costs and reduce oil price exposure,"According to the Energy Ministry memorandum cited by Reuters, state-owned energy ... Malaysia's oil palm biomass opportunity needs to move from ...",bioenergytimes.com,Google Alert - biomass energy,https://bioenergytimes.com/__trashed/,,,,"tag:google.com,2013:googlealerts/feed:2526379982529410238",
2026-09-21,(rss),2026-09-21 08:03:34,Biomass Briquettes Plant Setup Cost 2026: Manufacturing - openPR.com,Shift toward renewable energy : Rising fuel costs and emission norms are pushing industries to adopt biomass -based fuels. • Waste utilization: ...,openpr.com,Google Alert - biomass energy,https://www.openpr.com/news/4637522/biomass-briquettes-plant-setup-cost-2026-manufacturing,,,,"tag:google.com,2013:googlealerts/feed:1963349996327044625",
2026-09-21,(rss),2026-09-21 19:26:09,Macron asks EU to ease fuel rules as France prepares new support measures,"French president seeks temporary changes to fuel standards, biofuel rules to increase supply | Anadolu.",aa.com.tr,Google Alert - biofuel,https://www.aa.com.tr/en/europe/macron-asks-eu-to-ease-fuel-rules-as-france-prepares-new-support-measures/4063675,,,,"tag:google.com,2013:googlealerts/feed:9158010584822638129",
2026-09-21,(rss),2026-09-21 19:03:58,Record diesel prices renew focus on U.S. biofuels policy | Inside D.C. - YouTube,... biofuels policy could help ease costs at the pump. Learn more about what's happening in the agriculture markets here: https://brownfieldagnews.com ...,youtube.com,Google Alert - biofuel,https://www.youtube.com/watch?v=_YN3JuTeBHQ,,,,"tag:google.com,2013:googlealerts/feed:4437120703697061448",
2026-09-21,(rss),2026-09-21 17:55:21,Liquid Biofuel Market Expected to Reach US$ 434.8 Bn by 2031 Amid,"Liquid biofuels are renewable fuels produced from biological raw materials, including plant oils, animal fats, agricultural crops, and organic waste ...",openpr.com,Google Alert - biofuel,https://www.openpr.com/news/4638405/liquid-biofuel-market-expected-to-reach-us-434-8-bn-by-2031-amid,,,,"tag:google.com,2013:googlealerts/feed:7980863486944488612",
2026-09-21,(rss),2026-09-21 17:48:48,RFA Challenges EPA's Latest Round of Small-Refinery Exemptions in Appeals Court,Biofuels Group Targets EPA Waivers. RFA Challenges EPA's Latest Round of Small-Refinery Exemptions in Appeals Court. 9/21/2026 | 12:30 PM CDT. Todd ...,dtnpf.com,Google Alert - biofuel,https://www.dtnpf.com/agriculture/web/ag/news/article/2026/09/21/rfa-challenges-epas-latest-round,,,,"tag:google.com,2013:googlealerts/feed:3243659242543617270",
2026-09-21,(rss),2026-09-21 16:44:40,Reports: Marine biodiesel prices sink below fossil fuel costs for first time - BusinessGreen,"Biofuels made from oils and fats - such as used cooking oil, vegetable oils, or animal fats - or crops and organic waste, have been touted as a ""drop ...",businessgreen.com,Google Alert - biofuel,https://www.businessgreen.com/news/4536026/reports-marine-biodiesel-prices-sink-fossil-fuel-costs,,,,"tag:google.com,2013:googlealerts/feed:985993709295239118",
2026-09-21,(rss),2026-09-21 16:01:55,Biofuel Bunker Snapshot: B30-VLSFO prices drop across global hubs,Biofuel Bunker Snapshot: B30-VLSFO prices drop across global hubs. in International Shipping News 21/09/2026. Europe. Rotterdam's B30-VLSFO (POMEME) ...,hellenicshippingnews.com,Google Alert - biofuel,https://www.hellenicshippingnews.com/biofuel-bunker-snapshot-b30-vlsfo-prices-drop-across-global-hubs/,,,,"tag:google.com,2013:googlealerts/feed:17962214255585667574",
2026-09-21,(rss),2026-09-21 14:59:35,Soybean Oil Market Size to Reach $57.66 Billion by 2031 Driven by Biofuel Demand and ...,"Growth is being anchored by rising renewable diesel and biofuel demand, even as the EU Deforestation Regulation pushes retailers and processors toward ...",prnewswire.com,Google Alert - biofuel,https://www.prnewswire.com/news-releases/soybean-oil-market-size-to-reach-57-66-billion-by-2031-driven-by-biofuel-demand-and-supply-chain-traceability-reports-mordor-intelligence-302884791.html,,,,"tag:google.com,2013:googlealerts/feed:8118651183995945272",
2026-09-21,(rss),2026-09-21 14:29:17,Partners 'fully confident' in FID on huge Uzbek green fuels project in Q1 2027 - gasworld,Stakeholders in Allied Biofuels ' (ABF) $6.1bn Uzbekistan green hydrogen-based fuels plant say they have “full confidence” in achieving final ...,gasworld.com,Google Alert - biofuel,https://www.gasworld.com/story/partners-fully-confident-in-fid-on-huge-uzbek-green-fuels-project-in-q1-2027/2260072.article/,,,,"tag:google.com,2013:googlealerts/feed:8987064990359780469",
2026-09-21,(rss),2026-09-21 14:23:47,"OPINION: Carbon intensity focus in agribusiness is good for planet, consumers","The potential to apply CI data to many different types of agricultural products and use cases is significant — across crops, livestock, biofuels , food ...",qcintel.com,Google Alert - biofuel,https://www.qcintel.com/biofuels/article/opinion-carbon-intensity-focus-in-agribusiness-is-good-for-planet-consumers-73374.html,,,,"tag:google.com,2013:googlealerts/feed:12362322191800761282",
2026-09-21,(rss),2026-09-21 12:39:49,Thailand Weighs Cutting Excise Taxes on Some Petroleum Products - BigGo Finance,"The proposed reductions would cover blended biofuels such as E20 and B20, a move expected to benefit farmers. He stressed that any tax-cut package ...",finance.biggo.com,Google Alert - biofuel,https://finance.biggo.com/news/94261a05-33ed-4aff-834d-eb3b53781771,,,,"tag:google.com,2013:googlealerts/feed:17379465944384856776",
2026-09-21,(rss),2026-09-21 11:24:28,Gia Lai appraises An Khe ethanol project for bio-gasoline production,"... biofuel . Previously, Quang Ngai Sugar Joint Stock Company (code: QNS) submitted a dossier requesting approval of the investment policy for the An ...",news.laodong.vn,Google Alert - biofuel,https://news.laodong.vn/kinh-doanh/gia-lai-tham-dinh-du-an-ethanol-an-khe-de-san-xuat-xang-sinh-hoc-1770298.ldo,,,,"tag:google.com,2013:googlealerts/feed:18226255709174824248",
2026-09-21,(rss),2026-09-21 11:03:52,Indonesia prepares E50 bioethanol roadmap to end gasoline imports - ANTARA News,"Alongside biofuel expansion, President Prabowo's broader energy security agenda calls for accelerated exploration of domestic oil basins and ...",en.antaranews.com,Google Alert - biofuel,https://en.antaranews.com/amp/news/432143/indonesia-prepares-e50-bioethanol-roadmap-to-end-gasoline-imports,,,,"tag:google.com,2013:googlealerts/feed:13785612925414065320",
2026-09-21,(rss),2026-09-21 07:43:02,Soyabean oil used to produce US biofuels reaches new record in June,"The use of soyabean oil in the US biofuel sector – including biodiesel and renewable diesel – continued at a record pace in June, ...",ofimagazine.com,Google Alert - biofuel,https://www.ofimagazine.com/news/soyabean-oil-used-to-produce-us-biofuels-reaches-new-record-in-june,,,,"tag:google.com,2013:googlealerts/feed:9956545308363672682",
2026-09-21,(rss),2026-09-21 07:29:38,RTFA warns Government decision on subsidised US HVO puts UK biodiesel production at risk,"The science is proven, feedstocks are available and policy support for advanced biofuels continues to strengthen. What remains more difficult is ...",biofuels-news.com,Google Alert - biofuel,https://biofuels-news.com/news/rtfa-warns-government-decision-on-subsidised-us-hvo-puts-uk-biodiesel-production-at-risk/,,,,"tag:google.com,2013:googlealerts/feed:8565582976301935074",
2026-09-21,(rss),2026-09-21 07:20:06,Marine biodiesel becomes cheaper than conventional fuels amid surge in diesel prices,... biofuel pricing specialist at Argus. Biofuels have emerged as one of the more readily available options for shipping companies seeking to reduce ...,bioenergytimes.com,Google Alert - biofuel,https://bioenergytimes.com/marine-biodiesel-becomes-cheaper-than-conventional-fuels-amid-surge-in-diesel-prices/,,,,"tag:google.com,2013:googlealerts/feed:2755433372078465430",
2026-09-21,(rss),2026-09-21 07:13:43,As the heating season approaches - bad news: heat will be expensive - MadeinVilnius.lt,"In turn, heat suppliers emphasize that there is great uncertainty in the market - both biofuel buyers and suppliers are waiting. ""Now is the waiting ...",madeinvilnius.lt,Google Alert - biofuel,https://madeinvilnius.lt/en/news/Lithuanian-news/As-the-heating-season-approaches--common-knowledge-about-expensive-heating/,,,,"tag:google.com,2013:googlealerts/feed:15659584627300219804",
2026-09-21,(rss),2026-09-21 06:15:19,"Biodiesel becomes more competitive than conventional marine fuel, boosting feedstock demand","Despite rapid growth, biofuels still account for only about 0.6% of global marine fuel consumption. Further expansion of biodiesel use could intensify ...",ukragroconsult.com,Google Alert - biofuel,https://ukragroconsult.com/en/news/biodiesel-becomes-more-competitive-than-conventional-marine-fuel-boosting-feedstock-demand/,,,,"tag:google.com,2013:googlealerts/feed:11688286944531419500",
2026-09-21,(rss),2026-09-21 06:03:42,Why xFarm Technologies acquired Sibium Analytics - AgFunderNews,The deal enhances xFarm's existing supply chain intelligence solutions and opens the door to the sugarcane and biofuel industries.,agfundernews.com,Google Alert - biofuel,https://agfundernews.com/xfarm-technologies-acquisition-of-sibium-analytics-brings-it-closer-to-defining-agricultures-data-layer,,,,"tag:google.com,2013:googlealerts/feed:4466250352602345913",
2026-09-21,(rss),2026-09-21 05:14:50,Petrochina International blends over 30000 mt of marine biofuel since March,"Company has been developing marine biofuel blending operations at China (Zhejiang) Pilot Free Trade Zone, leveraging storage and logistics ...",manifoldtimes.com,Google Alert - biofuel,https://www.manifoldtimes.com/news/petrochina-international-blends-over-30000-mt-of-marine-biofuel-since-march/,,,,"tag:google.com,2013:googlealerts/feed:16811049088204920820",
2026-09-21,(rss),2026-09-21 18:44:45,The U.S. Department of Agriculture has unveiled a comprehensive strategy aimed at ... - Civic Media,The U.S. Department of Agriculture has unveiled a comprehensive strategy aimed at broadening global market access for domestic bioenergy producers ...,civicmedia.us,Google Alert - bioenergy,https://civicmedia.us/news/2026/09/21/the-us-department-of-agriculture-has-unveiled-a-comprehensive-strategy-aimed-at-broadening-global-market-access-for-domestic-bioenergy-producers,,,,"tag:google.com,2013:googlealerts/feed:7931998534055907315",
2026-09-21,(rss),2026-09-21 17:16:52,Macquarie-backed VORN buys Italian biomethane platform Enerfarm from Equitix,"What's the deal? VORN Bioenergy has acquired Enerfarm, an Italia…",app.dealroom.co,Google Alert - bioenergy,https://app.dealroom.co/news/note/macquarie-backed-vorn-buys-italian-biomethane-platform-enerfarm-from-equitix,,,,"tag:google.com,2013:googlealerts/feed:687654449153238539",
2026-09-21,(rss),2026-09-21 14:09:30,Vorn Bioenergy acquires five biogas plants in Italy - gasworld,European green energy group Vorn Bioenergy is continuing its continental expansion after acquiring five biogas plants in Italy.,gasworld.com,Google Alert - bioenergy,https://www.gasworld.com/story/vorn-bioenergy-acquires-five-biogas-plants-in-italy/2260143.article/,,,,"tag:google.com,2013:googlealerts/feed:1384018475689042215",
2026-09-21,(rss),2026-09-21 07:39:57,Autonomous lab accelerates discoveries - Ag UPDATE,An autonomous experimentation platform at the Great Lakes Bioenergy Research Center is poised to accelerate discoveries that will harness the ...,agupdate.com,Google Alert - bioenergy,https://agupdate.com/agriview/news/technology/article_1bbe05d1-8ee0-4791-867a-5b95d0d4da5d.html,,,,"tag:google.com,2013:googlealerts/feed:11743080769522894559",
2026-09-21,(rss),2026-09-21 07:36:11,"Rights > Diversified > Rights declared by TruAlt Bioenergy - BSE: 544545, NSE - Moneycontrol.com","TruAlt Bioenergy view the rights issues of various companies, rights history, face value, premium, record date, ex-rights date.",moneycontrol.com,Google Alert - bioenergy,https://www.moneycontrol.com/company-facts/trualtbioenergy/rights/TBL01/,,,,"tag:google.com,2013:googlealerts/feed:5478679961514407225",
2026-09-21,(rss),2026-09-21 05:28:23,"Diversified, Company Background of TruAlt Bioenergy - BSE: 544545, NSE - Moneycontrol.com","TruAlt Bioenergy View the company background of TruAlt Bioenergy , including their addresses, telephone numbers, fax numbers, industry and the ...",moneycontrol.com,Google Alert - bioenergy,https://www.moneycontrol.com/company-facts/trualtbioenergy/background/TBL01,,,,"tag:google.com,2013:googlealerts/feed:10015550530644620743",
2026-09-21,(rss),2026-09-21 19:51:39,CWNYC26: Brazil adds carbon removal techs to sustainable agriculture support scheme,"But last Wednesday, the government approved the addition of four CDR technologies: biochar , enhanced rock weathering (ERW), bioenergy with carbon ...",carbon-pulse.com,Google Alert - biochar,https://carbon-pulse.com/552823/,,,,"tag:google.com,2013:googlealerts/feed:10297047655707598766",
2026-09-21,(rss),2026-09-21 17:37:10,Biochar Carbon Removal Is Heating Up. Exomad Green and Carbonfuture Lock In 1.1M ...,"The biochar carbon removal market is moving toward larger, longer-term deals as corporate buyers look for supply they can actually verify and ...",carboncredits.com,Google Alert - biochar,https://carboncredits.com/biochar-carbon-removal-is-heating-up-exomad-green-and-carbonfuture-lock-in-1-1m-tonnes-through-2035/,,,,"tag:google.com,2013:googlealerts/feed:7207188647058059174",
2026-09-21,(rss),2026-09-21 10:27:38,Milkywire To Potentially Procure CDR From Data Center-Integrated Solutions,"Biochar Industrial Group (BIG), a company developing industrial-scale carbon removal solutions in Sub-Saharan Africa, announced that it has… September ...",carbonherald.com,Google Alert - biochar,https://carbonherald.com/milkywire-to-potentially-procure-cdr-from-data-center-integrated-solutions/,,,,"tag:google.com,2013:googlealerts/feed:12499971419537140753",
2026-09-21,(rss),2026-09-21 08:45:44,Biochar supported zero valent iron activates peroxymonosulfate to degrade ... - Nature,"... biochar –iron interface for PMS activation and substantially enhanced SMX degradation, although strong acid dependence, matrix inhibition, catalyst ...",nature.com,Google Alert - biochar,https://www.nature.com/articles/s41598-026-71614-y,,,,"tag:google.com,2013:googlealerts/feed:6925185063365836177",
2026-09-21,(rss),2026-09-21 00:09:13,Palm Waste Biochar Supercharges Zinc Oxide Nanoparticles for Greener Optoelectronics,"The study, published in the Springer journal Discover Green Chemistry, demonstrates that biochar derived from Elaeis guineensis fingers can be blended ...",bioengineer.org,Google Alert - biochar,https://bioengineer.org/palm-waste-biochar-supercharges-zinc-oxide-nanoparticles-for-greener-optoelectronics/,,,,"tag:google.com,2013:googlealerts/feed:3412228270112097006",
