first_seen_date,keyword,pubDate,title,description,source_id,source_name,link,category,country,language,article_id,image_url
2026-09-28,(rss),2026-09-28 18:31:18,Corse Farm Dairy Receives New England Leopold Conservation Award,The post Corse Farm Dairy Receives New England Leopold Conservation Award appeared first on New England Forestry Foundation .,newenglandforestry.org,New England Forestry Foundation,https://newenglandforestry.org/corse-farm-dairy-receives-leopold-award/,Leopold Conservation Award,,,https://newenglandforestry.org/?p=19603,
2026-09-28,(rss),2026-09-28 19:07:18,Western Canada’s Pulpwood Prices Slide in Q3 2026,"This post contains content from the Q3 2026 Forisk Wood Fiber Review (WFR), which provides a quarterly review of pulpwood, chips, biomass markets and trade in the U.S. and Canada. British Columbia (BC) Interior pulplog prices peaked in 2025. By more… The post Western Canada’s Pulpwood Prices Slide…",forisk.com,Forisk,https://forisk.com/western-canadas-pulpwood-prices-slide-in-q3-2026/,"Forisk Wood Fiber Review, Pulp & Paper, Wood Demand & Procurement, Canada, Pulp/paper, pulpwood, wood fiber",,,https://forisk.com/?p=49757,
2026-09-28,(rss),2026-09-28 13:35:33,FSC UK survey finds 68% of UK consumers prioritise sustainable sourcing,An FSC UK survey found over two-thirds of UK consumers say products should be both environmentally and socially responsible. The post FSC UK survey finds 68% of UK consumers prioritise sustainable sourcing appeared first on Timber Trades Journal .,ttjonline.com,Timber Trades Journal,https://www.ttjonline.com/news/fsc-uk-consumers-sustainable-sourcing/,News,,,https://www.ttjonline.com/news/fsc-uk-consumers-sustainable-sourcing/,
2026-09-28,(rss),2026-09-28 10:15:43,Sawmill / General Manager – Whitney Sawmills,The post Sawmill / General Manager – Whitney Sawmills appeared first on Timber Trades Journal .,ttjonline.com,Timber Trades Journal,https://www.ttjonline.com/analysis/recruitment/sawmill-general-manager-whitney-sawmills/,Recruitment,,,https://www.ttjonline.com/uncategorized/sawmill-general-manager-whitney-sawmills/,
2026-09-28,(rss),2026-09-28 18:39:21,Beaver Lake Biofuels Project Bites The Dust In Louisiana,"SunGas Renewables Inc. announced it will cease further development of the Beaver Lake Biofuels project, a proposed wood fiber-to-low carbon methanol facility in central Louisiana near Alexandria. Beaver Lake planned to integrate three SunGas S1000… The post Beaver Lake Biofuels Project Bites The…",woodbioenergymagazine.com,Wood Bioenergy Magazine,https://woodbioenergymagazine.com/beaver-lake-biofuels-project-bites-the-dust-in-louisiana/,News,,,https://woodbioenergymagazine.com/?p=8236,
2026-09-28,(rss),2026-09-28 17:02:17,Travis McDonald Joins IMALPAL Group As VP Of Business Development For North America,"IMALPAL Group has named Travis McDonald Vice President of Business Development for North America, where he will focus on expanding the company’s presence and bringing its European-developed wood processing and residual utilization technologies. “Everybody knows… The post Travis McDonald Joins…",woodbioenergymagazine.com,Wood Bioenergy Magazine,https://woodbioenergymagazine.com/travis-mcdonald-joins-imalpal-group-as-vp-of-business-development-for-north-america/,News,,,https://woodbioenergymagazine.com/?p=8230,
2026-09-28,(rss),2026-09-28 15:12:11,New standard supports modular construction - REMI Network,"CSA Group has released CSA Z251, Design of volumetric modular structures, a new National Standard of Canada.",reminetwork.com,Google Alert - volumetric modular construction,https://www.reminetwork.com/articles/new-standard-supports-modular-construction/,,,,"tag:google.com,2013:googlealerts/feed:2028496992933970476",
2026-09-28,(rss),2026-09-28 20:21:18,UW-Stevens Point joins partners to lead celebration of Wisconsin Forest Products Week 2026,"Alicia Cramer, Chief Operating Officer of the US Endowment for Forestry and Communities , will give opening remarks, followed by several rounds of ...",uwsp.edu,Google Alert - US Endowment for Forestry and Communities,https://www.uwsp.edu/news/article/uw-stevens-point-joins-partners-to-lead-celebration-of-wisconsin-forest-products-week-2026/,,,,"tag:google.com,2013:googlealerts/feed:13834277983548189877",
2026-09-28,(rss),2026-09-28 20:34:58,Forest Service Recruiting Members for Greater Rocky Mountain Resource Advisory Committee,"The U.S. Forest Service's Rocky Mountain Region, which includes national forests in Colorado and Wyoming, is recruiting individuals to serve on ...",arkvalleyvoice.com,Google Alert - U.S. Forest Service,https://arkvalleyvoice.com/forest-service-recruiting-members-for-greater-rocky-mountain-resource-advisory-committee/,,,,"tag:google.com,2013:googlealerts/feed:11886811888178455450",
2026-09-28,(rss),2026-09-28 19:39:39,Forest Service officials seek 'resolution' on Grand Targhee expansion,JACKSON — The U.S. Forest Service official responsible for reviewing objections to the Grand Targhee Resort expansion on Thursday heard grievances ...,wyomingnews.com,Google Alert - U.S. Forest Service,https://www.wyomingnews.com/news/local_news/forest-service-officials-seek-resolution-on-grand-targhee-expansion/article_bda1016a-ba12-444a-8dc0-f91bae821e0c.html,,,,"tag:google.com,2013:googlealerts/feed:17114397240664945647",
2026-09-28,(rss),2026-09-28 19:34:01,Ask an Expert — Utah's 2026 Wildfire Season by the Numbers,"... National Forest. No. 5 Babylon ... Since the Brianhead Fire in 2017, most large fires have occurred in timber fuels on U.S. Forest Service lands.",usu.edu,Google Alert - U.S. Forest Service,https://www.usu.edu/today/story/ask-an-expert--utahs-2026-wildfire-season-by-the-numbers,,,,"tag:google.com,2013:googlealerts/feed:3014885921157347986",
2026-09-28,(rss),2026-09-28 19:10:39,Prescribed Burn Planned Seven Miles Southwest of Crescent on Tuesday,... Forest Service Road (FSR) 5825. Ignitions are planned for up to 187 ... National Forest visit fs. usda .gov/deschutes. Follow us on X ...,centraloregonfire.org,Google Alert - U.S. Forest Service,https://centraloregonfire.org/2026/09/28/prescribed-burn-planned-seven-miles-southwest-of-crescent-on-tuesday/,,,,"tag:google.com,2013:googlealerts/feed:14316046348753734754",
2026-09-28,(rss),2026-09-28 18:00:30,"Huffman, Padilla, Schiff, California Colleagues Condemn Trump Administration Efforts to ...","In California, the U.S. Forest Service manages 20 million acres of national forests, including over 4.4 million acres of roadless areas. California's ...",huffman.house.gov,Google Alert - U.S. Forest Service,https://huffman.house.gov/media-center/press-releases/huffman-padilla-schiff-california-colleagues-condemn-trump-administration-efforts-to-repeal-roadless-rule,,,,"tag:google.com,2013:googlealerts/feed:15279116085999653008",
2026-09-28,(rss),2026-09-28 17:48:06,Volunteers helped US Forest Service with needed projects on National Public Land Day,"The USFS says that as summer turns to fall, volunteering your time to help improve public land is a worthwhile endeavor for you and your fellow ...",keweenawreport.com,Google Alert - U.S. Forest Service,https://keweenawreport.com/2026/09/28/volunteers-helped-us-forest-service-with-needed-projects-on-national-public-land-day/,,,,"tag:google.com,2013:googlealerts/feed:10108769343919991073",
2026-09-28,(rss),2026-09-28 17:46:37,Federal Resilience in Retreat - Resources Magazine,"Table 1 summarizes the status of the main resilience programs and activities at FEMA, the US Forest Service , the National Oceanic and Atmospheric ...",resources.org,Google Alert - U.S. Forest Service,https://www.resources.org/common-resources/federal-resilience-in-retreat/,,,,"tag:google.com,2013:googlealerts/feed:11363148734192276492",
2026-09-28,(rss),2026-09-28 17:46:31,Four Small Fires Ignited In Stanislaus National Forest - myMotherLode.com,"... National Forest, outside of Tuolumne City. The US Forest Service reports that they were all “under one acre” and located near Forest Road 1N01 ...",mymotherlode.com,Google Alert - U.S. Forest Service,https://mymotherlode.com/news/local/11176248/four-small-fires-ignited-in-stanislaus-national-forest.html,,,,"tag:google.com,2013:googlealerts/feed:13181179900879158219",
2026-09-28,(rss),2026-09-28 17:20:24,Can tardigrades (water bears) survive wildfires? | Colorado State University,"... forest. Tiny titans. Some withstand wildfire, some don't. These ... Nolan, who works for the U.S. Forest Service after receiving her ...",source.colostate.edu,Google Alert - U.S. Forest Service,https://source.colostate.edu/can-tardigrades-water-bears-survive-wildfires/,,,,"tag:google.com,2013:googlealerts/feed:6805652976562154391",
2026-09-28,(rss),2026-09-28 17:16:34,Wilderness billionaires and the quest to save Greater Yellowstone - Montana Free Press,"... national parks and monuments, as well as the National Park Service and U.S. Forest Service to oversee them. Post-war industrialization in the ...",montanafreepress.org,Google Alert - U.S. Forest Service,https://montanafreepress.org/2026/09/28/billionaires-quest-to-save-greater-yellowstone/,,,,"tag:google.com,2013:googlealerts/feed:10349237545995065219",
2026-09-28,(rss),2026-09-28 17:13:56,Wisconsin seeks to protect around 1.8K acres of forest in Langlade County - WPR,The final funding mix for the project is contingent on approval of a federal forest legacy grant from the U.S. Forest Service . Gropp said the ...,wpr.org,Google Alert - U.S. Forest Service,https://www.wpr.org/news/wisconsin-protect-around-1-8k-acres-forest-langlade-county,,,,"tag:google.com,2013:googlealerts/feed:7796190528400010888",
2026-09-28,(rss),2026-09-28 16:57:09,Billionaires in the Wilderness - Mountain Journal,... U.S. Forest Service for additional acres bordering his Bondurant ranch. ... National Park Service and U.S. Forest Service to oversee them. Post-war ...,mountainjournal.org,Google Alert - U.S. Forest Service,https://mountainjournal.org/billionaires-in-the-wilderness-looking-to-save-greater-yellowstone/,,,,"tag:google.com,2013:googlealerts/feed:11545418968052623726",
2026-09-28,(rss),2026-09-28 16:56:16,Idaho's 2026 Capitol Christmas Tree replaced due to disease concerns - YouTube,The U.S. Forest Service swaps Idaho's fir for a spruce as the 2026 Capitol Christmas Tree after the first tree showed signs of disease.,youtube.com,Google Alert - U.S. Forest Service,https://www.youtube.com/watch?v=AeQzhsBqwvs,,,,"tag:google.com,2013:googlealerts/feed:14133922459952054447",
2026-09-28,(rss),2026-09-28 16:44:05,"Fire managers igniting pile burns west, north of Flagstaff today - USDA Forest Service","28, 2026 — Fire managers will be igniting piles in the Walker Hill and Kendrick Park area today, which will produce noticeable smoke to those in and ...",fs.usda.gov,Google Alert - U.S. Forest Service,https://www.fs.usda.gov/r03/coconino/newsroom/releases/fire-managers-igniting-pile-burns-west-north-flagstaff-today,,,,"tag:google.com,2013:googlealerts/feed:11127629062717319511",
2026-09-28,(rss),2026-09-28 16:07:32,Brainard Lake Road closing early - The Mountain-Ear,"The US Forest Service says, “The road closure will start from the Brainard Lake Entrance Gate and will apply to the entire road leading up to the ...",themtnear.com,Google Alert - U.S. Forest Service,"https://themtnear.com/stories/brainard-lake-road-closing-early,109851",,,,"tag:google.com,2013:googlealerts/feed:13465956760692614465",
2026-09-28,(rss),2026-09-28 15:48:46,Community forest project grants | Youth Today,"“The U.S. Department of Agriculture ( USDA ), Forest Service , State, Private & Tribal Forestry, is requesting applications for the Community Forest ...",youthtoday.org,Google Alert - U.S. Forest Service,https://youthtoday.org/2026/09/community-forest-project-grants/,,,,"tag:google.com,2013:googlealerts/feed:10147579494324842498",
2026-09-28,(rss),2026-09-28 15:11:49,A Look at Maine's Caribou Speckled Roadless Area - Environment America,"Despite the environmental and recreational benefits of these wild forests , the U.S. Department of Agriculture ( USDA ), which runs the U.S. Forest ...",environmentamerica.org,Google Alert - U.S. Forest Service,https://environmentamerica.org/maine/articles/a-look-at-maines-caribou-speckled-roadless-area/,,,,"tag:google.com,2013:googlealerts/feed:14593594908807834099",
2026-09-28,(rss),2026-09-28 15:05:11,"Kittitas County burn ban to end September 30, 2026 - Facebook","... Department of Fish and Wildlife lands, call 360-902-2515; and on U.S. Forest Service lands, call 509-852-1100. For questions about burning in ...",facebook.com,Google Alert - U.S. Forest Service,https://www.facebook.com/KittitasCountySheriff/posts/kittitas-county-burn-ban-to-end-september-30kittitas-county-fire-marshal-dan-you/1520826443415319/,,,,"tag:google.com,2013:googlealerts/feed:13241417199920054054",
2026-09-28,(rss),2026-09-28 14:51:57,Seasonal closures begin for national forest campgrounds - The Pagosa Springs Sun,U.S. Forest Service . The San Juan National Forest has begun closing some campgrounds and reducing services for the fall and winter seasons. Please ...,pagosasun.com,Google Alert - U.S. Forest Service,"http://www.pagosasun.com/stories/seasonal-closures-begin-for-national-forest-campgrounds,154038",,,,"tag:google.com,2013:googlealerts/feed:18083090386100128046",
2026-09-28,(rss),2026-09-28 14:48:24,Breaking: Grider Fire reported in Siskiyou County on Sep. 27 | Fresno Bee,"Grider Fire has been burning on federal land managed by the United States Forest Service for 11 hours. Currently, there is no information on the ...",fresnobee.com,Google Alert - U.S. Forest Service,https://www.fresnobee.com/news/california/fires/article317410634.html,,,,"tag:google.com,2013:googlealerts/feed:15218969958839143595",
2026-09-28,(rss),2026-09-28 19:27:03,Nearly 5 Million Acres of Oregon National Forests Could Lose Key Protections. Deadline ...,"The proposal would more than triple projected timber sales , cripple a rule that has kept many of the region's biggest old trees standing, plan for ...",morethanjustparks.substack.com,Google Alert - timber sale,https://morethanjustparks.substack.com/p/nearly-5-million-acres-of-oregon,,,,"tag:google.com,2013:googlealerts/feed:2777585380852343945",
2026-09-28,(rss),2026-09-28 17:12:33,"Jammu Kashmir Forest Dept Disposes 17608 Salvage Trees in Pir Panjal, Eyes Rs 51.40 ...","... Timber Sale Depots (CTSDs) operated by J&K FDCL. The Government said timber is being sold through J&K FDCL auctions and sale depots, while ...",kashmirlife.net,Google Alert - timber sale,https://kashmirlife.net/jammu-kashmir-forest-dept-disposes-17608-salvage-trees-in-pir-panjal-eyes-rs-51-40-cr-revenue-454146/,,,,"tag:google.com,2013:googlealerts/feed:2681912209031142475",
2026-09-28,(rss),2026-09-28 16:58:57,Popham Forest Products | The Landing | John Deere US,"Doug used the chainsaw to help build their dream house, harvesting wood for the project. He felled trees from a small timber sale and hired someone to ...",deere.com,Google Alert - timber sale,https://www.deere.com/en-us/publications/the-landing/popham-forest-products,,,,"tag:google.com,2013:googlealerts/feed:17374755053486492275",
2026-09-28,(rss),2026-09-28 15:00:26,Swinging 1960s decor on show in Tasmanian home for sale for the first time in 60 years,"A sunken lounge, a timber bar with mirrored splashbacks, wood panelling throughout – this groovy Tasmanian property is a perfectly-preserved 1960s ...",domain.com.au,Google Alert - timber sale,https://www.domain.com.au/living/swinging-60s-decor-on-show-in-tasmanian-time-machine-1557061/,,,,"tag:google.com,2013:googlealerts/feed:12886990724792719390",
2026-09-28,(rss),2026-09-28 14:22:04,"1 Hampstead Road, Dulwich Hill, NSW 2203 - House for Sale - realestate.com.au",Property Features Four bedrooms Spacious separate living and dining areas High ornate ceilings Polished timber floorboards Well-appointed kitchen with ...,realestate.com.au,Google Alert - timber sale,https://www.realestate.com.au/property-house-nsw-dulwich+hill-152454096,,,,"tag:google.com,2013:googlealerts/feed:13598257484767382218",
2026-09-28,(rss),2026-09-28 13:06:07,Rural Action's 25th annual ginseng seed sale underway - Athens County Independent,"Now, Rural Action is helping Appalachian forest landowners cultivate this culturally significant plant as a sustainable non- timber forest product, ...",athensindependent.com,Google Alert - timber sale,https://athensindependent.com/pr-260928-rural-action-ginseng-sale/,,,,"tag:google.com,2013:googlealerts/feed:13206530908125095250",
2026-09-28,(rss),2026-09-28 06:30:15,"5 Harrods Court, Strathdale, Vic 3550 - House for Sale - realestate.com.au","... timber kitchen at its heart. Three bedrooms are perfectly zoned; the main has walk-in robe and ensuite. A mix of ducted heating, gas wall heating ...",realestate.com.au,Google Alert - timber sale,https://www.realestate.com.au/property-house-vic-strathdale-152456224,,,,"tag:google.com,2013:googlealerts/feed:9762296714506745378",
2026-09-28,(rss),2026-09-28 18:25:54,Governor Abbott Waives Dyed-Diesel Restrictions,"Farmers and truckers can now use dyed diesel on Texas roads, and fuel, crop, and timber loads can move at a higher weight. These steps cut costs on ...",gov.texas.gov,Google Alert - timber prices,https://gov.texas.gov/news/post/governor-abbott-waives-dyed-diesel-restrictions,,,,"tag:google.com,2013:googlealerts/feed:14582046547056488756",
2026-09-28,(rss),2026-09-28 17:06:42,Ivey directs Alabama Law Enforcement Agency to halt enforcement on dyed diesel fuel ... - WVUA 23,... prices can have on agricultural and timber industries. “The increase in diesel fuel prices has been particularly sharp relative to other fuel ...,wvua23.com,Google Alert - timber prices,https://www.wvua23.com/news/ivey-directs-alabama-law-enforcement-agency-to-halt-enforcement-on-dyed-diesel-fuel-to-relieve/article_734b570c-c12f-42f4-bd04-5bc2d836b6ea.html,,,,"tag:google.com,2013:googlealerts/feed:3072711284086676398",
2026-09-28,(rss),2026-09-28 17:01:39,#Harvest26: Strong Mississippi Yields May Not Offset Rising Farm Costs - RFD,McCormick said loggers are also feeling the impact of higher fuel costs as they work to move timber to manufacturing facilities. A Mixed Picture ...,rfdtv.com,Google Alert - timber prices,https://www.rfdtv.com/harvest26-strong-mississippi-yields-may-not-offset-rising-farm-costs,,,,"tag:google.com,2013:googlealerts/feed:8658045997321692371",
2026-09-28,(rss),2026-09-28 16:20:49,"Madison""s Lumber Prices Index drops to $505 mfbm - Lesprom","Madison's Lumber Prices Index for the week ending September 25, 2026, reached US$505 per thousand board feet, marking a 2% decrease of $9 from the ...",lesprom.com,Google Alert - timber prices,https://www.lesprom.com/en/news/Madisons_Lumber_Prices_Index_drops_to_505_mfbm_124527/,,,,"tag:google.com,2013:googlealerts/feed:553953079334695343",
2026-09-28,(rss),2026-09-28 14:42:05,BC- Lumber Futures | Nation/World - GazetteXtra,"NEW YORK (AP) — Prices as of 10:30:00 AM Monday, September 28.",gazettextra.com,Google Alert - timber prices,http://www.gazettextra.com/news/nation_world/bc-lumber-futures/article_2cc9df03-9aad-5f2d-954c-9ad69465c847.html,,,,"tag:google.com,2013:googlealerts/feed:14145153319805260735",
2026-09-28,(rss),2026-09-28 11:56:18,Australia Must Make More Engineered Wood or Risk Losing Out to Imports,"Average import prices fell for both to their lowest in five years, with the project describing every engineered timber product made overseas as “ value ...",woodcentral.com.au,Google Alert - timber prices,https://woodcentral.com.au/engineered-wood-imports-australia/,,,,"tag:google.com,2013:googlealerts/feed:14940804933496877333",
2026-09-28,(rss),2026-09-28 11:50:57,US - China tariff plan targets MFN rates for 90% of selected products; wood list pending,"These are monthly customs values, not quotations for timber prices . The chart ends in July, so it cannot show what happened after the September ...",fordaq.com,Google Alert - timber prices,https://www.fordaq.com/news/US_-_China_tariff_plan_126927.html,,,,"tag:google.com,2013:googlealerts/feed:3319626995394925391",
2026-09-28,(rss),2026-09-28 02:14:58,Madison lumber price index falls 2% to US$505/mfbm | Fordaq News,"Madison's Lumber Prices Index fell to US$505/mfbm for the week ending September 25, 2026. Market Prices • Softwood Lumber • North America Madison ...",fordaq.com,Google Alert - timber prices,https://www.fordaq.com/news/Madison_lumber_price_index_falls_126953.html,,,,"tag:google.com,2013:googlealerts/feed:3323125335115978651",
2026-09-28,(rss),2026-09-28 20:59:34,U.S. tariffs hit Brazil's timber production in 2025 - DatamarNews,"The United States is one of the main markets for roundwood outside of the pulp and paper sector , said Carlos Alfredo Barreto Guedes, an IBGE ...",datamarnews.com,Google Alert - timber industry,https://datamarnews.com/noticias/u-s-tariffs-hit-brazils-timber-production-in-2025/,,,,"tag:google.com,2013:googlealerts/feed:14695526375269071169",
2026-09-28,(rss),2026-09-28 20:45:21,J.P. Morgan Asset Management Launches $200M Forestry Platform in Paraguay,"... forestry sector , which holds significant potential for carbon sequestration and sustainable timber production.” “The investment in forestry aligns ...",investinag.com,Google Alert - timber industry,https://investinag.com/2026/09/28/j-p-morgan-asset-management-launches-200m-forestry-platform-in-paraguay/,,,,"tag:google.com,2013:googlealerts/feed:10300036158906783993",
2026-09-28,(rss),2026-09-28 18:56:26,America's Rural Future visits the Olympic Peninsula - YouTube,"... timber industry , manage a major federal footprint, and navigate the ... industry. Nearly one in five Americans lives in a rural community ...",youtube.com,Google Alert - timber industry,https://www.youtube.com/watch?v=f-mzBwfzTNo,,,,"tag:google.com,2013:googlealerts/feed:9859626833486690092",
2026-09-28,(rss),2026-09-28 18:42:07,Zanine Caldas – Creating Worlds | ArchDaily,"... timber industry . Models and records of his houses demonstrate how Zanine designed based on the site, available materials, and the craftsmanship of ...",archdaily.com,Google Alert - timber industry,https://www.archdaily.com/1185903/zanine-caldas-creating-worldsRene,,,,"tag:google.com,2013:googlealerts/feed:15355692093812078720",
2026-09-28,(rss),2026-09-28 17:00:01,Mass timber's lasting impact at Canadian Nuclear Laboratories,"Mass timber's lasting impact at Canadian Nuclear Laboratories. The ... Each day, BD+C's editors assemble the latest breaking industry news ...",bdcnetwork.com,Google Alert - timber industry,https://www.bdcnetwork.com/mass-timber/blog/55408157/mass-timbers-lasting-impact-at-canadian-nuclear-laboratories,,,,"tag:google.com,2013:googlealerts/feed:11743352403298519595",
2026-09-28,(rss),2026-09-28 16:58:57,Stuart Timber | The Landing | John Deere US,"We make a good living with it.” Monroe has watched the forestry industry transform itself over a half-century of logging. “It's changed drastically,” ...",deere.com,Google Alert - timber industry,https://www.deere.com/en-us/publications/the-landing/stuart-timber,,,,"tag:google.com,2013:googlealerts/feed:15415295975537196096",
2026-09-28,(rss),2026-09-28 15:25:18,Commentary: The forests Oregon 'protected' are burning | East Oregonian,Chris Edwards is the president of the Oregon Forest Industries Council and a former Democratic legislator in the Oregon Legislature. Travis Joseph is ...,eastoregonian.com,Google Alert - timber industry,https://eastoregonian.com/2026/09/28/commentary-the-forests-oregon-protected-are-burning/,,,,"tag:google.com,2013:googlealerts/feed:11297986536889608107",
2026-09-28,(rss),2026-09-28 15:10:59,€1bn acquisition cleared as Nordic building supplies deal moves closer - InteriorDaily,European timber industry faces prolonged downturn amid weak construction · German city centres regain appeal as retail remains key draw · Danish ...,interiordaily.com,Google Alert - timber industry,https://www.interiordaily.com/article/9877412/eur1bn-acquisition-cleared-as-nordic-building-supplies-deal-moves-closer/,,,,"tag:google.com,2013:googlealerts/feed:15669934785175460404",
2026-09-28,(rss),2026-09-28 15:09:47,MIFF 2027 evolves with new design-focused experiences and wider international reach,"... Timber Council (MTC), Malaysian Timber Industry Board (MTIB) and Forest Research Institute Malaysia (FRIM). These relationships reflect the wider ...",furnituretoday.com,Google Alert - timber industry,https://www.furnituretoday.com/business-news/miff-2027-evolves-with-new-design-focused-experiences-and-wider-international-reach/,,,,"tag:google.com,2013:googlealerts/feed:5249539123695107073",
2026-09-28,(rss),2026-09-28 15:09:33,Rural issues raised - The SE Voice,"“We went up and saw the timber industry ,” he said. “There's another ... Forestry is one of the Limestone Coast's major industries and Mr ...",sevoice.com.au,Google Alert - timber industry,https://sevoice.com.au/rural-issues-raised/,,,,"tag:google.com,2013:googlealerts/feed:12776153082914084554",
2026-09-28,(rss),2026-09-28 14:20:34,Koala Park Blamed for the Closure of a Former Boral Hardwood Mill - Wood Central,"Timber boards moving along a processing line inside a timber ... Mia Cassidy with a group of timber industry supporters, many in high-visibility ...",woodcentral.com.au,Google Alert - timber industry,https://woodcentral.com.au/kyogle-mill-closure/,,,,"tag:google.com,2013:googlealerts/feed:6003086230023833619",
2026-09-28,(rss),2026-09-28 14:19:36,"Intermob 2026: Türkiye's panel industry reaches 15.5 million m³ capacity, with raw-material ...","The fair brought together suppliers across a wide part of the furniture-production chain: forest products, timber , wood-based panels, decorative ...",fordaq.com,Google Alert - timber industry,https://www.fordaq.com/news/Intermob_2026_T%C3%BCrkiye's_panel_industry_126981.html,,,,"tag:google.com,2013:googlealerts/feed:16710919979663233008",
2026-09-28,(rss),2026-09-28 13:59:31,"JPMorgan Natural Capital, Paraguay Launch $200 Million Sustainable Forestry Platform","... processing timber locally, adding value at the source, and producing finished products for domestic and export markets. Santiago Peña, President ...",esgtoday.com,Google Alert - timber industry,https://www.esgtoday.com/jpmorgan-natural-capital-paraguay-launch-200-million-sustainable-forestry-platform/,,,,"tag:google.com,2013:googlealerts/feed:849253705315978737",
2026-09-28,(rss),2026-09-28 11:05:21,Lumberjack Days' Jack and Jill results | Regional News | idahocountyfreepress.com,Logging · Timber Industry · Multisports · Traditional Sports · Forestry · Wood · Resource Extraction. Recommended for you. Most Popular. Articles ...,idahocountyfreepress.com,Google Alert - timber industry,https://www.idahocountyfreepress.com/news/regional/lumberjack-days-jack-and-jill-results/article_25cd1c7f-a1c0-4dc4-8603-2751f9465448.html,,,,"tag:google.com,2013:googlealerts/feed:3336459680250896392",
2026-09-28,(rss),2026-09-28 21:19:24,Saw Mill River Parkway reopens after tree blocks southbound lanes in Dobbs Ferry,"The tree came down before 12 p.m. just south of Lawrence Street, causing traffic backups in the area.",westchester.news12.com,Google Alert - sawmill,https://westchester.news12.com/saw-mill-river-parkway-reopens-after-fallen-tree-blocks-lanes-in-dobbs-ferry,,,,"tag:google.com,2013:googlealerts/feed:11488699415073607782",
2026-09-28,(rss),2026-09-28 19:53:04,Rare North Dakota invention comes back to life in Alexander - YouTube,Go to channel Middlefield Custom Sawmill . You Won't Believe What's Inside this Log! Middlefield Custom Sawmill and Two Guys Timberframing•472K views.,youtube.com,Google Alert - sawmill,https://www.youtube.com/watch?v=UnNTj90syTw,,,,"tag:google.com,2013:googlealerts/feed:1552149661390581261",
2026-09-28,(rss),2026-09-28 18:58:39,Coroner called to Cleveland-Cliffs plant after machinery accident kills worker oo - YouTube,Go to channel Middlefield Custom Sawmill · You Won't Believe What's Inside this Log! Middlefield Custom Sawmill and Two Guys Timberframing•472K views.,youtube.com,Google Alert - sawmill,https://www.youtube.com/watch?v=wPXOktvAY6k,,,,"tag:google.com,2013:googlealerts/feed:7683467208614523113",
2026-09-28,(rss),2026-09-28 18:07:37,Mobile County industrial worker killed in work-related incident | WKRG.com,The sawmill is located off Highway 43 in the Bucks community. Add as preferred source on Google. Suggest a Correction. Suggest a Correction. Your ...,wkrg.com,Google Alert - sawmill,https://www.wkrg.com/mobile-county/mobile-county-worker-killed/,,,,"tag:google.com,2013:googlealerts/feed:18042885333646814283",
2026-09-28,(rss),2026-09-28 16:58:30,Saw Mill River Parkway Reopens After Tree Blocks Southbound ... - News 12 | Westchester,Both southbound lanes of the Saw Mill River Parkway near Lawrence Street in Dobbs Ferry reopened after a fallen tree blocked the roadway.,westchester.news12.com,Google Alert - sawmill,https://westchester.news12.com/saw-mill-river-parkway-reopens-after-tree-blocks-southbound-lanes-in-dobbs-ferry,,,,"tag:google.com,2013:googlealerts/feed:10555807657724777551",
2026-09-28,(rss),2026-09-28 16:40:35,Large Tree Blocks Both Southbound Lanes Of Saw Mill River ... - News 12 | Long Island,Both southbound lanes of the Saw Mill River Parkway near Lawrence Street in Dobbs Ferry are closed due to a fallen tree. The tree came down across ...,longisland.news12.com,Google Alert - sawmill,https://longisland.news12.com/large-tree-blocks-both-southbound-lanes-of-saw-mill-river-parkway-in-dobbs-ferry,,,,"tag:google.com,2013:googlealerts/feed:18107993935004580649",
2026-09-28,(rss),2026-09-28 16:31:52,"Woodlot producer forced to downsize, sell to U.S. after Nackawic mill stopped taking his wood - CBC","""The sawmills in the province are only gonna be able to sell, buy and sell so much product,"" said Thomas. ""If all of a sudden there's an influx of ...",cbc.ca,Google Alert - sawmill,https://www.cbc.ca/lite/story/9.7358248,,,,"tag:google.com,2013:googlealerts/feed:3793478796484445659",
2026-09-28,(rss),2026-09-28 15:19:12,"Perfect conditions for outdoor activities with sunshine, warm temps - YouTube",Go to channel Middlefield Custom Sawmill . You Won't Believe What's Inside this Log! Middlefield Custom Sawmill and Two Guys Timberframing•471K views.,youtube.com,Google Alert - sawmill,https://www.youtube.com/watch?v=Uqr7g9lXLww,,,,"tag:google.com,2013:googlealerts/feed:6676081674109935198",
2026-09-28,(rss),2026-09-28 13:58:07,European sawn timber market trends and outlook (August 2026) - Fastmarkets,"Sawmills took heavy losses in the first half of the year, and further price cuts would only worsen their position, one European trader said, though ...",fastmarkets.com,Google Alert - sawmill,https://www.fastmarkets.com/insights/european-sawn-timber-market-trends-and-outlook-august-2026/,,,,"tag:google.com,2013:googlealerts/feed:7380803766396576873",
2026-09-28,(rss),2026-09-28 12:05:26,Image Systems' business area RemaSawco receives an order worth approximately SEK 1.5 ...,RemaSawco has signed an agreement with a Nordic sawmill for the delivery and installation of RemaSawco's new saw line control system.,tradingview.com,Google Alert - sawmill,https://www.tradingview.com/news/modular_finance:fdb8e86429cf0:0-image-systems-business-area-remasawco-receives-an-order-worth-approximately-sek-1-5-million-from-a-nordic-sawmill/,,,,"tag:google.com,2013:googlealerts/feed:16995355740526428621",
2026-09-28,(rss),2026-09-28 11:49:08,NCDOT: Recovery phase of highway repair on NC 12 - YouTube,Go to channel Middlefield Custom Sawmill · You Won't Believe What's Inside this Log! Middlefield Custom Sawmill and Two Guys Timberframing•470K views.,youtube.com,Google Alert - sawmill,https://www.youtube.com/watch?v=wrjZBjHAlFU,,,,"tag:google.com,2013:googlealerts/feed:12521144225198854972",
2026-09-28,(rss),2026-09-28 11:47:53,Image Systems' Remasawco wins sawmill order worth SEK 1.5m | MarketScreener,Technology company Image Systems' Remasawco business area has signed an agreement with a Nordic sawmill to deliver and install a new sawing ...,marketscreener.com,Google Alert - sawmill,https://www.marketscreener.com/news/image-systems-remasawco-wins-sawmill-order-worth-sek-1-5m-ce785adcdc8bf325,,,,"tag:google.com,2013:googlealerts/feed:14879448751379143850",
2026-09-28,(rss),2026-09-28 11:05:44,Image Systems receives SEK1.5m order from Nordic sawmill | MarketScreener,"Image Systems receives SEK1.5m order from Nordic sawmill -September 28, 2026 at 07:01 am EDT - MarketScreener.",marketscreener.com,Google Alert - sawmill,https://www.marketscreener.com/news/image-systems-receives-sek1-5m-order-from-nordic-sawmill-ce785adcdc88f12d,,,,"tag:google.com,2013:googlealerts/feed:9868161770254781864",
2026-09-28,(rss),2026-09-28 10:19:33,Sawmill / General Manager - Whitney Sawmills - Timber Trades Journal,"Based at , Whitney-on-Wye, Herefordshire. Full time role overseeing production staff , a small sales team, and the premises.",ttjonline.com,Google Alert - sawmill,https://www.ttjonline.com/analysis/recruitment/sawmill-general-manager-whitney-sawmills/,,,,"tag:google.com,2013:googlealerts/feed:3625902421059404415",
2026-09-28,(rss),2026-09-28 10:17:30,The Live Edge: Crafting Unique Furniture from Boise's Local Trees - YouTube,Go to channel Middlefield Custom Sawmill . You Won't Believe What's Inside this Log! Middlefield Custom Sawmill and Two Guys Timberframing•470K views.,youtube.com,Google Alert - sawmill,https://www.youtube.com/watch?v=_SXj7fxOnTc,,,,"tag:google.com,2013:googlealerts/feed:3301500342056497011",
2026-09-28,(rss),2026-09-28 09:59:35,Columbus hospitals are spending billions on buildings. See what's new in 2026,"The university health system also opened an outpatient care center in Powell in August on Sawmill Parkway. The 208,000-square-foot center cost ...",kentucky.com,Google Alert - sawmill,https://www.kentucky.com/news/nation-world/national/article317407615.html,,,,"tag:google.com,2013:googlealerts/feed:2204685385395448299",
2026-09-28,(rss),2026-09-28 09:22:21,"Sawmill Scanning and Optimization Systems Market Size, Share, Trends 2036","Application covers primary breakdown, edging, trimming, grading, and yield optimization across the sawmill process. End use covers softwood sawmills , ...",futuremarketinsights.com,Google Alert - sawmill,https://www.futuremarketinsights.com/reports/sawmill-scanning-and-optimization-systems-market,,,,"tag:google.com,2013:googlealerts/feed:4156274708229007187",
2026-09-28,(rss),2026-09-28 09:10:49,German sawmill enters preliminary insolvency as court orders protective measures,"A German sawmill has entered preliminary insolvency proceedings after a local court ordered protective measures, restricting the disposal of ...",interiordaily.com,Google Alert - sawmill,https://www.interiordaily.com/article/9877403/german-sawmill-enters-preliminary-insolvency-as-court-orders-protective-measures/,,,,"tag:google.com,2013:googlealerts/feed:10183042568635241006",
2026-09-28,(rss),2026-09-28 20:04:49,Luke Reports Finland industrial roundwood harvest falls 1% in August 2026 | Fordaq News,"Pulpwood harvesting totalled 2.8 million m³, down 2%. Private forests supplied 4.0 million m³. Private forests accounted for most of the industrial ...",fordaq.com,Google Alert - pulpwood,https://www.fordaq.com/news/Luke_Reports_Finland_industrial_roundwood_126940.html,,,,"tag:google.com,2013:googlealerts/feed:8568557036025898216",
2026-09-28,(rss),2026-09-28 20:59:47,"Brazilian company to base North American HQ in Manatee, employing 200","It can be applied for uses such as marine and offshore, ports and infrastructure, buildings and facilities and industrial for pulp and paper , chemical ...",businessobserverfl.com,Google Alert - pulp and paper,https://www.businessobserverfl.com/news/2026/sep/28/brazilian-company-manatee-hq/,,,,"tag:google.com,2013:googlealerts/feed:10626682583663326455",
2026-09-28,(rss),2026-09-28 19:38:55,China includes U.S. hardwood lumber in tariff-cut product list - Lesprom,Pulp and paper products have much narrower coverage. The Chinese list contains no Chapter 47 wood-pulp tariff lines and includes one Chapter 48 ...,lesprom.com,Google Alert - pulp and paper,https://www.lesprom.com/en/news/China_includes_U_S_hardwood_lumber_in_tariff-cut_product_list_124529/,,,,"tag:google.com,2013:googlealerts/feed:10355756796020538599",
2026-09-28,(rss),2026-09-28 17:58:59,"Price to earnings forward of AO ""Solikamskbumprom"" ORD – RUS:SKBP - TradingView","/ Pulp & Paper ; /SKBP; /Financials. AO ""Solikamskbumprom"" ORD. SKBP ...",tradingview.com,Google Alert - pulp and paper,https://www.tradingview.com/symbols/RUS-SKBP/financials-statistics-and-ratios/price-earnings-fwd/,,,,"tag:google.com,2013:googlealerts/feed:13509118563257779388",
2026-09-28,(rss),2026-09-28 16:34:23,TAPPI Kraft Recovery Operations Course - Pulp and Paper Canada,The Technical Association of the Pulp & Paper Industry's (TAPPI's) Kraft Recovery Operations Course providees a comprehensive review to help kraft ...,pulpandpapercanada.com,Google Alert - pulp and paper,https://www.pulpandpapercanada.com/events/tappi-kraft-recovery-operations-course/,,,,"tag:google.com,2013:googlealerts/feed:10692268715391783717",
2026-09-28,(rss),2026-09-28 16:30:31,TAPPI Introduction to Pulp and Paper Technologies Course,This four-day Technical Association of the Pulp & Paper Industry (TAPPI) course delivers a comprehensive introductory to intermediate overview of ...,pulpandpapercanada.com,Google Alert - pulp and paper,https://www.pulpandpapercanada.com/events/tappi-introduction-to-pulp-and-paper-technologies-course/,,,,"tag:google.com,2013:googlealerts/feed:4408625809988171857",
2026-09-28,(rss),2026-09-28 16:02:36,CEPI appoints director general - Recycling Today,"Stevens' appointment comes at an important moment for Europe's pulp and paper industry, CEPI says. As the sector advances its transition towards ...",recyclingtoday.com,Google Alert - pulp and paper,https://www.recyclingtoday.com/news/conference-of-european-paper-industries-appoints-director-general/,,,,"tag:google.com,2013:googlealerts/feed:9847829977495080444",
2026-09-28,(rss),2026-09-28 14:57:22,Aditya A. Shriram & Prashant J. Mahale re-elected as President & Vice President of AMAI,"... Pulp & Paper industries. At Reliance, he has successfully led businesses with P&L responsibility, managed Feedstock operations, and spearheaded ...",bignewsnetwork.com,Google Alert - pulp and paper,https://www.bignewsnetwork.com/news/279338003/aditya-a-shriram-prashant-j-mahale-re-elected-as-president-vice-president-of-amai,,,,"tag:google.com,2013:googlealerts/feed:16202742382577155766",
2026-09-28,(rss),2026-09-28 12:13:39,COFI awards 2026 forestry scholarships - Pulp and Paper Canada,"The BC Council of Forest Industries (COFI), which represents most of British Columbia's pulp , paper , lumber and manufactured wood producers, ...",pulpandpapercanada.com,Google Alert - pulp and paper,https://www.pulpandpapercanada.com/cofi-awards-2026-forestry-scholarships/,,,,"tag:google.com,2013:googlealerts/feed:17167069373281035417",
2026-09-28,(rss),2026-09-28 11:51:55,and hope - for restoring degraded lands and woodlands in Nova Scotia - Halifax Examiner,"... Pulp and Protest."" In October 2024 she was named a member of the ... Paper Excellence, its relationship with Asia Pulp & Paper , and how the ...",halifaxexaminer.ca,Google Alert - pulp and paper,https://www.halifaxexaminer.ca/economy/natural-resources/forestry/restoration-greenhouse-offers-seedlings-and-hope-for-restoring-degraded-lands-and-woodlands-in-nova-scotia/,,,,"tag:google.com,2013:googlealerts/feed:15213453470372998148",
2026-09-28,(rss),2026-09-28 10:42:04,Paper Chemicals Market worth $51.51 billion by 2031 - Exclusive Report by MarketsandMarkets,"These companies maintain strong market positions through broad product portfolios covering pulp manufacturing, papermaking , and water & process ...",finanznachrichten.de,Google Alert - pulp and paper,https://www.finanznachrichten.de/nachrichten-2026-09/69691607-paper-chemicals-market-worth-dollar-51-51-billion-by-2031-exclusive-report-by-marketsandmarkets-008.htm,,,,"tag:google.com,2013:googlealerts/feed:4733461354019485095",
2026-09-28,(rss),2026-09-28 09:46:19,West Coast Paper closes trading window ahead of Q2FY27 results - ScanX,What are the current trends in pulp and paper input costs that could influence the company's profit margins for the September 2026 quarter? fuzz it.,scanx.trade,Google Alert - pulp and paper,https://scanx.trade/stock-market-news/companies/west-coast-paper-closes-trading-window-ahead-q2fy27-results/52134175,,,,"tag:google.com,2013:googlealerts/feed:9367196190365256589",
2026-09-28,(rss),2026-09-28 08:45:27,"Nikkei Falls for First Time in Six Sessions, Briefly Reclaims 67000 Before Closing at Day's ...","... pulp and paper , and mining declined. Regional bank stocks held firm amid expectations of rising Japanese interest rates. Among individual stocks ...",finance.biggo.com,Google Alert - pulp and paper,https://finance.biggo.com/news/59744206-104e-4d06-8484-bef673d659ec,,,,"tag:google.com,2013:googlealerts/feed:15337336321370745591",
2026-09-28,(rss),2026-09-28 06:37:37,Papermaking Market Reaches USD 318.5 Billion by 2033 as Mills - openPR.com,Regional sourcing of recovered fiber and pulp can also affect mill economics when transportation costs or feedstock availability change.,openpr.com,Google Alert - pulp and paper,https://www.openpr.com/news/4645357/papermaking-market-reaches-usd-318-5-billion-by-2033-as-mills,,,,"tag:google.com,2013:googlealerts/feed:10996011443312967702",
2026-09-28,(rss),2026-09-28 06:28:13,Shree Ajit Pulp and Paper (NSEI:SAPPL) Advanced Financial Metrics - Investing.com AU,"Unlock advanced financial ratios and metrics for Shree Ajit Pulp and Paper (SAPPL) with InvestingPro. Explore liquidity, profitability ...",au.investing.com,Google Alert - pulp and paper,https://au.investing.com/pro/NSEI:SAPPL/explorer,,,,"tag:google.com,2013:googlealerts/feed:1579998532990558209",
2026-09-28,(rss),2026-09-28 05:42:19,"Canada Pressure Vessel Market to Reach US$3,419.2 Million - openPR.com","They are widely used across oil and gas, petrochemicals, chemicals, power generation, mining, food processing, pulp and paper , and other process ...",openpr.com,Google Alert - pulp and paper,https://www.openpr.com/news/4645315/canada-pressure-vessel-market-to-reach-us-3-419-2-million,,,,"tag:google.com,2013:googlealerts/feed:3757057329826645024",
2026-09-28,(rss),2026-09-28 04:03:16,What a 25-ft idol of Ganapati made of pulp reveals about the divinity of paper,"In Vile Parle, a quarter-tonne of last year's dissolved god, rescued from an artificial pond and dried into pulp , was reincarnated as this year's ...",printweek.in,Google Alert - pulp and paper,https://www.printweek.in/article/what-a-25-ft-idol-of-ganapati-made-of-pulp-reveals-about-the-divinity-of-paper/4edadf88e61a90604nh3cg9mnx,,,,"tag:google.com,2013:googlealerts/feed:10361271045237414352",
2026-09-28,(rss),2026-09-28 03:59:24,Hong Kong to pulp waste paper locally from October - RTHK,Hong Kong will pulp all recovered waste paper locally at the EcoPark facility in Tuen Mun rather than relying on exports...,news.rthk.hk,Google Alert - pulp and paper,https://news.rthk.hk/rthk/en/component/k2/1871829-20260928.htm,,,,"tag:google.com,2013:googlealerts/feed:9810732705658912334",
2026-09-28,(rss),2026-09-28 02:44:39,TAPPI Paper Machine Operations Course,"Join the wait list now for the Technical Association of the Pulp & Paper Industry's (TAPPI's) Paper Machine Operations Course in 2027, ...",pulpandpapercanada.com,Google Alert - pulp and paper,https://www.pulpandpapercanada.com/events/tappi-paper-machine-operations-course-2/,,,,"tag:google.com,2013:googlealerts/feed:1330450478507828685",
2026-09-28,(rss),2026-09-28 21:12:19,Largest steel plant in U.S. history coming to Iowa | National - Fort Wayne Business Weekly,"The company is also currently commissioning its new $2.5 billion iron ore mine and pellet plant in Minnesota, the first iron ore mine opened in the ...",fwbusiness.com,Google Alert - pellet mill,https://www.fwbusiness.com/news/national/article_76f66dc1-3e09-548c-ae64-1a953b690799.html,,,,"tag:google.com,2013:googlealerts/feed:3919570824011946459",
2026-09-28,(rss),2026-09-28 21:10:06,Trump to Announce $15 Billion Steel Plant Investment in Push to Bring Manufacturing Back ...,"Minnesota Mine & Pellet Plant , Iowa Steel Plant. Investment, Approx. $2.5 billion, Ore processing + steelmaking combined approx. $15 billion. Primary ...",finance.biggo.com,Google Alert - pellet mill,https://finance.biggo.com/news/a620375f-02ad-41de-8f2f-6172cf5c01c0,,,,"tag:google.com,2013:googlealerts/feed:4314974977514421453",
2026-09-28,(rss),2026-09-28 20:59:41,Trump announces $15B Mesabi Metallics steel plant in Iowa,steel mill. Ethan Bernard. Ethan ... The Minnesota-based company closed on its acquisition of AHMSA's Reynolds Pellet Plant in Indiana on Dec.,steelmarketupdate.com,Google Alert - pellet mill,https://www.steelmarketupdate.com/2026/09/28/trump-announces-15b-mesabi-metallics-steel-plant-in-iowa/,,,,"tag:google.com,2013:googlealerts/feed:9355888000979187188",
2026-09-28,(rss),2026-09-28 20:56:11,Mesabi Metallics selects Iowa for steel plant | Local | mesabitribune.com,"DR-grade iron ore pellets produced at Mesabi Metallics' mining and processing facility near Nashwauk, Minn., will feed the steel mill . The roughly ...",virginiamn.com,Google Alert - pellet mill,http://www.virginiamn.com/news/local/mesabi-metallics-selects-iowa-for-steel-plant/article_a2046c2a-3fa2-43c9-b832-5ec39e228f8a.html,,,,"tag:google.com,2013:googlealerts/feed:4029651784315597839",
2026-09-28,(rss),2026-09-28 20:02:08,How Trump's $15B Steel Project Could Save Ashley Hinson in Iowa - Newsweek,President Donald Trump is set to unveil a $15 billion steel mill ... It follows Mesabi Metallics' roughly $2.5 billion investment in a mine and pellet ...,newsweek.com,Google Alert - pellet mill,https://www.newsweek.com/how-trumps-15b-steel-project-could-save-ashley-hinson-in-iowa-12497272,,,,"tag:google.com,2013:googlealerts/feed:8634650277411425815",
2026-09-28,(rss),2026-09-28 18:23:50,Trump Iowa Steel Plant Project: Trump to Announce $15 Billion Mesabi Metallics Investment ...,"The project would form part of an integrated supply chain, with iron ore coming from the company's new mine and pellet plant in Nashwauk, Minnesota.",sundayguardianlive.com,Google Alert - pellet mill,https://sundayguardianlive.com/world/trump-iowa-steel-plant-project-trump-to-announce-15-billion-mesabi-metallics-investment-10-million-ton-production-goal-and-1750-new-jobs-check-2030-production-timeline-minnesota-mine-more-294733/,,,,"tag:google.com,2013:googlealerts/feed:16120038995593563629",
2026-09-28,(rss),2026-09-28 16:03:25,Trump to unveil plans for a $15 billion steel mill in Iowa - NBC News,"Components at the Mesabi Metallics pellet production plant in Nashwauk, Minn.Aaron Lavinsky / ZUMA Press via Shutterstock file. “Trump is ...",nbcnews.com,Google Alert - pellet mill,https://www.nbcnews.com/politics/trump-administration/trump-unveil-steel-plant-iowa-tariffs-manufacturing-rcna600241,,,,"tag:google.com,2013:googlealerts/feed:2838838727925046342",
2026-09-28,(rss),2026-09-28 14:59:54,India's NMDC Limited commissions two million mt pellet plant - SteelOrbis,Indian government-run miner NMDC Limited has commissioned a 2 million mt per year capacity pellet plant as part of its $566 million integrated ...,steelorbis.com,Google Alert - pellet mill,https://www.steelorbis.com/steel-news/latest-news/indias-nmdc-limited-commissions-two-million-mt-pellet-plant-1480137.htm,,,,"tag:google.com,2013:googlealerts/feed:13297529821242726962",
2026-09-28,(rss),2026-09-28 13:30:37,"Trump to Announce $15 Billion Iowa Steel Mill , 1,700 Jobs - Sean Hannity",The company recently opened Minnesota's first new iron ore mine and pellet plant in nearly 50 years. Mesabi says it has invested more than $2.5 ...,hannity.com,Google Alert - pellet mill,https://hannity.com/media-room/art-of-the-steel-trump-to-announce-15-billion-iowa-mill-1700-jobs-wsj/,,,,"tag:google.com,2013:googlealerts/feed:16978488434271535192",
2026-09-28,(rss),2026-09-28 10:55:00,Rio Tinto and Shougang commission blast furnace carbon capture trial facility - SteelOrbis,"India's GGSPL to hike billet, sponge iron and rebar capacities at Gujarat mill ... India's NMDC Limited commissions two million mt pellet plant . 28 Sep ...",steelorbis.com,Google Alert - pellet mill,https://www.steelorbis.com/steel-news/latest-news/rio-tinto-and-shougang-commission-blast-furnace-carbon-capture-trial-facility-1480180.htm,,,,"tag:google.com,2013:googlealerts/feed:16865625174112750608",
2026-09-28,(rss),2026-09-28 09:09:47,Branko Zecevic: Balkan steelmakers face import pressure as global trade barriers rise,"Albania's Elbasan mill was described as temporarily idle, with its future uncertain. ... India's NMDC Limited commissions two million mt pellet plant .",steelorbis.com,Google Alert - pellet mill,https://www.steelorbis.com/steel-news/latest-news/branko-zecevic-balkan-steelmakers-face-import-pressure-as-global-trade-barriers-rise-1480116.htm,,,,"tag:google.com,2013:googlealerts/feed:9200704734382689839",
2026-09-28,(rss),2026-09-28 06:30:31,NMDC has started operations at its INR 5427 crore integrated iron ore,"... plant at Bacheli, a 15 MTPA slurry pipeline and a 2 MTPA pellet plant at Nagarnar. The 135-km pipeline will transport iron ore concentrate from ...",news.metal.com,Google Alert - pellet mill,https://news.metal.com/en/newscontent/104136816-nmdc-starts-operations-at-inr-5427-crore-integrated-iron-ore-project-in-chhattisgarh,,,,"tag:google.com,2013:googlealerts/feed:18306777999981002547",
2026-09-28,(rss),2026-09-28 06:19:20,Has Grange Resources (ASX:GRR) lost footing after index exit? | Kalkine Media,Pellet premiums are linked to mill profitability. When margins are thin ... Small efficiency gains at the concentrator or pellet plant can ...,kalkinemedia.com,Google Alert - pellet mill,https://kalkinemedia.com/au/commodity/iron-ore/has-grange-resources-asxgrr-lost-footing-after-index-exit,,,,"tag:google.com,2013:googlealerts/feed:7219464492583280719",
2026-09-28,(rss),2026-09-28 15:55:20,"Where is the price-capped pellet ? Citizens claim it was exported, Jokovic assures shortages ... - CdM",... pellets from domestic consumers or otherwise preventing them from purchasing the fuel at the regulated price. Preuzmite CdM Aplikaciju. avatar. 1000.,cdm.me,Google Alert - pellet fuel,https://www.cdm.me/english/where-is-the-price-capped-pellet-citizens-claim-it-was-exported-jokovic-assures-shortages-wont-be-allowed/,,,,"tag:google.com,2013:googlealerts/feed:6106466032348750548",
2026-09-28,(rss),2026-09-28 14:25:32,CAMPel9 Self-Generating Pellet Heater Launches on Kickstarter for Camping and RV Use,"Unlike conventional electric heaters, CAMPel9 uses pellet fuel as its heat source and incorporates thermoelectric technology to generate electricity ...",einpresswire.com,Google Alert - pellet fuel,https://www.einpresswire.com/article/945383536/campel9-self-generating-pellet-heater-launches-on-kickstarter-for-camping-and-rv-use,,,,"tag:google.com,2013:googlealerts/feed:13972354695265208497",
2026-09-28,(rss),2026-09-28 07:27:30,Power Metal Resources PLC agrees to £1.9M Fermi funding | Mugglehead,"An oversized uranium fuel pellet at a generic loading dock illustrates exploration funding. Illustration: Mugglehead, generated with AI. Under a £1.9 ...",mugglehead.com,Google Alert - pellet fuel,https://mugglehead.com/power-metal-resources-fermi-uranium-jv-phase-two-funding/,,,,"tag:google.com,2013:googlealerts/feed:14696736881103074211",
2026-09-28,(rss),2026-09-28 17:26:40,Former Montana coach Bobby Hauck parts ways with Illinois after 4 games - Fairfield Sun Times,"Former Montana Grizzlies head coach Bobby Hauck left Illinois after ... People From Big Timber , Montana · Coaches Of American Football From ...",fairfieldsuntimes.com,Google Alert - montana timber,https://www.fairfieldsuntimes.com/news/state/former-montana-coach-bobby-hauck-parts-ways-with-illinois-after-4-games/article_6da2dcee-fb18-5ea7-8be4-15632909ff5e.html,,,,"tag:google.com,2013:googlealerts/feed:18009943618691927641",
2026-09-28,(rss),2026-09-28 16:43:58,Former Montana coach Bobby Hauck parts ways with Illinois after 4 games - SWX Sports,Hauck is a Montana native who was born in Missoula and went to high school in at Sweet Grass County High School in Big Timber before earning a ...,swxlocalsports.com,Google Alert - montana timber,https://www.swxlocalsports.com/montana/former-montana-coach-bobby-hauck-parts-ways-with-illinois-after-4-games/article_333e451c-ffdc-553f-978f-6d15c16555fa.html,,,,"tag:google.com,2013:googlealerts/feed:16878615235992344953",
2026-09-28,(rss),2026-09-28 20:17:09,Indigenous housing momentum builds nationwide - REMI Network,"... modular housing deployment consisting of 35 new homes. Built off‑site and transported into the community, modular construction shortens timelines ...",reminetwork.com,Google Alert - modular construction,https://www.reminetwork.com/articles/indigenous-led-housing-momentum-builds-nationwide/,,,,"tag:google.com,2013:googlealerts/feed:7419499464360693129",
2026-09-28,(rss),2026-09-28 19:41:23,"AIRPORT WORLD 2026, ISSUE 04",Plus: New Rules of Investment; Modular Construction ; Taking Cues From Theme Parks ... modular construction . We round the issue out with our 'business ...,airport-world.com,Google Alert - modular construction,https://airport-world.com/airport-world-2026-issue-04/,,,,"tag:google.com,2013:googlealerts/feed:8846643519292589599",
2026-09-28,(rss),2026-09-28 17:33:51,The new prefab home contract breaking barriers to factory-built housing,"CommBank now allows progress payments on eligible modular homes built offsite ... PrefabAUS, the peak body for prefabricated and offsite construction ...",mpamag.com,Google Alert - modular construction,https://www.mpamag.com/au/news/general/the-new-prefab-home-contract-breaking-barriers-to-factory-built-housing/591335,,,,"tag:google.com,2013:googlealerts/feed:13390821996410926171",
2026-09-28,(rss),2026-09-28 16:02:39,RUH Bath's £12m urgent treatment centre to 'cut A&E pressure' - BBC,"Health chiefs added that the new building will improve privacy, waiting, assessment and treatment environments. The modular buildings that will ...",bbc.com,Google Alert - modular construction,https://www.bbc.com/news/articles/c50m3ejv203jo,,,,"tag:google.com,2013:googlealerts/feed:10440270956153305154",
2026-09-28,(rss),2026-09-28 15:56:55,ERB: Sharp decline in core profits and a major loss from discontinued modular operations ...,"Revenue and net profit from continued operations declined sharply year-over-year, while the discontinued modular construction segment generated a ...",tradingview.com,Google Alert - modular construction,https://www.tradingview.com/news/urn:summary_document_report:quartr.com:4205361:0-erb-sharp-decline-in-core-profits-and-a-major-loss-from-discontinued-modular-operations-led-to-a-total-net-loss/,,,,"tag:google.com,2013:googlealerts/feed:8790421866128730028",
2026-09-28,(rss),2026-09-28 15:50:04,Approval to build Oak Ridge nuclear reactor comes ahead of schedule for TVA,"The U.S. Nuclear Regulatory Commission will approve a construction permit for TVA's small modular reactor Sept. 29, according to a joint news ...",knoxnews.com,Google Alert - modular construction,https://www.knoxnews.com/story/money/business/2026/09/28/tennessee-valley-authority-permit-build-oak-ridge-advanced-nuclear-reactor/91917088007/,,,,"tag:google.com,2013:googlealerts/feed:5119865559842970839",
2026-09-28,(rss),2026-09-28 15:12:03,"SAGE Classrooms, Schools, and Campuses Now Available in Texas - PR Web",These modular classrooms and school buildings give districts an option ... Durable modular construction designed for long-term educational use ...,prweb.com,Google Alert - modular construction,https://www.prweb.com/releases/sage-classrooms-schools-and-campuses-now-available-in-texas-302890758.html,,,,"tag:google.com,2013:googlealerts/feed:16692724574654154961",
2026-09-28,(rss),2026-09-28 14:36:24,Modular construction business set for record year - The Hull Story,"... Buildings' headquarters. By Rick Lyon, Co-Editor. Modular construction business Integra Buildings has forecasted record financial performance as it ...",thehullstory.com,Google Alert - modular construction,https://www.thehullstory.com/allarticles/modular-construction-business-set-for-record-year,,,,"tag:google.com,2013:googlealerts/feed:1186365256000320009",
2026-09-28,(rss),2026-09-28 14:02:15,NuWay Custom Modular Homes Named Modular Home Builder of the Year in Glasgow,"... building custom modular homes and tiny homes for customers in Kentucky and nationwide. Services include design, certified modular construction ...",einpresswire.com,Google Alert - modular construction,https://www.einpresswire.com/article/945811885/nuway-custom-modular-homes-named-modular-home-builder-of-the-year-in-glasgow,,,,"tag:google.com,2013:googlealerts/feed:5717421717850475287",
2026-09-28,(rss),2026-09-28 13:35:26,CAWIC honours the impact on the construction industry through leadership,"... modular construction sector. September 25, 2026. Calgary approves downtown segment of the Green Line LRT. September 24, 2026. Work begins on new ...",renewcanada.net,Google Alert - modular construction,https://www.renewcanada.net/cawic-honours-the-impact-on-the-construction-industry-through-leadership/,,,,"tag:google.com,2013:googlealerts/feed:9660161375054514142",
2026-09-28,(rss),2026-09-28 13:33:34,Building flexibility into the next generation of outpatient care | Healthcare Dive,"... modular construction . On active healthcare campuses, builders can also evaluate how sequencing, temporary conditions and infrastructure shutdowns ...",healthcaredive.com,Google Alert - modular construction,https://www.healthcaredive.com/spons/building-flexibility-into-the-next-generation-of-outpatient-care/830623/,,,,"tag:google.com,2013:googlealerts/feed:9492773209010164643",
2026-09-28,(rss),2026-09-28 13:22:30,Modular units rise for affordable housing at 1141 N. Vermont Ave. in East Hollywood,The seven-story building from Thrive Living with include 290 apartments · Eight months after commencing construction in · Located a short walk of ...,la.urbanize.city,Google Alert - modular construction,https://la.urbanize.city/post/modular-units-rise-affordable-housing-1141-n-vermont-ave-east-hollywood,,,,"tag:google.com,2013:googlealerts/feed:16626677460181970274",
2026-09-28,(rss),2026-09-28 11:35:42,Colorado governor candidates offer different plans to tackle the state's affordable housing crisis,Modular homes are prefabricated houses built in sections at a factory then transported to a building site and assembled with a crane. The construction ...,denver7.com,Google Alert - modular construction,https://www.denver7.com/news/local-news/colorado-governor-candidates-offer-different-plans-to-tackle-the-states-affordable-housing-crisis,,,,"tag:google.com,2013:googlealerts/feed:4032624036459570024",
2026-09-28,(rss),2026-09-28 11:19:15,Redding K-8 charter school finally building $11M high school | Modesto Bee,About 100 high school students learn in modular classrooms that were set up on the campus in 2022. Once the building dedicated to high school ...,modbee.com,Google Alert - modular construction,https://www.modbee.com/news/article317408439.html,,,,"tag:google.com,2013:googlealerts/feed:14632736449269295139",
2026-09-28,(rss),2026-09-28 11:11:41,Redding School of the Arts expands with new high school,Construction is able to ... RSA officials had hoped to move students out of modular buildings and into the new high school campus in August 2023.,redding.com,Google Alert - modular construction,https://www.redding.com/story/news/local/2026/09/28/redding-school-of-the-arts-expands-with-new-high-school/91937433007/,,,,"tag:google.com,2013:googlealerts/feed:17411839062308491803",
2026-09-28,(rss),2026-09-28 11:06:31,Integra Buildings Set For Record Year As Modular Construction Business Invests In Growth,"Integra Buildings Set For Record Year As Modular Construction Business Invests In Growth. September 28, 2026. CEO Gary Parker, left, and Managing ...",businessupnorth.co.uk,Google Alert - modular construction,https://www.businessupnorth.co.uk/integra-buildings-set-for-record-year-as-modular-construction-business-invests-in-growth/,,,,"tag:google.com,2013:googlealerts/feed:18395403003447328430",
2026-09-28,(rss),2026-09-28 10:18:47,Modular firm builds towards record £55m year | TheBusinessDesk.com,Modular construction business Integra Buildings is on course for a record £55.6m turnover this year as it gears up to invest £7m in its next phase ...,thebusinessdesk.com,Google Alert - modular construction,https://www.thebusinessdesk.com/yorkshire/news/2160735-modular-firm-builds-towards-record-55m-year,,,,"tag:google.com,2013:googlealerts/feed:3912711922851014808",
2026-09-28,(rss),2026-09-28 10:08:17,"Small Modular Reactor Potential Lies In Industry, Not Grid Power, Says Study - NucNet","If used for heat processing and hydrogen production, SMRs could reduce US industrial carbon emissions by 8% in the first wave of construction and 14% ...",nucnet.org,Google Alert - modular construction,https://www.nucnet.org/news/small-modular-reactor-potential-lies-in-industry-not-grid-power-says-study-9-1-2026,,,,"tag:google.com,2013:googlealerts/feed:2333973878825011405",
2026-09-28,(rss),2026-09-28 03:41:19,Mass Timber Could Cut Years Off the Wait to Rebuild After LA's Fires - Wood Central,One LA fire rebuild in Altadena went from bare foundation to framed shell in two days on mass timber panels made by Austria's KLH ... warehouse space.,woodcentral.com.au,Google Alert - mass timber warehouse,https://woodcentral.com.au/la-fire-rebuild-mass-timber/,,,,"tag:google.com,2013:googlealerts/feed:12888855405166343967",
2026-09-28,(rss),2026-09-28 20:46:11,Gulf Softwood Lumber Imports Fall by a Third - Wood Central,"Teuschler said exports had a “very pleasing” 2025, with growth strongest in Austria's traditional European markets , and he now expects lower sales and ...",woodcentral.com.au,Google Alert - lumber market,https://woodcentral.com.au/gulf-softwood-lumber-imports/,,,,"tag:google.com,2013:googlealerts/feed:8321710438459091125",
2026-09-28,(rss),2026-09-28 19:57:14,A lumber -pricing revolution? - HBS Dealer,"Kathrein added: “We believe transparency, competition, and better market data ultimately benefit dealers and help create a stronger industry for ...",hbsdealer.com,Google Alert - lumber market,https://hbsdealer.com/lumber-pricing-revolution,,,,"tag:google.com,2013:googlealerts/feed:15249773380841953218",
2026-09-28,(rss),2026-09-28 17:32:52,"U.S., China agree on more favorable tariff treatment for $30B in goods | Woodworking Network","The Board of Trade also launched a working group to address barriers to agricultural market access. Currently, wood furniture coming from China ...",woodworkingnetwork.com,Google Alert - lumber market,https://www.woodworkingnetwork.com/news/woodworking-industry-news/us-china-agree-more-favorable-tariff-treatment-30b-goods,,,,"tag:google.com,2013:googlealerts/feed:13885947394746224955",
2026-09-28,(rss),2026-09-28 16:22:34,Wood Industry's 40 Under 40: Making an industry impact - Woodworking Network,"Market Leaders | 09/28/2026. Tonda Thompson, She Slangs Wood : Insights from a Wood Industry Market Leader · Woodworking Industry News | 09/28/2026 ...",woodworkingnetwork.com,Google Alert - lumber market,https://www.woodworkingnetwork.com/events-contests/woodworking-industry-40-under-40/wood-industrys-40-under-40-making-industry-impact,,,,"tag:google.com,2013:googlealerts/feed:2597657151050406690",
2026-09-28,(rss),2026-09-28 15:26:40,"The Materials, Network and Partnerships Behind Energy Development - CN Rail",CN and Battle Lumber scale a tailored transload solution to meet growing market demand. Economic growth starts with materials on the move. Across ...,cn.ca,Google Alert - lumber market,https://www.cn.ca/en/stories/sm-20260928-cn-and-battle-lumber-transload-solution/,,,,"tag:google.com,2013:googlealerts/feed:11530465802889921092",
2026-09-28,(rss),2026-09-28 04:49:52,"Do it Best and True Value 2026 Fall Market Advances Integration, Retail Technology","Christopher Peterson of C&M Lumber Co., New Meadows, Idaho, expects to shift business to existing suppliers. “For our pest control and mousetraps, we' ...",hardwareretailing.com,Google Alert - lumber market,https://hardwareretailing.com/do-it-best-and-true-value-2026-fall-market-advances-integration-retail-technology/,,,,"tag:google.com,2013:googlealerts/feed:14186518130815991928",
2026-09-28,(rss),2026-09-28 04:05:46,Lukashenko Bans Sanctions Talk as Belarus Ramps Up Timber Supply - Wood Central,"Now, Lukashenko wants those machines sold abroad, telling the plant to hurry and take “the markets that are being freed up” and saying “we need to ...",woodcentral.com.au,Google Alert - lumber market,https://woodcentral.com.au/belarus-timber-harvesting-lukashenko/,,,,"tag:google.com,2013:googlealerts/feed:3690167422224699818",
2026-09-28,(rss),2026-09-28 20:28:08,Hope RCMP investigate collision involving two commercial vehicles on Highway 3,The driver of the logging truck sustained injuries and had to be extricated by emergency responders before being transported to hospital for treatment ...,rcmp.ca,Google Alert - logging truck,https://rcmp.ca/en/bc/hope/news/2026/09/4357373,,,,"tag:google.com,2013:googlealerts/feed:4952411823023805619",
2026-09-28,(rss),2026-09-28 19:47:23,Driver of logging truck extricated after crash involving semi-truck Monday morning in Hope: RCMP,HOPE - The driver of a logging truck was extricated and transported to hospital with injuries after a collisio...,fraservalleytoday.ca,Google Alert - logging truck,https://fraservalleytoday.ca/2026/09/28/driver-of-logging-truck-extricated-after-crash-involving-semi-truck-monday-morning-in-hope-rcmp/,,,,"tag:google.com,2013:googlealerts/feed:13127952196457446117",
2026-09-28,(rss),2026-09-28 14:07:21,Driverless Trucks : Kodiak's Dallas-Houston Mission | Heavy Duty Trucking,"Since 2019, it has hauled freight between Dallas and Houston with safety drivers aboard, logging more than 3.5 million autonomous miles on the ...",truckinginfo.com,Google Alert - logging truck,https://www.truckinginfo.com/news/kodiak-targets-dallashouston-for-driverless-trucks,,,,"tag:google.com,2013:googlealerts/feed:6397640940727637664",
2026-09-28,(rss),2026-09-28 15:55:25,Carney faces a balancing act on the economy and environment - Tree Frog creative,The Tree Frog Forestry News is an essential tool for the forest sector in North America and around the world.,treefrogcreative.ca,Google Alert - logging industry,https://treefrogcreative.ca/carney-faces-a-balancing-act-on-the-economy-and-environment/,,,,"tag:google.com,2013:googlealerts/feed:14942715838731034465",
2026-09-28,(rss),2026-09-28 14:20:33,China Not to Blame for Dwindling Wood Supply Hitting Polish Mills,"Poland wood shortage of more than 7 million cubic metres is the real problem, not China, industry says, as a garden timber maker seeks court ...",woodcentral.com.au,Google Alert - logging industry,https://woodcentral.com.au/poland-wood-shortage/,,,,"tag:google.com,2013:googlealerts/feed:16601050540970708464",
2026-09-28,(rss),2026-09-28 11:01:55,Forestry Equipment Market to Reach US$16.22 Billion by 2035: - openPR.com,"The 558 and 568 are positioned for applications involving heavier loads and larger timber . Japan: Recent Industry Developments ✓ In September 2026, ...",openpr.com,Google Alert - logging industry,https://www.openpr.com/news/4645794/forestry-equipment-market-to-reach-us-16-22-billion-by-2035,,,,"tag:google.com,2013:googlealerts/feed:18343238310959223333",
2026-09-28,(rss),2026-09-28 01:04:46,Finland industrial roundwood harvest falls 1% in August 2026 | Fordaq News,Finland harvested 5.2 million m³ of industrial roundwood in August 2026. Statistics & Data • Logs • Finland Finland industrial roundwood harvest ...,fordaq.com,Google Alert - logging industry,https://www.fordaq.com/news/Finland_industrial_roundwood_harvest_falls_126940.html,,,,"tag:google.com,2013:googlealerts/feed:10239456039289661874",
2026-09-28,(rss),2026-09-28 00:09:13,"When Longhouses Fall Silent, Communities Fade - Sarawak Tribune",There are no jobs as most of the logging companies around it have closed down. ... industry capable of attracting a new generation of rural ...,sarawaktribune.com,Google Alert - logging industry,https://www.sarawaktribune.com/when-longhouses-fall-silent-communities-fade/,,,,"tag:google.com,2013:googlealerts/feed:9847533689965591815",
2026-09-28,(rss),2026-09-28 16:36:03,Posthaste: How Trump's threatened diesel ban could fan the flames of the world's fuel shock,Scale of the shock that could stem from a U.S. diesel export ban would be comparable to the natural gas crisis in Europe in 2022 ... Sign up. Jump to ...,financialpost.com,Google Alert - log export,https://financialpost.com/news/trump-threatened-diesel-export-ban-could-backfire,,,,"tag:google.com,2013:googlealerts/feed:7400321169388313660",
2026-09-28,(rss),2026-09-28 11:33:56,"Thailand's Car Factories Pick Up Speed, Exports Slip - Finimize","This content is free, but you must be logged in to continue reading. Continue with Apple. Continue with Google ...",finimize.com,Google Alert - log export,https://finimize.com/content/thailands-car-factories-pick-up-speed-exports-slip,,,,"tag:google.com,2013:googlealerts/feed:1333227183025582101",
2026-09-28,(rss),2026-09-28 09:01:46,"Uganda, South Sudan open power trade corridor with $254m project | Monitor","The $254m interconnection will open an electricity trade corridor, allowing Uganda to export power to other countries in East Africa.",monitor.co.ug,Google Alert - log export,https://www.monitor.co.ug/uganda/business/markets/uganda-south-sudan-open-power-trade-corridor-with-254m-project-5611794,,,,"tag:google.com,2013:googlealerts/feed:17156657596804865054",
2026-09-28,(rss),2026-09-28 07:58:43,Tasman Storms Hand Port Nelson It's Biggest Log Haul on Record - Wood Central,"Port Nelson log exports hit a record 1.76 million tonnes after Tasman's storms and a sawmill closure, but the port expects the surge to be a ...",woodcentral.com.au,Google Alert - log export,https://woodcentral.com.au/port-nelson-log-exports-windthrow/,,,,"tag:google.com,2013:googlealerts/feed:3418762156691851753",
2026-09-28,(rss),2026-09-28 07:44:56,China Trade | World | hjnews.com,"Export · Facebook · Twitter · WhatsApp · SMS · Email; Print; Copy article link; Save ... Welcome to the discussion. Log In. We welcome comments, however ...",hjnews.com,Google Alert - log export,https://www.hjnews.com/world/china-trade/image_77fbe719-9555-55a8-9024-ebbf27aff4ae.html,,,,"tag:google.com,2013:googlealerts/feed:7541808399085303658",
2026-09-28,(rss),2026-09-28 22:01:16,West Virginia Division of Forestry urges caution during fall fire season - WOWK,"... Forestry says. “Fall fire season is a critical time for forest protection in West Virginia,” said Jeremy Jones, Director/State Forester of the ...",wowktv.com,Google Alert - forestry,https://www.wowktv.com/news/west-virginia/west-virginia-division-of-forestry-urges-caution-during-fall-fire-season/,,,,"tag:google.com,2013:googlealerts/feed:8989431622495404270",
2026-09-28,(rss),2026-09-28 21:21:58,The EU at FAO's Committee on Forestry and the 10th World Forest Week | EEAS,The EU Forest Strategy for 2030 is one of the flagship initiatives of the European Green Deal and builds on the EU Biodiversity Strategy for 2030.,eeas.europa.eu,Google Alert - forestry,https://www.eeas.europa.eu/delegations/un-rome/eu-faos-committee-forestry-and-10th-world-forest-week_en,,,,"tag:google.com,2013:googlealerts/feed:9112692145316575452",
2026-09-28,(rss),2026-09-28 20:32:12,PSJA ISD receives $3.1 million for forestry project and new outdoor learning spaces - KRGV,"The project is backed by a $3.1 million Texas A&M Forest Service Community Forestry Program grant that will benefit schools across Pharr, San Juan and ...",krgv.com,Google Alert - forestry,https://www.krgv.com/news/psja-isd-receives-3-1-million-for-forestry-project-and-new-outdoor-learning-spaces/,,,,"tag:google.com,2013:googlealerts/feed:5291472373933897985",
2026-09-28,(rss),2026-09-28 20:00:25,Deschutes National Forest prescribed burn scheduled for Tuesday near Crescent - KTVZ,Fire management officials coordinated with Oregon Department of Forestry smoke specialists to schedule the operation when weather patterns are ...,ktvz.com,Google Alert - forestry,https://ktvz.com/news/2026/09/28/deschutes-national-forest-prescribed-burn-scheduled-for-tuesday-near-crescent/,,,,"tag:google.com,2013:googlealerts/feed:11009221900665558122",
2026-09-28,(rss),2026-09-28 18:57:50,Rethinking the role of collaboration in BC's forestry future | UBC FES,"A UBC researcher explores how collaboration, Indigenous perspectives and diverse values can reshape BC forestry and create hope for the future.",forestry.ubc.ca,Google Alert - forestry,https://forestry.ubc.ca/branchlines-articles/branchlines-web-exclusive/rethinking-the-role-of-collaboration-in-bcs-forestry-future/,,,,"tag:google.com,2013:googlealerts/feed:6716539513936253140",
2026-09-28,(rss),2026-09-28 18:43:14,Licensable picture: forest - Reuters Connect,"Forest photo production, Luca Biedermann Forestry worker from the Forestry Training Center in Arnsberg cuts a tree with a chainsaw.",reutersconnect.com,Google Alert - forestry,https://www.reutersconnect.com/item/forest/dGFnOnJldXRlcnMuY29tLDIwMjY6bmV3c21sX0RQQUYyNjA0MjJYOTlYMjAyNjM3?lastViewed=dGFnOnJldXRlcnMuY29tLDIwMjY6bmV3c21sX0RQQUYyNjA0MjJYOTlYMjAyNjU2&position=2,,,,"tag:google.com,2013:googlealerts/feed:2946310125663640846",
2026-09-28,(rss),2026-09-28 18:38:25,Salt Lake City Celebrates National Public Lands Day at Liberty Park - SLC.gov,Urban Forestry · Urban Services · Workday · Youth & Family. Public Lands Department. publiclands@slc.gov. SLC.gov · Public Lands Department · Salt ...,slc.gov,Google Alert - forestry,https://www.slc.gov/parks/salt-lake-city-celebrates-national-public-lands-day-at-liberty-park/,,,,"tag:google.com,2013:googlealerts/feed:493567768851418686",
2026-09-28,(rss),2026-09-28 18:11:03,New Mexico forester lifts statewide fire restrictions after recent rains - SourceNM,"... forestry officials to lift state restrictions on campfires and pile burns, New Mexico State Forester Laura McCarthy said Sept. 28, 2026. (Photo ...",sourcenm.com,Google Alert - forestry,https://sourcenm.com/2026/09/28/new-mexico-forester-lifts-statewide-fire-restrictions-after-recent-rains/,,,,"tag:google.com,2013:googlealerts/feed:9635414999860343586",
2026-09-28,(rss),2026-09-28 17:54:34,Casper team honored as Wyoming Urban and Community Forestry Program of the Year,Wyoming State Forestry has recognized Katy Hallock and the City of Casper's urban forestry team as the 2026 Wyoming Urban and Community Forestry ...,yourwyominglink.com,Google Alert - forestry,https://www.yourwyominglink.com/news/local/casper-team-honored-as-wyoming-urban-and-community-forestry-program-of-the-year/article_4d154607-95a2-48fe-a735-ce2433b0ad06.html,,,,"tag:google.com,2013:googlealerts/feed:4246071810987150159",
2026-09-28,(rss),2026-09-28 17:28:47,$3.2 million price tag on proposed forestry building raises eyebrows,"After volleys of discussion by supervisors of the Vilas County board, they gave approval for a new forestry department building not to exceed $3.2 ...",vcnewsreview.com,Google Alert - forestry,"https://www.vcnewsreview.com/stories/32-million-price-tag-on-proposed-forestry-building-raises-eyebrows,356498",,,,"tag:google.com,2013:googlealerts/feed:11072851562304501022",
2026-09-28,(rss),2026-09-28 17:11:51,Forest of Deceit: Why Localisation Matters When Everyone is Lying - XBOX Wire,"Forest of Deceit, the social deduction party game created by Ghost Camp and Thomas Mackinnon (The Corridor, It Takes a War) and narrated by Sylvester ...",news.xbox.com,Google Alert - forestry,https://news.xbox.com/en-us/2026/09/28/forest-of-deceit-why-localisation-matters/amp/,,,,"tag:google.com,2013:googlealerts/feed:18107572034952369060",
2026-09-28,(rss),2026-09-28 17:03:26,The State of the World's Forests (SOFO) 2026 | FAO,"Discover case studies from around the world and learn how forest and landscape restoration can support resilience, biodiversity, agrifood systems, ...",fao.org,Google Alert - forestry,https://www.fao.org/interactive/2026/state-of-the-worlds-forests/en/,,,,"tag:google.com,2013:googlealerts/feed:9304186681957876725",
2026-09-28,(rss),2026-09-28 16:44:57,Counting 5.2 Billion Trees Across Two Nations - Planet Labs,"... Rwanda Space Agency, Rwanda Forestry Authority, and Tanzania Forest Services Agency, set out to answer that at national scale — and the resu...",planet.com,Google Alert - forestry,https://www.planet.com/pulse/counting-5-2-billion-trees-across-two-nations,,,,"tag:google.com,2013:googlealerts/feed:7036943009754385637",
2026-09-28,(rss),2026-09-28 16:35:01,Johor's Forest City revival efforts hindered by controversial activities - YouTube,"Deep-rooted issues have been making it harder for Forest City in Malaysia to shake off its ""ghost town"" reputation. Among them, questionable and ...",youtube.com,Google Alert - forestry,https://www.youtube.com/watch?v=dtRbVER_1io,,,,"tag:google.com,2013:googlealerts/feed:3740205963615467579",
2026-09-28,(rss),2026-09-28 16:32:00,Remains of dozens of suspected kidnap victims found in Nigerian forests - BBC,The skulls and bones of at least 28 people have been recovered from suspected criminal camps in Nigerian forests . Police in the southeastern state ...,bbc.com,Google Alert - forestry,https://www.bbc.com/news/articles/c6e30x757nx4o,,,,"tag:google.com,2013:googlealerts/feed:12843643882278051732",
2026-09-28,(rss),2026-09-28 22:11:37,Board of Forestry Field Tour Highlights - myMotherLode.com,"Skaar, co-owner of Arnold Green Waste and Forest Products , and winner of the 2026 Central Sierra Biomass Business Competition. He spoke about ...",mymotherlode.com,Google Alert - forest products,https://mymotherlode.com/news/local/11168345/board-of-forestry-field-tour-highlights.html,,,,"tag:google.com,2013:googlealerts/feed:2454060590433732469",
2026-09-28,(rss),2026-09-28 21:02:05,Premier Forest Products Showcases Growth at Decorpanel With New Key Appointment,Leading UK timber supplier Premier Forest Products continues to showcase its growth with the key appointment of Abby Marshall to its specialist ...,businessnewswales.com,Google Alert - forest products,https://businessnewswales.com/premier-forest-products-showcases-growth-at-decorpanel-with-new-key-appointment/,,,,"tag:google.com,2013:googlealerts/feed:4412522315167403651",
2026-09-28,(rss),2026-09-28 19:51:31,"Nature & Biodiversity Pulse Newsletter: Monday September 28, 2026","... timber forest products (NTFPs), under its 2026 Forest Utilization Guidelines Map for Forest Utilization Business Permits. A further 1.33 mln ha of ...",carbon-pulse.com,Google Alert - forest products,https://carbon-pulse.com/555013/,,,,"tag:google.com,2013:googlealerts/feed:1053046385952642477",
2026-09-28,(rss),2026-09-28 18:15:51,Turkey agencies partner to expand wood building construction - Lesprom,... Forestry — General Directorate of Forestry. Turkey's General ... Market News Daily updates from across the forest products industry. Week ...,lesprom.com,Google Alert - forest products,https://www.lesprom.com/en/news/Turkey_agencies_partner_to_expand_wood_building_construction_124524/,,,,"tag:google.com,2013:googlealerts/feed:11045303106945023596",
2026-09-28,(rss),2026-09-28 17:55:34,EEOC Sues Majestic Developers for Disability Discrimination,EEOC Sues Hunt Forest Products for Disability Discrimination · EEOC Sues Eastern Shipbuilding Group for Disability Discrimination. Return to top. U.S. ...,eeoc.gov,Google Alert - forest products,https://www.eeoc.gov/newsroom/eeoc-sues-majestic-developers-disability-discrimination,,,,"tag:google.com,2013:googlealerts/feed:5267994982439263997",
2026-09-28,(rss),2026-09-28 17:14:06,Home Away from Home: Forest River showcases new products at annual expo - WSBT,Forest River hosedthe 17th Annual Forest River Product Expo on SaturdayThe expo featured the lastest in Forest river's 2027 line.,wsbt.com,Google Alert - forest products,https://wsbt.com/news/local/home-on-the-road,,,,"tag:google.com,2013:googlealerts/feed:5432084466298750904",
2026-09-28,(rss),2026-09-28 16:13:22,FPAC opines on PM's address to European Parliament - Pulp and Paper Canada,"The Forest Products Association of Canada (FPAC) and its president/CEO, Derek Nighbor, issued the following statement in advance of the prime ...",pulpandpapercanada.com,Google Alert - forest products,https://www.pulpandpapercanada.com/fpac-opines-on-pms-address-to-european-parliament/,,,,"tag:google.com,2013:googlealerts/feed:18362388823619268954",
2026-09-28,(rss),2026-09-28 15:58:20,"Aven, Forest River Bring HELOC Financing To RV Dealerships",New co-branded home equity product puts HELOC financing at the point of sale as lenders compete for homeowners' equity.,nationalmortgageprofessional.com,Google Alert - forest products,https://nationalmortgageprofessional.com/news/aven-forest-river-bring-heloc-financing-rv-dealerships,,,,"tag:google.com,2013:googlealerts/feed:2780492658512197664",
2026-09-28,(rss),2026-09-28 15:34:35,Mexico redefines forest conservation priorities through the national agreement on ... - JD Supra,"The Agreement seeks to promote the commercialization of legally sourced forest products as a means of combating illegal logging, which reinforces the ...",jdsupra.com,Google Alert - forest products,https://www.jdsupra.com/legalnews/mexico-redefines-forest-conservation-5850882/,,,,"tag:google.com,2013:googlealerts/feed:12818809667341475355",
2026-09-28,(rss),2026-09-28 14:32:39,Forestry-Jobs-Foothills- Forest - Products -2027-Woodlands-Summer ... - Canadian Forests Website,Foothills Forest Products is a two-line softwood-lumber sawmill and planer facility that is currently undergoing optimization. Our facility is ...,canadian-forests.com,Google Alert - forest products,https://www.canadian-forests.com/Forestry-Jobs-Foothills-Forest-Products-2027-Woodlands-Summer-Students-24.09.26.pdf,,,,"tag:google.com,2013:googlealerts/feed:2504875242229167488",
2026-09-28,(rss),2026-09-28 14:32:20,"ECMD opens 135000 sq. ft. Florida distribution facility, creating 20 new jobs","As a 100% employee owned company, ECMD-owned building products companies include Madison Lumber, Klumb Forest Products and Falls City Lumber. ""We ...",woodworkingnetwork.com,Google Alert - forest products,https://www.woodworkingnetwork.com/news/woodworking-industry-news/ecmd-opens-135000-sq-ft-florida-distribution-facility-creating-20,,,,"tag:google.com,2013:googlealerts/feed:3607439687666152253",
2026-09-28,(rss),2026-09-28 13:16:11,CSIRO Veteran Warns Minns Koala Park Carbon Case Lowballs Forest Costs - Wood Central,"The LCA needs to consider changes in forest carbon stocks; carbon stored in wood products in service and landfill; emissions from harvesting, ...",woodcentral.com.au,Google Alert - forest products,https://woodcentral.com.au/forest-carbon-revenue-park-costs/,,,,"tag:google.com,2013:googlealerts/feed:16158760344552502039",
2026-09-28,(rss),2026-09-28 13:13:26,New rail service boosts Swedish forest exports through the Port of Gothenburg,Fiskarheden also sees opportunities to fill the containers with imported goods on the journey from Gothenburg to Dalarna. ... Forest Products ; Canada ...,ajot.com,Google Alert - forest products,https://www.ajot.com/news/new-rail-service-boosts-swedish-forest-exports-through-the-port-of-gothenburg,,,,"tag:google.com,2013:googlealerts/feed:10084189966513344889",
2026-09-28,(rss),2026-09-28 21:21:32,Japan's First All-CLT Office Rises Five Storeys High in Fukuoka - Wood Central,"What Can Australia Learn From Canada's Indigenous Forest Owners? Sustainable Forest Management September 28, 2026. Australia's Foresters Find New ...",woodcentral.com.au,Google Alert - forest management,https://woodcentral.com.au/five-storey-clt-building-fukuoka/,,,,"tag:google.com,2013:googlealerts/feed:9877374210466972013",
2026-09-28,(rss),2026-09-28 21:15:44,Nature Hub CWNYC 2026 in Review: From a £400 Million TFFF Commitment to New Ocean ...,"... management, and innovation and leadership. Nia Tero and Arizona State ... Forest Stewardship Council, in partnership with Chatham House ...",nature4climate.org,Google Alert - forest management,https://nature4climate.org/nature-hub-cwnyc-2026-in-review/,,,,"tag:google.com,2013:googlealerts/feed:4715944719701993353",
2026-09-28,(rss),2026-09-28 19:45:21,Woodland walk offers guidance to follow retired forester's path to biodiversity - Brainerd Dispatch,"... forest management can do. Along the tour, Anderson shared details about the history of his forest and its microecosystems. Walking through his ...",brainerddispatch.com,Google Alert - forest management,https://www.brainerddispatch.com/news/woodland-walk-offers-guidance-to-follow-retired-foresters-path-to-biodiversity,,,,"tag:google.com,2013:googlealerts/feed:1753175078106824547",
2026-09-28,(rss),2026-09-28 19:35:04,Former White River National Forest supervisor pleads for bipartisan vision for managing the ...,"In the midst of a record-low snow year and ongoing and brutal drought, former White River National Forest Supervisor Scott Fitzwilliams saw the ...",summitdaily.com,Google Alert - forest management,https://www.summitdaily.com/news/fitzwilliams-pleads-for-bipartisan-vision-for-managing-the-nations-public-lands/,,,,"tag:google.com,2013:googlealerts/feed:1580874320908115688",
2026-09-28,(rss),2026-09-28 19:13:29,Marshall County 2026 Election Guide | KAXE,The retired DNR forester gave a walking tour of his forest property as part of a Cass Soil and Water Conservation District forest management event.,kaxe.org,Google Alert - forest management,https://www.kaxe.org/2026-09-28/marshall-county-mn-2026-election-guide,,,,"tag:google.com,2013:googlealerts/feed:3543225331975915616",
2026-09-28,(rss),2026-09-28 18:59:05,"Trip Report: Outdoor Alliance Advocates Bring Public Lands Priorities to Washington, D.C.","Another major priority was the Forest Service's proposed revision of the Travel Management Rule, which helps land managers determine where motorized ...",outdooralliance.org,Google Alert - forest management,https://www.outdooralliance.org/blog/2026/9/28/trip-report-outdoor-alliance-advocates-bring-public-lands-priorities-to-washington-dc,,,,"tag:google.com,2013:googlealerts/feed:11548596252770455140",
2026-09-28,(rss),2026-09-28 17:58:46,Drones and deep learning join forces to read the secret language of forests - EurekAlert!,"... forest management . The detailed, wall-to-wall maps of species-specific structural parameters enable managers to pinpoint areas of high competition ...",eurekalert.org,Google Alert - forest management,https://www.eurekalert.org/news-releases/1145736,,,,"tag:google.com,2013:googlealerts/feed:8568654249724835051",
2026-09-28,(rss),2026-09-28 17:03:55,A growing coalition wants Congress to think about wildfires as a national-security challenge,Guest: Tyson Bertone-Riggs. Title: Managing director for the Alliance for Wildfire Resilience. Summary: Supporters of the Fix Our Forests Act are ...,federalnewsnetwork.com,Google Alert - forest management,https://federalnewsnetwork.com/workforce/2026/09/a-growing-coalition-wants-congress-to-think-about-wildfires-as-a-national-security-challenge/,,,,"tag:google.com,2013:googlealerts/feed:9268871263935896004",
2026-09-28,(rss),2026-09-28 16:55:10,Natural Resources Board approves conservation easement in Langlade County - WAOW,... Stewardship Program and a federal forest legacy grant. Although the ... We want to make sure that traditional forest management practices ...,waow.com,Google Alert - forest management,https://www.waow.com/news/natural-resources-board-approves-conservation-easement-in-langlade-county/article_729fc6e9-ed44-4148-a988-a6abcaf8ae0a.html,,,,"tag:google.com,2013:googlealerts/feed:8664010234574722889",
2026-09-28,(rss),2026-09-28 16:45:23,DNR Moves To Protect 1800 Acres Of Langlade County Forest - Urban Milwaukee,Most of the purchase would be funded with nearly $1.3 million from a federal grant and the Warren Knowles-Gaylord Nelson Stewardship Program. The ...,urbanmilwaukee.com,Google Alert - forest management,https://urbanmilwaukee.com/2026/09/28/dnr-moves-to-protect-1800-acres-of-langlade-county-forest/,,,,"tag:google.com,2013:googlealerts/feed:2947074312788698801",
2026-09-28,(rss),2026-09-28 16:40:59,Delaware forestry leaders renew Chesapeake Bay forest agreement - WDEL,"Delaware Forest Service leaders participated in renewing an agreement focused on conserving, restoring and managing forests throughout the region.",wdel.com,Google Alert - forest management,https://www.wdel.com/news/delaware-forestry-leaders-renew-chesapeake-bay-forest-agreement/article_7c6ab6b7-ed55-5a5d-90c7-75d7ada59946.html,,,,"tag:google.com,2013:googlealerts/feed:13726995132616083591",
2026-09-28,(rss),2026-09-28 16:35:38,ENVIRONMENTAL PROTECTION NOTICE - Energeticcity.ca,... Management Plan under the BC Integrated Pest Management ... SPONSORED: The Agreement Holders of the South Peace Multi-Licensee Forest Stewardship ...,energeticcity.ca,Google Alert - forest management,https://energeticcity.ca/2026/09/28/environmental-protection-notice-9/,,,,"tag:google.com,2013:googlealerts/feed:8421350169320941699",
2026-09-28,(rss),2026-09-28 16:23:34,Senate District 5 2026 Election Guide - KAXE,We need good forest management policy and that includes harvesting in a sustainable way. In our changing world we need minerals to support ...,kaxe.org,Google Alert - forest management,https://www.kaxe.org/2026-09-28/legislature-state-senate-district-5-mn-2026-election-guide,,,,"tag:google.com,2013:googlealerts/feed:13897691055823560214",
2026-09-28,(rss),2026-09-28 16:13:32,Randall Brooks named University of Idaho Extension director in Moscow,Extension forestry team won national award for Idaho Forest Stewardship Program ... He had a bachelor's degree in forest management from Oklahoma State ...,idahobusinessreview.com,Google Alert - forest management,https://idahobusinessreview.com/2026/09/28/randall-brooks-named-university-of-idaho-extension-director/,,,,"tag:google.com,2013:googlealerts/feed:2622618225802411726",
2026-09-28,(rss),2026-09-28 16:01:43,"India showcases Forest and Landscape Restoration Initiatives at COFO 28, in Rome - PIB","... forest management , climate action and resilient forest landscapes at the Twenty-eighth Session of the FAO (Food and Agriculture Organization) ...",pib.gov.in,Google Alert - forest management,https://www.pib.gov.in/PressReleasePage.aspx?PRID=2316216,,,,"tag:google.com,2013:googlealerts/feed:12487340579580185356",
2026-09-28,(rss),2026-09-28 16:52:02,Forest landscapes and birdsong soundscapes have independent physical health benefits,A new study finds that exposure to birdsong soundscapes or forest landscapes reduces physiological stress. These findings of physical health ...,medicalxpress.com,Google Alert - forest health,https://medicalxpress.com/news/2026-09-forest-landscapes-birdsong-soundscapes-independent.html,,,,"tag:google.com,2013:googlealerts/feed:1332379290589992746",
2026-09-28,(rss),2026-09-28 15:51:06,Drones and deep learning join forces to read the secret language of forests | Newswise,... forest health and resilience. The ability to distinguish between species and accurately quantify their biomass allows for precise carbon ...,newswise.com,Google Alert - forest health,https://www.newswise.com/articles/drones-and-deep-learning-join-forces-to-read-the-secret-language-of-forests,,,,"tag:google.com,2013:googlealerts/feed:16325777674923684672",
2026-09-28,(rss),2026-09-28 14:08:09,Major Wildfire and Conservation Funding Measure Makes Nov. Ballot - PR Newswire,"... forest health , expanding access to the outdoors and sustaining Colorado's outdoor economy. The measure is led by Western Resource Advocates, The ...",prnewswire.com,Google Alert - forest health,https://www.prnewswire.com/news-releases/major-wildfire-and-conservation-funding-measure-makes-nov-ballot-302891018.html,,,,"tag:google.com,2013:googlealerts/feed:901959031690536367",
2026-09-28,(rss),2026-09-28 11:31:43,"Police searching for driver who hit pedestrian on N. Sherwood Forest Boulevard, left scene",Got A News Tip? News2 Team · News Video · RSS Feeds · Send2News · Sylvias Health Minute · Weather. Additional Links. Local Weather · Video Forecast ...,wbrz.com,Google Alert - forest health,https://www.wbrz.com/videos/police-searching-for-driver-who-hit-pedestrian-on-n-sherwood-forest-boulevard-left-scene,,,,"tag:google.com,2013:googlealerts/feed:17466871040208085713",
2026-09-28,(rss),2026-09-28 06:41:44,Don Moore: write-in candidate for BOCC - Colorado Springs Gazette,"More than just one issue, Moore views the efforts as all-encompassing: forest health , which leads to reduced homeowners' insurance rates and home ...",gazette.com,Google Alert - forest health,https://gazette.com/pikespeakcourier/2026/09/28/don-moore-write-in-candidate-for-bocc-3/,,,,"tag:google.com,2013:googlealerts/feed:6555383688387228735",
2026-09-28,(rss),2026-09-28 04:07:48,"Over 2,000 acres of Wayne National Forest leased for fracking - The Post","According to the National Institute of Environmental Health Sciences fracking, or hydraulic fracturing, is a method of extracting natural gas and oil ...",thepostathens.com,Google Alert - forest health,https://www.thepostathens.com/article/2026/09/wayne-national-forest-fracking-oil-gas-health,,,,"tag:google.com,2013:googlealerts/feed:5206771631585014748",
2026-09-28,(rss),2026-09-28 03:10:58,Vail Opts for Forest Restoration Over RECs - SAM Magazine,The Hayman project aims to restore forest health and water quality to a key ecosystem approximately 70 miles from Denver. The Hayman fire in 2002 ...,saminfo.com,Google Alert - forest health,https://www.saminfo.com/5528-101-vail-opts-for-forest-restoration-over-recs/,,,,"tag:google.com,2013:googlealerts/feed:10492797092322392507",
2026-09-28,(rss),2026-09-28 00:14:43,LH expands forest therapy for seniors in South Korea rental housing - CHOSUNBIZ,... forest healing program to support emotional stability and promote health for residents age 65 and older living in LH rental housing. The project ...,biz.chosun.com,Google Alert - forest health,https://biz.chosun.com/en/en-realestate/2026/09/28/I72ZPY4MVZCEVMKL7S7OINJTWI/?outputType=amp,,,,"tag:google.com,2013:googlealerts/feed:4487706401950284098",
2026-09-28,(rss),2026-09-28 15:38:58,Four new university campus projects by TenBerke: Your Next Employer? | News | Archinect,"... cross - laminated timber structure. Cast in brick, wood, and terracotta with repeated pitched roofs across the volumes in context with the city's ...",archinect.com,Google Alert - cross laminated timber,https://archinect.com/news/article/150567649/four-new-university-campus-projects-by-tenberke-your-next-employer,,,,"tag:google.com,2013:googlealerts/feed:9181188630688337934",
2026-09-28,(rss),2026-09-28 21:06:01,Moore Sees NC's First Bioeconomy Zone Rating | Business | thepilot.com,"An aerial view of Moore County, shows the area possesses significant woody biomass resources, particularly in the northern part of the county.",thepilot.com,Google Alert - biomass,https://www.thepilot.com/business/moore-sees-nc-s-first-bioeconomy-zone-rating/article_3bcd43ec-e0a6-4b59-92ae-dcfda02e216f.html,,,,"tag:google.com,2013:googlealerts/feed:1571181548604845621",
2026-09-28,(rss),2026-09-28 19:34:11,EIA: 83 GW of renewables and storage coming in 12 months as fossil fuel capacity to fall,"The combined capacity of all renewable energy sources, including hydropower, biomass , and geothermal, expanded by 14.6% (62,092.0 MW). In addition ...",electrek.co,Google Alert - biomass,https://electrek.co/2026/09/28/eia-83-gw-of-renewables-and-storage-coming-in-12-months-as-fossil-fuel-capacity-to-fall/,,,,"tag:google.com,2013:googlealerts/feed:278347627650379994",
2026-09-28,(rss),2026-09-28 16:10:39,Punjab set to double number of paddy straw pellet plants - Bioenergy Insight Magazine,"... biomass processing. According to the Punjab Pollution Control Board (PPCB), 72 new entrepreneurs have registered to set up small-scale pellet ...",bioenergy-news.com,Google Alert - biomass,https://www.bioenergy-news.com/news/punjab-set-to-double-number-of-paddy-straw-pellet-plants/,,,,"tag:google.com,2013:googlealerts/feed:17971625930033051439",
2026-09-28,(rss),2026-09-28 15:26:11,GMG Energy nears completion of innovative £100k sawdust drying project,"GMG Energy has reached a significant milestone in its commitment to achieving net zero by 2035, with a new sawdust drying and biomass briquette ...",scottishconstructionnow.com,Google Alert - biomass,https://www.scottishconstructionnow.com/articles/gmg-energy-nears-completion-of-innovative-ps100k-sawdust-drying-project,,,,"tag:google.com,2013:googlealerts/feed:17985301366465619119",
2026-09-28,(rss),2026-09-28 14:38:14,Catch & Culture Review: Complexity and control – An evaluation of multi-species ...,"Each option was scored on spawning biomass , landings, discards and economic results, for individual species and for the group. Photo of vermillion ...",globalseafood.org,Google Alert - biomass,https://www.globalseafood.org/advocate/catch-culture-review-complexity-and-control-an-evaluation-of-multi-species-management-measures-for-u-s-snapper-and-grouper-fisheries/,,,,"tag:google.com,2013:googlealerts/feed:7754730044216622895",
2026-09-28,(rss),2026-09-28 14:27:14,Haffner Energy Secures €3.2M Order for Quebec Renewable Hub - ChemAnalyst,"... biomass -to-energy technology in Canada. The contract, signed on September 25, 2026, covers six equipment units already manufactured and held in ...",chemanalyst.com,Google Alert - biomass,https://www.chemanalyst.com/NewsAndDeals/NewsDetails/haffner-energy-secures-3-2m-order-for-quebec-renewable-44691,,,,"tag:google.com,2013:googlealerts/feed:15228867709669612292",
2026-09-28,(rss),2026-09-28 14:26:21,Punjab set to double paddy straw pelletisation capacity as 72 new units come up,Bathinda: Punjab is set to see a sharp expansion in biomass pelletisation capacity as 72 new small-scale units are being established to convert ...,bioenergytimes.com,Google Alert - biomass,https://bioenergytimes.com/punjab-set-to-double-paddy-straw-pelletisation-capacity-as-72-new-units-come-up/,,,,"tag:google.com,2013:googlealerts/feed:14563489897885671758",
2026-09-28,(rss),2026-09-28 13:19:13,Use of Irish timber for biomass jumps 94% in a year - Roscommon People,"The amount of Irish roundwood purchased for use as biomass almost doubled last year, according to new figures from the Central Statistics Office.",roscommonpeople.ie,Google Alert - biomass,https://roscommonpeople.ie/use-of-irish-timber-for-biomass-jumps-94-in-a-year/,,,,"tag:google.com,2013:googlealerts/feed:12153184702002249255",
2026-09-28,(rss),2026-09-28 12:48:17,"Cowboy Clean Fuels Completes First CDR Credit Sale via Milkywire, Backed by Salesforce","Biomass carbon removal and storage pathway based on underground resources in Wyoming ... biomass , producing renewable natural gas while ...",kucoin.com,Google Alert - biomass,https://www.kucoin.com/news/flash/cowboy-clean-fuels-completes-first-cdr-credit-sale-via-milkywire-backed-by-salesforce,,,,"tag:google.com,2013:googlealerts/feed:16659762046690457309",
2026-09-28,(rss),2026-09-28 11:42:10,Cowboy Clean Fuels Sells First Durable Carbon Removal Credits in Salesforce-Backed ...,"... biomass carbon removal and storage pathway built on Wyoming's subsurface ... biomass , generating renewable natural gas while carbon dioxide is ...",morningstar.com,Google Alert - biomass,https://www.morningstar.com/news/pr-newswire/20260928la57657/cowboy-clean-fuels-sells-first-durable-carbon-removal-credits-in-salesforce-backed-purchase-through-milkywire,,,,"tag:google.com,2013:googlealerts/feed:17136662919171105659",
2026-09-28,(rss),2026-09-28 11:40:47,Sinter-Resistant N-Doped Biomass -Derived Carbon-Supported Pd Catalyst for ... - ACS Publications,Pd nanoparticles were supported on N-doped biomass -derived carbon (Pd/NBC) and evaluated for consecutive phenol hydrogenation to cyclohexanol. Pd/NBC ...,pubs.acs.org,Google Alert - biomass,https://pubs.acs.org/enfuem/article/doi/10.1021/acs.energyfuels.6c03024/5432072/Sinter-Resistant-N-Doped-Biomass-Derived-Carbon,,,,"tag:google.com,2013:googlealerts/feed:10657453109453083740",
2026-09-28,(rss),2026-09-28 11:23:39,Cowboy Clean Fuels Sells First Durable Carbon Removal Credits in Salesforce ... - StreetInsider,"... biomass , generating renewable natural gas while carbon dioxide is permanently absorbed onto the coal surfaces. Carbon removal is quantified under ...",streetinsider.com,Google Alert - biomass,https://www.streetinsider.com/PRNewswire/Cowboy+Clean+Fuels+Sells+First+Durable+Carbon+Removal+Credits+in+Salesforce-Backed+Purchase+Through+Milkywire/27110000.html,,,,"tag:google.com,2013:googlealerts/feed:13390626468950392706",
2026-09-28,(rss),2026-09-28 10:40:13,Study targets low-cost dye removal using waste - Ecotextile News,... have developed a method to remove synthetic dyes from wastewater using a reusable copper-enhanced adsorbent made from invasive bulrush weed biomass .,ecotextile.com,Google Alert - biomass,https://www.ecotextile.com/2026092865972/news/materials-production-news/study-targets-low-cost-dye-removal-using-waste/,,,,"tag:google.com,2013:googlealerts/feed:17555403724929376364",
2026-09-28,(rss),2026-09-28 10:03:25,Cornell-Led Trial Names Top Cover Crop Varieties From 13 US Sites - Global Agriculture,"... biomass , it produced by spring, when it reached maturity, its height, and how effectively it suppressed weeds compared with bare soil. Spring biomass ...",global-agriculture.com,Google Alert - biomass,https://www.global-agriculture.com/seed-industry/cornell-led-trial-names-top-cover-crop-varieties-from-13-us-sites/,,,,"tag:google.com,2013:googlealerts/feed:4415251003694477863",
2026-09-28,(rss),2026-09-28 09:20:11,Powering opportunity: how energy investment can deliver for communities - Drax Global,"Having begun operating a single coal-fired power station before transitioning to sustainable biomass , Drax's current 4.4GW diversified portfolio ...",drax.com,Google Alert - biomass,https://www.drax.com/opinion/powering-opportunity-how-energy-investment-can-deliver-for-communities/,,,,"tag:google.com,2013:googlealerts/feed:1084366411181031431",
2026-09-28,(rss),2026-09-28 09:11:29,European Algae Biomass Association : Spotlight - EME Outlook Magazine,"The European Algae Biomass Association brings together scientists, industry, and policymakers to unlock the resource's potential as a key pillar ...",emeoutlookmag.com,Google Alert - biomass,https://www.emeoutlookmag.com/industry-spotlight/european-algae-biomass-association-spotlight,,,,"tag:google.com,2013:googlealerts/feed:8365766770749763550",
2026-09-28,(rss),2026-09-28 08:40:56,Biomass -to-SAF pathway offers opportunity to meet Canadian aviation targets - gasworld,"This coincides with a report from the Canadian Council for Sustainable Aviation Fuels (C-SAF), which states that Canada has enough sustainable biomass ...",gasworld.com,Google Alert - biomass,https://www.gasworld.com/story/biomass-to-saf-pathway-offers-opportunity-to-meet-canadian-aviation-targets/2260657.article/,,,,"tag:google.com,2013:googlealerts/feed:1030698657560673738",
2026-09-28,(rss),2026-09-28 06:35:32,India's first LNG-powered train flagged off from Ahmedabad by Amit Shah - BioEnergy Times,"Biomass · Electric Vehicles · Ethanol · Green Hydrogen ... Global lignocellulosic biomass market seen reaching $10.53 billion by 2036, led by China, US.",bioenergytimes.com,Google Alert - biomass,https://bioenergytimes.com/indias-first-lng-powered-train-flagged-off-from-ahmedabad-by-amit-shah/,,,,"tag:google.com,2013:googlealerts/feed:7007533681597757124",
2026-09-28,(rss),2026-09-28 06:13:08,Chile: strong US demand drives record spot prices despite supply slowdown,"Chilean Atlantic salmon biomass fell 8.2% year on year in August, pointing to tighter supply through the second half of 2026 despite higher smolt ...",salmonbusiness.com,Google Alert - biomass,https://www.salmonbusiness.com/chile-strong-us-demand-drives-record-spot-prices-despite-supply-slowdown/,,,,"tag:google.com,2013:googlealerts/feed:13812356823639045692",
2026-09-28,(rss),2026-09-28 21:10:46,New ABC report finds more opportunities to put wastewater plants to work,A new nationwide survey of U.S. wastewater facilities reveals opportunities to expand the production of renewable energy ... biomass energy .View More ...,biomassmagazine.com,Google Alert - biomass energy,https://biomassmagazine.com/articles/new-abc-report-finds-more-opportunities-to-put-wastewater-plants-to-work,,,,"tag:google.com,2013:googlealerts/feed:10115806579125520139",
2026-09-28,(rss),2026-09-28 21:10:18,New report shows ethanol's potential as a marine fuel,Energy density: “Ethanol has approximately 35% higher energy content than methanol… ... biomass energy .View More · North American Biocarbon Conference.,ethanolproducer.com,Google Alert - biomass energy,https://ethanolproducer.com/articles/new-report-shows-ethanols-potential-as-a-marine-fuel,,,,"tag:google.com,2013:googlealerts/feed:405725682067277179",
2026-09-28,(rss),2026-09-28 19:16:21,VCM Project: Chinese pork giant withdraws 2 more VCS projects - Quantum Commodity Intelligence,"In other updates, Verra registered 11 new projects spanning landfill gas, clean cookstoves, biomass energy , improved grazing, solar PV, and a ...",qcintel.com,Google Alert - biomass energy,https://www.qcintel.com/carbon/article/vcm-project-chinese-pork-giant-withdraws-2-more-vcs-projects-73972.html,,,,"tag:google.com,2013:googlealerts/feed:4199399801911686637",
2026-09-28,(rss),2026-09-28 16:16:30,USGBC sponsors speaker at Taiwan region's 10th New Energy International Forum,... energy trade while enhancing the Taiwan region's energy resilience. ... biomass energy .View More · North American Biocarbon Conference. March 2-4 ...,ethanolproducer.com,Google Alert - biomass energy,https://ethanolproducer.com/articles/usgbc-sponsors-speaker-at-taiwan-regions-10th-new-energy-international-forum,,,,"tag:google.com,2013:googlealerts/feed:11572745138190788908",
2026-09-28,(rss),2026-09-28 15:07:27,Mechanical Energy Could Help Turn Biomass Into Fuels and Valuable Chemicals,"Biomass from agricultural residues, forestry waste, and other renewable sources contains abundant carbon that can be converted into fuels and ...",renewableenergymagazine.com,Google Alert - biomass energy,https://www.renewableenergymagazine.com/biomass/mechanical-energy-could-help-turn-biomass-into-20260928,,,,"tag:google.com,2013:googlealerts/feed:11573250669210443931",
2026-09-28,(rss),2026-09-28 14:21:04,XCF Global announces August revenue of more than $10 million from shipment of 1.3 ...,Clean Energy Fuels Corp. announced that it has completed the sale ... biomass energy .View More · North American Biocarbon Conference. March 2-4 ...,biomassmagazine.com,Google Alert - biomass energy,https://biomassmagazine.com/articles/xcf-global-announces-august-revenue-of-more-than-10-million-from-shipment-of-13-million-gallons-of-renewable-fuel,,,,"tag:google.com,2013:googlealerts/feed:17968034740413202323",
2026-09-28,(rss),2026-09-28 13:43:36,"Finland, China And The Next Phase Of The Energy Transition - The Friday Times",This is where the three Finnish technologies become relevant. Valmet's proposal addresses biomass and the production of cellulosic ethanol through ...,thefridaytimes.com,Google Alert - biomass energy,https://www.thefridaytimes.com/28-Sep-2026/finland-china-next-phase-energy-transition,,,,"tag:google.com,2013:googlealerts/feed:2904064856156371466",
2026-09-28,(rss),2026-09-28 13:13:01,Haffner Energy receives a €3.2M firm order from INCAD for Quebec's first Multi ... - Finanznachrichten,Haffner Energy designs and supplies innovative solutions for the production of competitive renewable fuels from biomass . With over 33 years' ...,finanznachrichten.de,Google Alert - biomass energy,https://www.finanznachrichten.de/nachrichten-2026-09/69688834-haffner-energy-receives-a-euro-3-2m-firm-order-from-incad-for-quebec-s-first-multi-energy-hub-in-becancour-399.htm,,,,"tag:google.com,2013:googlealerts/feed:11183795567092084354",
2026-09-28,(rss),2026-09-28 11:09:56,Croatia passes new law on energy georesources - CEEnergynews,"EU invests 125.8 million euros in cross-border biomass and wind projects ... It introduces more flexible models for exploration and exploitation, as ...",ceenergynews.com,Google Alert - biomass energy,https://ceenergynews.com/renewables/croatia-law-energy-georesources/,,,,"tag:google.com,2013:googlealerts/feed:13643552596467402745",
2026-09-28,(rss),2026-09-28 10:04:19,Global Sustainable Chemical Feedstocks Market Report - GlobeNewswire,"... Biomass , CO2, Waste, and Green Hydrogen Reshape ... Energy and sustainability assessment - heat recovery, renewable energy integration, energy ...",globenewswire.com,Google Alert - biomass energy,https://www.globenewswire.com/news-release/2026/09/28/3369656/0/en/global-sustainable-chemical-feedstocks-market-report-2027-2035-biomass-co2-waste-and-green-hydrogen-reshape-supply-chains-and-unlock-growth.html,,,,"tag:google.com,2013:googlealerts/feed:12242836954070415968",
2026-09-28,(rss),2026-09-28 08:03:58,Haffner Energy Signs €3.2M Contract for Quebec Project,"The biomass -based solutions designer has signed a contract with project company INCAD to equip the first Multi- Energy Hub in Bécancour, ...",ideal-investisseur.fr,Google Alert - biomass energy,https://www.ideal-investisseur.fr/en/stock-news/haffner-energy-signs-eur3-2m-contract-for-quebec-project/25884.html,,,,"tag:google.com,2013:googlealerts/feed:1803590681831364662",
2026-09-28,(rss),2026-09-28 21:39:13,Conservatives unveil plan to reduce diesel prices - The Western Producer,"Conservatives' diesel price reduction plan scraps biofuel incentives · The party's plan includes cutting diesel taxes but also the Clean Fuel Standard, ...",producer.com,Google Alert - biofuel,https://www.producer.com/news/conservatives-diesel-price-reduction-plan-scraps-biofuel-incentives/,,,,"tag:google.com,2013:googlealerts/feed:10504838227778157833",
2026-09-28,(rss),2026-09-28 20:20:43,RVO volumes driving biofuels turnaround - Sioux County Radio,RVO volumes driving biofuels turnaround ... The CEO of Clean Fuels Alliance America says a year has made a big difference in the bio-based diesel ...,siouxcountyradio.com,Google Alert - biofuel,https://siouxcountyradio.com/brownfield-ag/rvo-volumes-driving-biofuels-turnaround/,,,,"tag:google.com,2013:googlealerts/feed:9038702963535933404",
2026-09-28,(rss),2026-09-28 20:11:54,RVO volumes driving biofuels turnaround - Brownfield Ag News,Rehagen says record high diesel prices are a reminder that expanding homegrown biofuels benefits the country in several ways. “Why is our fuel highly ...,brownfieldagnews.com,Google Alert - biofuel,https://www.brownfieldagnews.com/news/rvo-volumes-driving-biofuels-turnaround/,,,,"tag:google.com,2013:googlealerts/feed:17637075130891560999",
2026-09-28,(rss),2026-09-28 20:10:56,USDA Release American Biofuels Trade Outlook Building Upon 2025 R,"Department of Agriculture announced the release of the American Biofuels Trade Outlook, building upon 2025's record ethanol export performance, ...",natlawreview.com,Google Alert - biofuel,https://natlawreview.com/article/usda-releases-american-biofuels-trade-outlook-announces-2025-us-ethanol-exports,,,,"tag:google.com,2013:googlealerts/feed:15288884200612971704",
2026-09-28,(rss),2026-09-28 20:08:12,"USDA Releases American Biofuels Trade Outlook, Announces 2025 U.S. Ethanol Exports ...","On September 15, 2026, the U.S. Department of Agriculture (USDA) announced the release of the American Biofuels Trade Outlook, “a plan that builds ...",lawbc.com,Google Alert - biofuel,https://www.lawbc.com/usda-releases-american-biofuels-trade-outlook-announces-2025-u-s-ethanol-exports-reach-second-consecutive-record-high/,,,,"tag:google.com,2013:googlealerts/feed:10248022080560391789",
2026-09-28,(rss),2026-09-28 19:07:45,Ohio Soybean Association pushing for biodiesel tax credit to grow renewable fuel market in the state,"... biofuel policy, Biofuels , brownfield ag news, clean energy, domestic fuel production, energy security, farm economy, Farmer Profitability, News ...",brownfieldagnews.com,Google Alert - biofuel,https://www.brownfieldagnews.com/news/ohio-soybean-association-pushing-for-biodiesel-tax-credit-to-grow-renewable-fuel-market-in-the-state/,,,,"tag:google.com,2013:googlealerts/feed:205450075497840424",
2026-09-28,(rss),2026-09-28 18:54:17,IRS Issues Guidance on Section 45Z Clean Fuels Production Tax Credit to Support ... - JD Supra,IRS Issues Guidance on Section 45Z Clean Fuels Production Tax Credit to Support Domestic Biofuel Production and American Agriculture. Lynn Bergeson ...,jdsupra.com,Google Alert - biofuel,https://www.jdsupra.com/legalnews/irs-issues-guidance-on-section-45z-8905098/,,,,"tag:google.com,2013:googlealerts/feed:16199256293149737381",
2026-09-28,(rss),2026-09-28 17:57:19,BP evaluating sale of its Brazilian biofuels business - Bloomberg — TradingView News,"BP Plc is considering options for its Brazilian biofuels business, including a possible sale. Deliberations on a potential sale are in the early ...",tradingview.com,Google Alert - biofuel,https://www.tradingview.com/news/seekingalpha:917866d06094b:0-bp-evaluating-sale-of-its-brazilian-biofuels-business-bloomberg/,,,,"tag:google.com,2013:googlealerts/feed:12534103119034764322",
2026-09-28,(rss),2026-09-28 17:43:22,"BP weighs sale of Brazilian biofuels business, Bloomberg News reports | Reuters","BP is ​weighing options ‌for its Brazilian ​ biofuels ​business, including a ⁠potential ​sale, ​Bloomberg News reported on ​Monday, ​citing people ...",reuters.com,Google Alert - biofuel,https://www.reuters.com/business/energy/bp-weighs-sale-brazilian-biofuels-business-bloomberg-news-reports-2026-09-28/,,,,"tag:google.com,2013:googlealerts/feed:60101063745294650",
2026-09-28,(rss),2026-09-28 17:31:58,BP Is Said To Weigh Sale Of Its Brazilian Biofuels Business- Bloomberg News - TradingView,"BP Is Said To Weigh Sale Of Its Brazilian Biofuels Business- Bloomberg News. Sep 28, 2026, 10:21 GMT-7. Read the full article. Get unlimited access ...",tradingview.com,Google Alert - biofuel,"https://www.tradingview.com/news/reuters.com,2026:newsml_FWN45K0G5:0-bp-is-said-to-weigh-sale-of-its-brazilian-biofuels-business-bloomberg-news/",,,,"tag:google.com,2013:googlealerts/feed:13500911403642680442",
2026-09-28,(rss),2026-09-28 17:28:04,BP Said to Consider Selling Brazilian Biofuels Business | MarketScreener,"BP is weighing its options for its Brazilian biofuels business, including potentially selling the unit, Bloomberg reported Monday, citing people ...",marketscreener.com,Google Alert - biofuel,https://www.marketscreener.com/news/bp-said-to-consider-selling-brazilian-biofuels-business-ce785adcd18ff422,,,,"tag:google.com,2013:googlealerts/feed:10553340777550146959",
2026-09-28,(rss),2026-09-28 17:25:44,BP Is Said to Weigh Sale of Its Brazilian Biofuels Business - Bloomberg,BP Plc is considering options for its Brazilian biofuels business including a sale as Chief Executive Officer Meg O'Neill accelerates efforts to ...,bloomberg.com,Google Alert - biofuel,https://www.bloomberg.com/news/articles/2026-09-28/bp-is-said-to-weigh-sale-of-its-brazilian-biofuels-business,,,,"tag:google.com,2013:googlealerts/feed:15471461790546127822",
2026-09-28,(rss),2026-09-28 16:04:40,Why Deutsche Bahn relies on biofuel,Biofuel in freight transport. One example of Deutsche Bahn AG's use of alternative fuels is the biofuel HVO (hydrotreated vegetable oil). According ...,deutschebahn.com,Google Alert - biofuel,https://www.deutschebahn.com/en/sustainability/measures/biofuel,,,,"tag:google.com,2013:googlealerts/feed:6293904413444392006",
2026-09-28,(rss),2026-09-28 14:38:09,Suedzucker lifts full-year guidance on higher biofuels demand - Hydrocarbon Processing,"... biofuels , as disruptions to oil and natural gas supplies supported alternative fuels. German biofuels producer Verbio also reported in September ...",hydrocarbonprocessing.com,Google Alert - biofuel,https://www.hydrocarbonprocessing.com/news/2026/09/suedzucker-lifts-full-year-guidance-on-higher-biofuels-demand/,,,,"tag:google.com,2013:googlealerts/feed:1357489753201065534",
2026-09-28,(rss),2026-09-28 14:31:01,USDA Releases Plan to Expand US Biofuel Sales Overseas | The Well News,"WASHINGTON — The Agriculture Department is seeking to expand sales of American ethanol and other biofuels overseas, targeting foreign regulations ...",thewellnews.com,Google Alert - biofuel,https://www.thewellnews.com/renewable-energy/usda-releases-plan-to-expand-us-biofuel-sales-overseas/,,,,"tag:google.com,2013:googlealerts/feed:12506482000923799191",
2026-09-28,(rss),2026-09-28 14:25:15,New Report Shows Ethanol's Potential as a Marine Fuel - Growth Energy,"A new report by the National Lab of the Rockies (NLR) illustrates ethanol's value. WASHINGTON, D.C.—Growth Energy, the nation's largest biofuel trade ...",growthenergy.org,Google Alert - biofuel,https://growthenergy.org/2026/09/28/marine-fuel-nlr-report/,,,,"tag:google.com,2013:googlealerts/feed:17319153923791143257",
2026-09-28,(rss),2026-09-28 14:06:16,Trump still thinking 'seriously' about export ban | Latest Market News - Argus Media,"... biofuels regulation, arguing that the biofuel was only partially addressed in the initial proposal released for public comment. The proposed ...",argusmedia.com,Google Alert - biofuel,https://www.argusmedia.com/news-and-insights/latest-market-news/2883842-trump-still-thinking-seriously-about-export-ban,,,,"tag:google.com,2013:googlealerts/feed:4233625571518784274",
2026-09-28,(rss),2026-09-28 13:12:01,Moeve Will Supply 100% Renewable Diesel to the Emerita Resources Mining Company,"The company is positioned through this alliance as a preferred supplier of this 2G biofuel , which can reduce CO2 emissions by up to 90%.",ground.news,Google Alert - biofuel,https://ground.news/article/moeve-and-emerita-resources-sign-the-first-agreement-in-spain-to-supply-renewable-diesel-to-the-mining-sector,,,,"tag:google.com,2013:googlealerts/feed:17726152402391245863",
2026-09-28,(rss),2026-09-28 13:26:18,Muara Enim Projected to Become Bioethanol Industry Hub - RRI.co.id,The Muara Enim Regency Administration in South Sumatra is preparing to convert unproductive critical lands in its territory into bioenergy crop ...,rri.co.id,Google Alert - bioenergy,https://rri.co.id/en/archipelago/2767817/muara-enim-projected-to-become-bioethanol-industry-hub,,,,"tag:google.com,2013:googlealerts/feed:15522056842872539524",
2026-09-28,(rss),2026-09-28 12:19:17,IC-VCM approves Verra CCS method for Core Carbon Principles,"... bioenergy with carbon capture and storage (VMD0059). ""The methodology and its modules allow project developers to combine different approaches to ...",qcintel.com,Google Alert - bioenergy,https://www.qcintel.com/carbon/article/ic-vcm-approves-verra-ccs-method-for-core-carbon-principles-73962.html,,,,"tag:google.com,2013:googlealerts/feed:14798058338178224024",
2026-09-28,(rss),2026-09-28 03:18:16,Renewable Energy India Expo 2026 to unlock Rs 2800 crore investment in bioenergy sector: IBA,"... 2800 crore in fresh investment for India's bioenergy sector. This year, the spotlight is firmly on biogas as a game-changer for India's green.",dailypioneer.com,Google Alert - bioenergy,https://dailypioneer.com/news/slug-lite/renewable-energy-india-expo-2026-to-unlock-rs-2800-crore-investment-in-bioenergy-sector-iba?year=2026,,,,"tag:google.com,2013:googlealerts/feed:13184349951254896780",
2026-09-28,(rss),2026-09-28 00:29:07,Rejected Seymour pool proposal highlights country-wide bioenergy hesitancy | Riverine Herald,I think the main reason councils haven't embraced bioenergy is simply fear of the unknown.”,riverineherald.com.au,Google Alert - bioenergy,https://www.riverineherald.com.au/news/fear-of-the-unknown-bioenergy-bid-rejected-by-council/,,,,"tag:google.com,2013:googlealerts/feed:12689330013852317210",
2026-09-28,(rss),2026-09-28 19:16:23,Isometric certifies module for biochar subsurface mine storage,Quantum Commodity Intelligence - UK-based standard Isometric has certified a new module outlining requirements for projects that store biochar in ...,qcintel.com,Google Alert - biochar,https://www.qcintel.com/carbon/article/isometric-certifies-module-for-biochar-subsurface-mine-storage-74017.html,,,,"tag:google.com,2013:googlealerts/feed:5419288833654454928",
2026-09-28,(rss),2026-09-28 19:16:22,Japanese developer targets Thai ERW project start in 2027,"A Japanese energy major has agreed a funding deal with enhanced rock weathering specialist... Green Carbon, Thai rubber body complete biochar demo.",qcintel.com,Google Alert - biochar,https://www.qcintel.com/carbon/article/japanese-developer-targets-thai-erw-project-start-in-2027-73973.html,,,,"tag:google.com,2013:googlealerts/feed:13821755013977831146",
2026-09-28,(rss),2026-09-28 17:27:02,Aston University–Jesmonite cement alternatives: material insights for façade engineers,... biochar as potential cement alternatives for façades and surface applications. Researchers from Aston's Energy and Bioproducts Research Institute ...,geomechanics.io,Google Alert - biochar,https://www.geomechanics.io/news/article/aston-universityjesmonite-cement-alternatives-material-insights-for-facade-engineers,,,,"tag:google.com,2013:googlealerts/feed:13935416348277665550",
2026-09-28,(rss),2026-09-28 17:16:26,Biochar Industrial Group To Scale Biochar -As-A-Service With New $1.5 Million Funding,"Biochar Industrial Group (BIG), a company developing industrial-scale carbon removal solutions in Sub-Saharan Africa, announced that it has ...",nextbillion.net,Google Alert - biochar,https://nextbillion.net/news/biochar-industrial-group-to-scale-biochar-as-a-service-with-new-1-5-million-funding/,,,,"tag:google.com,2013:googlealerts/feed:14663521292794346273",
2026-09-28,(rss),2026-09-28 16:39:27,Isometric certifies carbon removal methodology for storing biochar in underground mines,Carbon crediting platform Isometric has certified a new module allowing biochar stored in underground mines to generate carbon removal credits ...,carbon-pulse.com,Google Alert - biochar,https://carbon-pulse.com/555147/,,,,"tag:google.com,2013:googlealerts/feed:4302163994175400940",
2026-09-28,(rss),2026-09-28 15:51:28,"Climeworks wins £784,000 UK govt. carbon credit tender - Quantum Commodity Intelligence","... biochar , afforestation and blue carbon. On its website, Climeworks offers 'standardised Carbon Removal Portfolios', with the 'Nature Focus ...",qcintel.com,Google Alert - biochar,https://www.qcintel.com/carbon/article/climeworks-wins-784-000-uk-govt-carbon-credit-tender-73983.html,,,,"tag:google.com,2013:googlealerts/feed:1856110422509000925",
2026-09-28,(rss),2026-09-28 07:06:11,"Aston University, Jesmonite to research cement alternatives - Construction Index",The project will involve biochar and sustainable materials researchers from across the Energy and Bioproducts Research Institute (EBRI) and the ...,theconstructionindex.co.uk,Google Alert - biochar,https://www.theconstructionindex.co.uk/news/view/aston-university-jesmonite-to-research-cement-alternatives,,,,"tag:google.com,2013:googlealerts/feed:14744388162670985058",
2026-09-28,(rss),2026-09-28 06:07:09,Haffner Energy receives a €3.2M firm order from INCAD for - GlobeNewswire,"Biochar contributes to soil regeneration and enables the long-term ... INCAD will thus demonstrate, on an industrial scale, Haffner Energy technology's ...",globenewswire.com,Google Alert - biochar,https://www.globenewswire.com/news-release/2026/09/28/3369511/0/en/haffner-energy-receives-a-3-2m-firm-order-from-incad-for-quebec-s-first-multi-energy-hub-in-b%C3%A9cancour.html,,,,"tag:google.com,2013:googlealerts/feed:12067449407409016081",
2026-09-28,(rss),2026-09-28 03:39:28,"Brazilian biochar developer faces scrutiny over environmental, social impacts",A new report has raised concerns over a Brazilian biochar project and the eucalyptus plantations underpinning its carbon removal (CDR) activities.,carbon-pulse.com,Google Alert - biochar,https://carbon-pulse.com/553825/,,,,"tag:google.com,2013:googlealerts/feed:11147536019847502566",
2026-09-29,(rss),2026-09-28 23:19:06,Community knowledge helps guide future land stewardship in the Cariboo Chilcotin,"Central Chilcotin Rehabilitation Ltd. (CCR) is continuing its work to ensure community knowledge helps guide future land stewardship and post-wildfire rehabilitation planning. This past spring, CCR held community engagement sessions as part of a contract with the Province of British Columbia…",canadianbiomassmagazine.ca,Canadian Biomass Magazine,https://www.canadianbiomassmagazine.ca/community-knowledge-helps-guide-future-land-stewardship-in-the-cariboo-chilcotin/,"News, CCR, Central Chilcotin Rehabilitation, hum_taxonomy, hum_taxonomy->agricultural_and_food_systems, hum_taxonomy->agricultural_and_food_systems->ecosystem_restoration, hum_taxonomy->agricultural_and_food_systems->ecosystem_restoration->forest_restoration, hum_taxonomy->agricultural_and_food_systems->ecosystem_restoration->grassland_restoration, hum_taxonomy->agricultural_and_food_systems->forestry, hum_taxonomy->agricultural_and_food_systems->forestry->forest_conservation, hum_taxonomy->agricultural_and_food_systems->forestry->forest_management, hum_taxonomy->agricultural_and_food_systems->forestry->reforestation, hum_taxonomy->agricultural_and_food_systems->sustainable_practices, hum_taxonomy->agricultural_and_food_systems->sustainable_practices->land_use, hum_taxonomy->environmental_technology, hum_taxonomy->environmental_technology->ecological_restoration, hum_taxonomy->environmental_technology->ecological_restoration->peatland_restoration, hum_taxonomy->environmental_technology->resource_management, hum_taxonomy->environmental_technology->resource_management->forestry_management, hum_taxonomy->public_safety_and_security, hum_taxonomy->public_safety_and_security->fire_safety, hum_taxonomy->public_safety_and_security->fire_safety->wildfire_management, hum_taxonomy->resources_and_heavy_equipment, hum_taxonomy->resources_and_heavy_equipment->mining_and_extraction, hum_taxonomy->resources_and_heavy_equipment->mining_and_extraction->mine_rehabilitation, land stewardship, post-wildfire rehabilitation",,,https://www.canadianbiomassmagazine.ca/?p=47854,
2026-09-29,(rss),2026-09-28 23:12:59,BCCFA Indicators Report 2026 released,"2026 Indicators Report highlights $129 million in economic activity, local jobs, wildfire resilience, First Nations collaboration, and investment in B.C. communities",canadianbiomassmagazine.ca,Canadian Biomass Magazine,https://www.canadianbiomassmagazine.ca/bccfa-indicators-report-2026-released/,"News, BC Community Forest Association, bccfa, hum_taxonomy->agricultural_and_food_systems, hum_taxonomy->agricultural_and_food_systems->forestry, hum_taxonomy->agricultural_and_food_systems->forestry->forest_management, hum_taxonomy->agricultural_and_food_systems->forestry->forest_policy_and_economics, hum_taxonomy->agricultural_and_food_systems->forestry->forest_products, hum_taxonomy->agricultural_and_food_systems->forestry->reforestation, hum_taxonomy->agricultural_and_food_systems->forestry->sustainable_forestry, hum_taxonomy->environmental_technology, hum_taxonomy->environmental_technology->resource_management, hum_taxonomy->environmental_technology->resource_management->forestry_management, hum_taxonomy->industrial_manufacturing, hum_taxonomy->industrial_manufacturing->wood_paper_products, hum_taxonomy->industrial_manufacturing->wood_paper_products->timber_industry, hum_taxonomy->public_safety_and_security, hum_taxonomy->public_safety_and_security->fire_safety, hum_taxonomy->public_safety_and_security->fire_safety->wildfire_management, hum_taxonomy->resources_and_heavy_equipment, hum_taxonomy->resources_and_heavy_equipment->remote_environments, hum_taxonomy->resources_and_heavy_equipment->remote_environments->jungle_and_forest_operations",,,https://www.canadianbiomassmagazine.ca/?p=47851,
2026-09-29,(rss),2026-09-28 22:41:33,COFI announces the 2026 Forestry Scholarship recipients,"The BC Council of Forest Industries (COFI) is pleased to announce the recipients of its 2026 Forestry Scholarships, recognizing students pursuing careers across British Columbia’s forest sector. Since 2007, COFI’s annual scholarship program has supported students entering professional, technical…",canadianbiomassmagazine.ca,Canadian Biomass Magazine,https://www.canadianbiomassmagazine.ca/cofi-announces-the-2026-forestry-scholarship-recipients/,"News, BC Council of Forest Industries, COFI, hum_taxonomy, hum_taxonomy->agricultural_and_food_systems, hum_taxonomy->agricultural_and_food_systems->ecosystem_restoration, hum_taxonomy->agricultural_and_food_systems->ecosystem_restoration->forest_restoration, hum_taxonomy->agricultural_and_food_systems->forestry, hum_taxonomy->agricultural_and_food_systems->forestry->forest_management, hum_taxonomy->agricultural_and_food_systems->forestry->forest_products, hum_taxonomy->agricultural_and_food_systems->forestry->silviculture, hum_taxonomy->agricultural_and_food_systems->forestry->sustainable_forestry, hum_taxonomy->industrial_manufacturing, hum_taxonomy->industrial_manufacturing->wood_paper_products, hum_taxonomy->industrial_manufacturing->wood_paper_products->softwood_products, hum_taxonomy->industrial_manufacturing->wood_paper_products->timber_industry, hum_taxonomy->resources_and_heavy_equipment, hum_taxonomy->resources_and_heavy_equipment->agricultural_and_forestry_equipment, hum_taxonomy->resources_and_heavy_equipment->agricultural_and_forestry_equipment->forestry_machinery, hum_taxonomy->resources_and_heavy_equipment->agricultural_and_forestry_equipment->sawmill_operations",,,https://www.canadianbiomassmagazine.ca/?p=47848,
2026-09-29,(rss),2026-09-29 14:23:04,China's SAF Exports Reach Record High as Europe's Demand Accelerates,"China's sustainable aviation fuel (SAF) exports reached an all-time high in August, reinforcing the upward trend in shipments seen throughout 2026 and offering an encouraging signal for the market's continued development.",resourcewise.com,ResourceWise Blog,https://www.resourcewise.com/blog/chinas-saf-exports-reach-record-high-as-europes-demand-accelerates,"Biofuels and Feedstocks, Sustainable Aviation Fuel, Market News",,,https://www.resourcewise.com/blog/chinas-saf-exports-reach-record-high-as-europes-demand-accelerates,
2026-09-29,(rss),2026-09-29 11:55:48,Donaldson Timber Systems to supply timber frames for HebHomes projects,Donaldson Timber Systems has partnered with HebHomes to supply timber-frame structures for the architect-designed homes it delivers. The post Donaldson Timber Systems to supply timber frames for HebHomes projects appeared first on Timber Trades Journal .,ttjonline.com,Timber Trades Journal,https://www.ttjonline.com/news/donaldson-timber-systems-supply-hebhomes/,News,,,https://www.ttjonline.com/news/donaldson-timber-systems-supply-hebhomes/,
2026-09-29,(rss),2026-09-29 17:15:47,"Cal Fire Awards $10M For Forest, Biomass Projects","The California Department of Forestry and Fire Protection (Cal Fire) awarded $10 million in grant funding to 17 projects aimed at strengthening the state's forest-sector workforce, reducing wildfire risk, restoring forests and increasing the beneficial… The post Cal Fire Awards $10M For Forest,…",woodbioenergymagazine.com,Wood Bioenergy Magazine,https://woodbioenergymagazine.com/cal-fire-awards-10m-for-forest-biomass-projects/,News,,,https://woodbioenergymagazine.com/?p=8244,
2026-09-29,(rss),2026-09-29 18:44:45,New Canadian standard sets design framework for modular buildings,CSA Z251 is intended to complement the National Building Code of Canada by addressing design considerations specific to volumetric modular ...,ontarioconstructionnews.com,Google Alert - volumetric modular construction,https://ontarioconstructionnews.com/new-canadian-standard-sets-design-framework-for-modular-buildings,,,,"tag:google.com,2013:googlealerts/feed:85364986768842960",
2026-09-29,(rss),2026-09-29 08:58:13,"Turkey Prefabricated Construction Market Size, Trends and - GlobeNewswire","Prefabrication method: Panelized construction , modular ( Volumetric ) construction , component prefabricated construction and hybrid construction .",globenewswire.com,Google Alert - volumetric modular construction,https://www.globenewswire.com/news-release/2026/09/29/3370498/0/en/turkey-prefabricated-construction-market-size-trends-and-forecast-2021-2030-q2-2026-update-light-steel-rules-reconstruction-and-data-centers-drive-growth.html,,,,"tag:google.com,2013:googlealerts/feed:14501063197813463852",
2026-09-29,(rss),2026-09-29 20:27:15,Forest Service to begin prescribed burning in Baldwin Meadow | TahoeDailyTribune.com,"SOUTH LAKE TAHOE, Calif. –The U.S. Forest Service is scheduled to begin our fall prescribed fire program on the Lake Tahoe Basin Management Unit.",tahoedailytribune.com,Google Alert - U.S. Forest Service,https://www.tahoedailytribune.com/news/forest-service-to-begin-prescribed-burning-in-baldwin-meadow/,,,,"tag:google.com,2013:googlealerts/feed:12024979425814861455",
2026-09-29,(rss),2026-09-29 18:41:12,Trump Administration Sued to Stop Mine Expansion in Arizona's Patagonia Mountains,... U.S. Forest Service and U.S. Fish and Wildlife Service that would expand ... The lawsuit also says the Forest Service violated the National ...,biologicaldiversity.org,Google Alert - U.S. Forest Service,https://biologicaldiversity.org/w/news/press-releases/trump-administration-sued-to-stop-mine-expansion-in-arizonas-patagonia-mountains-2026-09-29/,,,,"tag:google.com,2013:googlealerts/feed:3242521865979753024",
2026-09-29,(rss),2026-09-29 18:22:46,Arizona judge says Forest Service ignored yellow-billed cuckoo habitat in mine expansion,A federal judge has ruled that the U.S. Forest Service violated the Endangered Species Act when it approved an Arizona copper mine expansion ...,yahoo.com,Google Alert - U.S. Forest Service,https://www.yahoo.com/news/science/articles/arizona-judge-says-forest-ignored-174800898.html,,,,"tag:google.com,2013:googlealerts/feed:2451120845238081110",
2026-09-29,(rss),2026-09-29 17:50:25,Lincoln National Forest | Environmental Assessment finalized for disaster recovery,"The project covers approximately 18,140 acres of Forest Service –managed lands located west of Ruidoso in Lincoln County, N. M.. The final EA includes ...",fs.usda.gov,Google Alert - U.S. Forest Service,https://www.fs.usda.gov/r03/lincoln/newsroom/releases/environmental-assessment-finalized-disaster-recovery,,,,"tag:google.com,2013:googlealerts/feed:16467252040401248327",
2026-09-29,(rss),2026-09-29 17:47:58,Appeals Court Declines to Reconsider Oak Flat Land Transfer,The underlying lawsuit says the U.S. Forest Service's environmental impact statement for the Oak Flat land exchange violated federal law by ...,biologicaldiversity.org,Google Alert - U.S. Forest Service,https://biologicaldiversity.org/w/news/press-releases/appeals-court-declines-to-reconsider-oak-flat-land-transfer-2026-09-29/,,,,"tag:google.com,2013:googlealerts/feed:12400617569087685351",
2026-09-29,(rss),2026-09-29 17:25:55,"Forest Service fall prescribed burns could bring smoke to Wenatchee Valley, Leavenworth, Manson",... National Forest begins its fall burning season. The Forest Service said crews could begin burning in late September and continue into winter where ...,lakechelanmirror.com,Google Alert - U.S. Forest Service,"http://www.lakechelanmirror.com/stories/forest-service-fall-prescribed-burns-could-bring-smoke-to-wenatchee-valley-leavenworth-manson,190706",,,,"tag:google.com,2013:googlealerts/feed:13597279191569587743",
2026-09-29,(rss),2026-09-29 16:02:04,DNR seeks $50M conservation easement in U.P. How you can tour property,"A $37.5 million grant has been secured through the USDA Forest Service's Forest Legacy Program. ... U.S. 41, intersection of U.S. 41/M-69 at Bark River.",sooeveningnews.com,Google Alert - U.S. Forest Service,https://www.sooeveningnews.com/story/news/local/michigan/2026/09/29/lyme-timber-dnr-conservation-easement-public-tours/92000771007/,,,,"tag:google.com,2013:googlealerts/feed:4366044515498560379",
2026-09-29,(rss),2026-09-29 15:59:08,A California frog is on the brink of extinction. Long Beach's aquarium has a plan to save it,"Since then, the team has expanded to include the U.S. Fish and Wildlife Service, the U.S. Forest Service and the California Department of Fish ...",akronlegalnews.com,Google Alert - U.S. Forest Service,https://www.akronlegalnews.com/editorial/39089,,,,"tag:google.com,2013:googlealerts/feed:11475547622609844696",
2026-09-29,(rss),2026-09-29 14:47:54,They Fought Wildfires While Serving Time. A New Law Gives Them a Shot at Cal Fire Jobs,"... National Forest and Yosemite National Park. Like many Cal Fire ... After working for the U.S. Forest Service and Cal Fire, he founded the ...",lostcoastoutpost.com,Google Alert - U.S. Forest Service,https://lostcoastoutpost.com/2026/sep/29/they-fought-wildfires-while-serving-time-a-new-law/,,,,"tag:google.com,2013:googlealerts/feed:5153366065084495943",
2026-09-29,(rss),2026-09-29 14:32:08,Ranch owner seeks legislation for federal public land swap in Colorado - The Denver Post,... U.S. Forest Service land that abuts the BLM parcel near Out of Bounds Ranch. It would also remove public land from the hunting area around ...,denverpost.com,Google Alert - U.S. Forest Service,https://www.denverpost.com/2026/09/29/colorado-rancher-public-land-exchange-congress/,,,,"tag:google.com,2013:googlealerts/feed:4148974353670596142",
2026-09-29,(rss),2026-09-29 14:31:20,The country that raised us - USDA Forest Service,"With livestock grazing on over 74 of the 193 million acres of National Forest System lands, across 28 states. Grazing permits allowed ranching to ...",fs.usda.gov,Google Alert - U.S. Forest Service,https://www.fs.usda.gov/about-agency/features/country-raised-us,,,,"tag:google.com,2013:googlealerts/feed:12320424622468174932",
2026-09-29,(rss),2026-09-29 13:52:27,Forest Service Seeks Members for Advisory Committee | Heart of the Rockies Radio,"Forest Service Seeks Members for Advisory Committee. The Forest Service's Rocky Mountain Region, which includes national forests in Colorado and ...",heartoftherockiesradio.com,Google Alert - U.S. Forest Service,https://heartoftherockiesradio.com/forest-service-seeks-members-for-advisory-committee/,,,,"tag:google.com,2013:googlealerts/feed:15451487428970012129",
2026-09-29,(rss),2026-09-29 11:39:49,August Complex post-fire recovery operations [Image 5 of 6] - DVIDS,"U.S. Forest Service · ✓ ✗ Subscribe. 23. A feller-buncher operates along Forest Road 22N11 on the Mendocino National Forest in California, Sept. 24 ...",dvidshub.net,Google Alert - U.S. Forest Service,https://www.dvidshub.net/image/9967069/august-complex-post-fire-recovery-operations,,,,"tag:google.com,2013:googlealerts/feed:13184183866960358414",
2026-09-29,(rss),2026-09-29 11:31:42,VIDEO: Elk encounter caught on camera; GSMNP warns visitors to take precautions - WLOS,U.S. FOREST SERVICE BOOSTS DRONE AWARENESS AMID HEIGHTENED WILDFIRE RISK. The Forest Service said in the release that wildfire activity typically ...,wlos.com,Google Alert - U.S. Forest Service,https://wlos.com/news/local/great-smoky-mountains-elk-rut-video-man-chased-safety-mating-season-warning-visitors-wildlife,,,,"tag:google.com,2013:googlealerts/feed:11166219982697061798",
2026-09-29,(rss),2026-09-29 11:28:26,"N.C. Forest Service warns wildfire risks persist, despite cooler fall temperatures - WLOS","A good rule of thumb - if it's too hot to touch, it's too hot to leave. Remember, it is illegal to burn anything other than natural vegetation. U.S. ...",wlos.com,Google Alert - U.S. Forest Service,https://wlos.com/news/local/nc-forest-service-warns-wildfire-risks-persist-despite-cooler-fall-temperatures-north-carolina-bonfires-never-use-kerosene-gasoline-diesel-fuel-prevent-fires-burn-permit-winter-season-helene-debris,,,,"tag:google.com,2013:googlealerts/feed:18408124620652494591",
2026-09-29,(rss),2026-09-29 12:08:33,"Upthegrove shrinks forest pledge, asks Legislature for help - Seattle Red","The remaining 55,000 acres are exempt from harvest only through 2030. Without new tools from lawmakers, they could still end up in timber sales after ...",seattlered.com,Google Alert - timber sale,https://seattlered.com/legislature/upthegrove-legacy-forests-55000-acres-legislature/4120436,,,,"tag:google.com,2013:googlealerts/feed:870476254603574125",
2026-09-29,(rss),2026-09-29 08:26:45,"2 Jalinda Court, Currumbin Valley, Qld 4223 - House for Sale - realestate.com.au","Bluegum timber kitchen. Open plan with raked ceilings, Bosch gas cooktop and dual pantries. Massive 14m x 7.7m shed. Features 3m high ceilings, power ...",realestate.com.au,Google Alert - timber sale,https://www.realestate.com.au/property-house-qld-currumbin+valley-152472220,,,,"tag:google.com,2013:googlealerts/feed:16171160369516628601",
2026-09-29,(rss),2026-09-29 07:49:04,"30 River Cove Place, Helensvale, Qld 4212 - House for Sale - realestate.com.au","Located at the end of a cul-de-sac, the home introduces herringbone timber floors, decorative wall panelling and classic detailing. Generous ...",realestate.com.au,Google Alert - timber sale,https://www.realestate.com.au/property-house-qld-helensvale-152474336,,,,"tag:google.com,2013:googlealerts/feed:2827754392136402565",
2026-09-29,(rss),2026-09-29 05:14:36,"60 Mallett Street, Camperdown, NSW 2050 - House for Sale - realestate.com.au","... timber floors, fresh paint, RC/AC • Ground floor front bedroom, central lounge • Sleek stone kitchen with island breakfast bar • Smeg double oven ...",realestate.com.au,Google Alert - timber sale,https://www.realestate.com.au/property-house-nsw-camperdown-152470608,,,,"tag:google.com,2013:googlealerts/feed:17939194007934624375",
2026-09-29,(rss),2026-09-29 05:05:08,"6A Arondel Circuit, Upper Coomera, Qld 4209 - House for Sale - realestate.com.au",Verify highlights against the property description and in person. Timber outdoor entertaining. Generous timber deck for barbecues and relaxed alfresco ...,realestate.com.au,Google Alert - timber sale,https://www.realestate.com.au/property-house-qld-upper+coomera-152453984,,,,"tag:google.com,2013:googlealerts/feed:7550161070398524756",
2026-09-29,(rss),2026-09-29 05:01:02,"Gorgeous Troon villa on sale for £275,000 | Carrick Herald - PressReader","The listing describes the home as a character villa in a coastal residential area, with a secluded garden, private driveway and detached timber garage ...",pressreader.com,Google Alert - timber sale,https://www.pressreader.com/uk/carrick-herald-saxd/20260929/281904485105219,,,,"tag:google.com,2013:googlealerts/feed:16974490975304924081",
2026-09-29,(rss),2026-09-29 03:06:07,Germany: MOMA GmbH files to acquire Holz Centrum Regensburg | Fordaq News,"A change of control therefore touches both raw-material procurement and downstream sales . For forest owners, roundwood suppliers, sawmills and timber ...",fordaq.com,Google Alert - timber sale,https://www.fordaq.com/news/Germany_MOMA_GmbH_files_to_127046.html,,,,"tag:google.com,2013:googlealerts/feed:9527096422767855032",
2026-09-29,(rss),2026-09-29 02:42:21,"134 Railway Terrace, Largs North, SA 5016 - House for Sale - realestate.com.au","Timber floors, decorative ceiling details and considered contemporary updates give this three-bedroom home a warm, enduring character, while its ...",realestate.com.au,Google Alert - timber sale,https://www.realestate.com.au/property-house-sa-largs+north-152467172,,,,"tag:google.com,2013:googlealerts/feed:4009120551970030951",
2026-09-29,(rss),2026-09-29 12:03:45,From Producer Groups To People-Centred Development: TRESP Sets The Next Course For ...,PRAMAAN A Vital Instrument To Meet Emerging Global Requirements For Responsible Deforestation-Free Timber Sourcing And Livelihood Generation: Shri ...,tripurastarnews.com,Google Alert - timber procurement,https://www.tripurastarnews.com/from-producer-groups-to-people-centred-development-tresp-sets-the-next-course-for-inclusive-tribal-growth/,,,,"tag:google.com,2013:googlealerts/feed:13501672229170290774",
2026-09-29,(rss),2026-09-29 16:05:56,Italian lumber prices fall 0.8% in August as industrial prices rise - Lesprom,"Italian lumber producer prices fell 0.8% from July, after edging down 0.1% the prior month. Compared...",lesprom.com,Google Alert - timber prices,https://www.lesprom.com/en/news/Italian_lumber_prices_fall_0_8_in_August_as_industrial_prices_rise_124538/,,,,"tag:google.com,2013:googlealerts/feed:11089552550188254822",
2026-09-29,(rss),2026-09-29 12:53:52,Texas declares emergency for high fuel prices : Dyed-diesel restrictions suspended and ... - CDLLife,"The emergency declaration also suspends state oversize and overweight permitting requirements for vehicles loaded with fuel, agricultural, or timber ...",cdllife.com,Google Alert - timber prices,https://cdllife.com/2026/texas-declares-emergency-for-high-fuel-prices-dyed-diesel-restrictions-suspended-and-truck-weight-limits-increased/,,,,"tag:google.com,2013:googlealerts/feed:9689620689985986426",
2026-09-29,(rss),2026-09-29 12:32:51,Texas eases fuel restrictions as diesel prices climb - YouTube,"Gov. Abbott declared a disaster, easing fuel transport rules and expanding dyed diesel use to help boost supply and lower costs .",youtube.com,Google Alert - timber prices,https://www.youtube.com/watch?v=jVlZoRogIl4,,,,"tag:google.com,2013:googlealerts/feed:6905992995228030276",
2026-09-29,(rss),2026-09-29 11:38:44,Texas governor declares a statewide disaster over soaring diesel prices - Baltimore Sun,"... the expanded use of dyed diesel on Texas roads and raises the allowable weight for fuel, agricultural, and timber loads.",baltimoresun.com,Google Alert - timber prices,https://www.baltimoresun.com/2026/09/29/texas-governor-declares-a-statewide-disaster-over-soaring-diesel-prices/,,,,"tag:google.com,2013:googlealerts/feed:911268353111902872",
2026-09-29,(rss),2026-09-29 08:41:37,India Timber Importers Ask New Zealand for Pine Prices - Wood Central,"India timber importers are asking for New Zealand pine prices , with more than 100 new business contacts made at MumbaiWood three weeks before ...",woodcentral.com.au,Google Alert - timber prices,https://woodcentral.com.au/india-timber-importers-nz-pine/,,,,"tag:google.com,2013:googlealerts/feed:3383781474345826591",
2026-09-29,(rss),2026-09-28 22:49:46,Gov. Greg Abbott declares statewide disaster proclamation over diesel shortages,"... timber and fuel loads. It also suspends Texas Low Emission ... ""Record prices put both industries at risk and raise costs for every Texas family.",houstonpublicmedia.org,Google Alert - timber prices,https://www.houstonpublicmedia.org/articles/news/energy-environment/2026/09/28/563038/gov-greg-abbott-declares-statewide-disaster-proclamation-over-diesel-shortages/,,,,"tag:google.com,2013:googlealerts/feed:8243456874984413300",
2026-09-29,(rss),2026-09-29 19:54:28,"Ag. commissioner calls on Mississippi leaders to declare economic emergency, lower fuel costs","Commissioner of Agriculture and Commerce Andy Gipson said action is needed to help Mississippi's workers, farmers and the timber industry during peak ...",wtva.com,Google Alert - timber industry,https://www.wtva.com/2026/09/29/ag-commissioner-calls-mississippi-leaders-declare-economic-emergency-lower-fuel-costs/,,,,"tag:google.com,2013:googlealerts/feed:1264346156789353428",
2026-09-29,(rss),2026-09-29 19:17:01,Prologis Leases Entire 246K-SF Mass- Timber Brampton Warehouse,"Prologis has fully leased its 246,007-SF Evergreen distribution facility at 5525 Countryside Dr. in Brampton, filling one of the GTA industrial ...",connectcre.ca,Google Alert - timber industry,https://www.connectcre.ca/stories/prologis-leases-entire-246k-sf-mass-timber-brampton-warehouse/,,,,"tag:google.com,2013:googlealerts/feed:17496368221154103636",
2026-09-29,(rss),2026-09-29 19:05:56,Tupper Lake celebrates new apartment projects amid a regional housing shortage,"That project is the result of years of effort by the Northern Forest Center, a non-profit that works to revitalize regions tied to the timber industry ...",northcountrypublicradio.org,Google Alert - timber industry,https://www.northcountrypublicradio.org/news/story/54015/20260929/tupper-lake-celebrates-new-apartment-projects-amid-a-regional-housing-shortage,,,,"tag:google.com,2013:googlealerts/feed:18219305258950609636",
2026-09-29,(rss),2026-09-29 17:58:39,"STIDC showcases TRACE, Furniture Park to drive timber industry growth",Zainal Abidin (left) presents a memento to Awang Tengah. KUCHING (Sept 29): The Sarawak Timber Industry Development Corporation (STIDC) is showcasing ...,theborneopost.com,Google Alert - timber industry,https://www.theborneopost.com/2026/09/29/stidc-showcases-trace-furniture-park-to-drive-timber-industry-growth/,,,,"tag:google.com,2013:googlealerts/feed:6965896052655848484",
2026-09-29,(rss),2026-09-29 17:45:39,A “working forest ” won't work - Wildsight,... industry . The Working Forest proposal would create a timber -intensive forestry zone where industry could identify areas for harvest and receive ...,wildsight.ca,Google Alert - timber industry,https://wildsight.ca/2026/09/29/a-working-forest-wont-work/,,,,"tag:google.com,2013:googlealerts/feed:9302238522206952865",
2026-09-29,(rss),2026-09-29 17:39:37,Briefly: Alabama eases enforcement of dyed diesel restrictions - Truckers News,"... timber industries . In response to these extraordinary circumstances, I am requesting that the Alabama Law Enforcement Agency and other enforcement ...",truckersnews.com,Google Alert - timber industry,https://www.truckersnews.com/news/article/15836123/briefly-alabama-eases-enforcement-of-dyed-diesel-restrictions,,,,"tag:google.com,2013:googlealerts/feed:9579814141945565345",
2026-09-29,(rss),2026-09-29 17:31:40,China's Squeezed Plywood Mills Push More Panels Into Global Markets - Wood Central,China plywood exports rose 21 per cent in the first half of 2026 while the country's timber processors earned less than any other manufacturing sector,woodcentral.com.au,Google Alert - timber industry,https://woodcentral.com.au/china-plywood-exports-timber-profits/,,,,"tag:google.com,2013:googlealerts/feed:10588450082687296046",
2026-09-29,(rss),2026-09-29 17:21:08,Watch: A sustainable construction material is reinvented at UC Berkeley's Wood Lab,"... Timber, and helped it become the first in the nation to ... But California's forestry industry has dwindled, so the state is short ...",news.berkeley.edu,Google Alert - timber industry,https://news.berkeley.edu/2026/09/29/watch-a-sustainable-construction-material-is-reinvented-at-uc-berkeleys-wood-lab/,,,,"tag:google.com,2013:googlealerts/feed:13050923234322141998",
2026-09-29,(rss),2026-09-29 16:42:16,Stora Enso plans to close CLT production at Gruvön in Sweden - Metsätrans,"Gruvön mill produces sawn timber, processed timber, pellets and made-to-order products for construction. clt Cross-laminated timber Forest Industry ...",metsatrans.com,Google Alert - timber industry,https://metsatrans.com/en/article/8466/stora-enso-plans-to-close-clt-production-at-gruvon-in-sweden,,,,"tag:google.com,2013:googlealerts/feed:4043396992886407537",
2026-09-29,(rss),2026-09-29 16:07:38,"Kenya turns to forestry as new engine for jobs, wealth and green growth - The Star",The Industrial Wood Sector Vision says private- sector investment in more productive plantations and efficient processing will be central to achieving ...,the-star.co.ke,Google Alert - timber industry,https://www.the-star.co.ke/business/2026-09-29-kenya-turns-to-forestry-as-new-engine-for-jobs-wealth-and-green-growth,,,,"tag:google.com,2013:googlealerts/feed:2660563885886414045",
2026-09-29,(rss),2026-09-29 16:02:01,Trump's Mass Detention Machine in Pennsylvania - Mother Jones,"The prison was renamed the Moshannon Valley Processing Center (MVPC). Buried away and completely hidden out of sight in a dense forest , more than ...",motherjones.com,Google Alert - timber industry,https://www.motherjones.com/politics/2026/09/trump-ice-detention-philipsburg-pennsylvania-immigration-deportation-geo-group-mvpc/,,,,"tag:google.com,2013:googlealerts/feed:1612037834276060801",
2026-09-29,(rss),2026-09-29 16:00:52,Van Riper State Park & Michigan Iron Industry Museum property,"Aerial photograph overlooking Lake Michigamme, building and sandy beach. Van Riper State Park · view of forest from viewing platform with interpretive ...",michigan.gov,Google Alert - timber industry,https://www.michigan.gov/dnr/managing-resources/prd/parks/mgt-plans/van-riper-and-museum,,,,"tag:google.com,2013:googlealerts/feed:13225324864633069671",
2026-09-29,(rss),2026-09-29 15:06:20,EUDR rules could require tens of thousands of coordinates per timber container,The requirement will also apply to wood sourced from countries classified by the EU as low risk. The Danish timber industry is highlighting the scale ...,interiordaily.com,Google Alert - timber industry,https://www.interiordaily.com/article/9877821/eudr-rules-could-require-tens-of-thousands-of-coordinates-per-timber-container/,,,,"tag:google.com,2013:googlealerts/feed:10347152142999396019",
2026-09-29,(rss),2026-09-29 14:15:45,Imports of softwood lumber to Japan lose 29% in August - Lesprom,"Our website uses cookies to make your browsing experience better and more personal. By using our site, you agree to our use of cookies. You can read ...",lesprom.com,Google Alert - softwood lumber agreement,https://www.lesprom.com/en/news/Imports_of_softwood_lumber_to_Japan_lose_29_in_August_124534/,,,,"tag:google.com,2013:googlealerts/feed:4650760599753881339",
2026-09-29,(rss),2026-09-29 11:03:21,Still stumped by lack of lumber resolution - CDR News,"As far as trade disputes go, the Canada–US Softwood Lumber dispute has the dubious distinction as one of the most persistent in North American history ...",cdr-news.com,Google Alert - softwood lumber agreement,https://www.cdr-news.com/categories/litigation/still-stumped-by-lack-of-lumber-resolution/,,,,"tag:google.com,2013:googlealerts/feed:14759123770734271409",
2026-09-29,(rss),2026-09-29 18:06:01,Stora Enso plans to end CLT production at Swedish Gruvön mill - Lesprom,"... and CLT Mill Sweden / Stora Enso. Stora Enso, a forest-products company, plans to focus its Gruvön sawmill in Sweden on sawn and plane...",lesprom.com,Google Alert - sawmill,https://www.lesprom.com/en/news/Stora_Enso_plans_to_end_CLT_production_at_Swedish_Gruv%C3%B6n_mill_124541/,,,,"tag:google.com,2013:googlealerts/feed:8035139235833452332",
2026-09-29,(rss),2026-09-29 17:35:39,Tour the Joel Hill Sawmill | The River Reporter,"EQUINUNK, PA — On Saturday, October 3 at 10 a.m. and 1 p.m., and again on Sunday, October 4 at 1 p.m., the Joel Hill Sawmill , a water-powered, ...",riverreporter.com,Google Alert - sawmill,"http://www.riverreporter.com/stories/tour-the-joel-hill-sawmill,279355",,,,"tag:google.com,2013:googlealerts/feed:1965352318717072787",
2026-09-29,(rss),2026-09-29 16:12:44,Aggressive plans for new sawmills and other trending stories | Woodworking Network,"The Lumber Manufactory has opened a sawmill in New Albany, Mississippi, with a corporate investment exceeding $15 million and the creation of more ...",woodworkingnetwork.com,Google Alert - sawmill,https://www.woodworkingnetwork.com/news/woodworking-industry-news/aggressive-plans-new-sawmills-and-other-trending-stories,,,,"tag:google.com,2013:googlealerts/feed:5298115452810286300",
2026-09-29,(rss),2026-09-29 15:02:34,"Commissioners $320,000 purchase in Sawmills | Archives | newstopicnews.com","... Sawmills . According to Interim Economic Development Director Jesse Trivette, the property has been identified as a potential site to support ...",newstopicnews.com,Google Alert - sawmill,https://www.newstopicnews.com/archives/commissioners-320-000-purchase-in-sawmills/article_a13c5b39-1fd6-548c-aadc-fbd631b85cfa.html,,,,"tag:google.com,2013:googlealerts/feed:13745025910941142159",
2026-09-29,(rss),2026-09-29 14:48:44,Bond set for man accused of stealing tow truck in wild viral video,Police said Hassan drove from Trabue Road and North Wilson Road to the Chase Bank at 6591 Sawmill Road. He then got out of the tow truck and ran into ...,abc6onyourside.com,Google Alert - sawmill,https://abc6onyourside.com/news/local/dispute-over-towed-car-at-columbus-intersection-leads-to-arrest-police-say-abdifateh-hassan-trabue-road-north-wilson-chase-bank-sawmill-pro-tow,,,,"tag:google.com,2013:googlealerts/feed:2417528834376479414",
2026-09-29,(rss),2026-09-29 12:20:34,"ATV fire spreads to 3 other vehicles, part of Homestead home - YouTube",Go to channel Middlefield Custom Sawmill . You Won't Believe What's Inside this Log! Middlefield Custom Sawmill and Two Guys Timberframing•476K views.,youtube.com,Google Alert - sawmill,https://www.youtube.com/watch?v=JMeOcDyORhY,,,,"tag:google.com,2013:googlealerts/feed:13710865830186910180",
2026-09-29,(rss),2026-09-29 09:51:07,Stora Enso plans to focus on sawmill operations and discontinue CLT production at Gruvön ...,STORA ENSO OYJ PRESS RELEASE 29 September 2026 at 12:30 EET. Stora Enso will start change negotiations with employees at Gruvön sawmill in Sweden ...,news.cision.com,Google Alert - sawmill,"https://news.cision.com/stora-enso--oyj/r/stora-enso-plans-to-focus-on-sawmill-operations-and-discontinue-clt-production-at-gruvon-in-sweden,c4401580",,,,"tag:google.com,2013:googlealerts/feed:17913575640806814476",
2026-09-29,(rss),2026-09-29 09:43:51,"Stora Enso To Start Change Negotiations At Gruvön Sawmill , Sweden - TradingView","Stora Enso To Start Change Negotiations At Gruvön Sawmill , Sweden. Sep 29, 2026, 02:34 GMT-7. Read the full article.",tradingview.com,Google Alert - sawmill,"https://www.tradingview.com/news/reuters.com,2026:newsml_FWN45L0I1:0-stora-enso-to-start-change-negotiations-at-gruv-n-sawmill-sweden/",,,,"tag:google.com,2013:googlealerts/feed:16251458891245850452",
2026-09-29,(rss),2026-09-29 09:06:31,Swedish sawmill capacity contracts as production consolidates into fewer sites - Fordaq,"Vida, Holmen and Moelven have announced closures or major production reductions at Swedish sawmills representing about 421,000 m³ of gross annual ...",fordaq.com,Google Alert - sawmill,https://www.fordaq.com/news/Swedish_sawmill_capacity_contracts_as_127074.html,,,,"tag:google.com,2013:googlealerts/feed:2772504320091664804",
2026-09-29,(rss),2026-09-29 04:18:17,6-alarm fire damages 100-year-old commercial building in Boston - YouTube,Go to channel Middlefield Custom Sawmill · You Won't Believe What's Inside this Log! Middlefield Custom Sawmill and Two Guys Timberframing•475K views.,youtube.com,Google Alert - sawmill,https://www.youtube.com/watch?v=Z34lFsaMKMg,,,,"tag:google.com,2013:googlealerts/feed:9475935237624870834",
2026-09-29,(rss),2026-09-29 00:20:34,Saw Mill River Parkway Reopens After Fallen Tree Blocks Lanes In ... - News 12 | Long Island,The Saw Mill River Parkway has reopened after a fallen tree blocked the southbound lanes in Dobbs Ferry on Monday. The tree came down before 12 ...,longisland.news12.com,Google Alert - sawmill,https://longisland.news12.com/saw-mill-river-parkway-reopens-after-fallen-tree-blocks-lanes-in-dobbs-ferry,,,,"tag:google.com,2013:googlealerts/feed:7726002494393594171",
2026-09-29,(rss),2026-09-28 23:16:35,Giant Python SWIMS Through Flooded Streets in Thailand - YouTube,Go to channel Middlefield Custom Sawmill · You Won't Believe What's Inside this Log! Middlefield Custom Sawmill and Two Guys Timberframing•473K views.,youtube.com,Google Alert - sawmill,https://www.youtube.com/watch?v=Qd8vgN5d4qs,,,,"tag:google.com,2013:googlealerts/feed:3835140830628225642",
2026-09-29,(rss),2026-09-28 23:05:55,Public hearing in Floyd for Amish sawmills | News | romesentinel.com,The town of Floyd will hold a public hearing to consider two proposed Amish sawmills at the Floyd Town Hall at 8299 Old Floyd Road at 7 p.m. ...,romesentinel.com,Google Alert - sawmill,https://www.romesentinel.com/news/floyd-amish-sawmill-hearing/article_e0f05cca-8e8d-4a3a-98b2-3b5f29cdb0a7.html,,,,"tag:google.com,2013:googlealerts/feed:18424996647015965011",
2026-09-29,(rss),2026-09-28 22:27:18,Hazel Dell Demolition Begins in Carmel - YouTube,Go to channel Middlefield Custom Sawmill . You Won't Believe What's Inside this Log! Middlefield Custom Sawmill and Two Guys Timberframing•473K views.,youtube.com,Google Alert - sawmill,https://www.youtube.com/watch?v=hRbOAE9t7Pw,,,,"tag:google.com,2013:googlealerts/feed:11266212166774100077",
2026-09-29,(rss),2026-09-29 15:41:10,Moore County issued BDO Zone 'A' rating for woody biomass - Sandhills Sentinel,"A well-established loblolly pine base underpins a strong pulpwood supply, and a diversified feedstock mix of pulpwood , forest residues, and sawmill ...",sandhillssentinel.com,Google Alert - pulpwood,https://sandhillssentinel.com/moore-county-issued-bdo-zone-a-rating-for-woody-biomass//,,,,"tag:google.com,2013:googlealerts/feed:7458272600883071519",
2026-09-29,(rss),2026-09-29 15:01:31,China's SAF Exports Reach Record High as Europe's Demand Accelerates - ResourceWise,How Could Indonesia's Wildfires Affect Pulp and Paper Supply? Picture ... Pulp and Paper Forest Products Market News · Read More. Markets.,resourcewise.com,Google Alert - pulp and paper,https://www.resourcewise.com/blog/chinas-saf-exports-reach-record-high-as-europes-demand-accelerates?hsLang=en,,,,"tag:google.com,2013:googlealerts/feed:13073208918282430301",
2026-09-29,(rss),2026-09-29 14:25:11,Cepi Appoints Francesca Stevens As Its Next Director General - PaperAge,"... pulp and paper industry before the EU Institutions and other stakeholders. ""It is a great honour to be entrusted with leading Cepi. Europe's pulp ...",paperage.com,Google Alert - pulp and paper,https://www.paperage.com/2026news/09-29-2026cepi-appoints-francesca-stevens-as-its-next-director-general.html,,,,"tag:google.com,2013:googlealerts/feed:16147732383893691416",
2026-09-29,(rss),2026-09-29 14:14:48,"La Rochette responds to employees' concerns, confirms production issues over the summer","EUWID Pulp and Paper · News · Companies · EUWID Pulp and Paper · News · Companies. La Rochette responds to employees' concerns, confirms production ...",euwid-paper.com,Google Alert - pulp and paper,https://www.euwid-paper.com/news/companies/la-rochette-responds-to-employees-concerns-confirms-production-issues-over-the-summer-290926/,,,,"tag:google.com,2013:googlealerts/feed:1856503016821574589",
2026-09-29,(rss),2026-09-29 13:32:44,Paper & Tissue Show London 2026 - Sustainable Packaging News,"... paper , labels, sleeves and paper cores, alongside recycled paper , eco-materials, pulp moulding and biodegradable and compostable packaging solutions.",spnews.com,Google Alert - pulp and paper,https://spnews.com/events/paper-and-tissue-show-2026/?occ_dtstart=2026-11-11T00:00,,,,"tag:google.com,2013:googlealerts/feed:6477393220248664714",
2026-09-29,(rss),2026-09-29 13:17:12,Solid Sulfur Market Is Going to Boom |• Mosaic Company • Nutrien Ltd. • Yara International,Electronics. By Applications: • Agriculture • Chemical Manufacturing • Rubber Production • Pharmaceuticals • Pulp and Paper Industry • Construction,openpr.com,Google Alert - pulp and paper,https://www.openpr.com/news/4647680/solid-sulfur-market-is-going-to-boom-mosaic-company,,,,"tag:google.com,2013:googlealerts/feed:318859045032322364",
2026-09-29,(rss),2026-09-29 12:34:24,"Formosa Plastics, Taiwan Pulp plan US chip chemical venture | Taiwan News | Sep. 29, 2026 20:23",TAIPEI (Taiwan News) — Formosa Plastics Corp. and Taiwan Pulp & Paper Corp. plan to establish a US joint venture producing electronic-grade ...,taiwannews.com.tw,Google Alert - pulp and paper,https://www.taiwannews.com.tw/en/news/6448522,,,,"tag:google.com,2013:googlealerts/feed:322763390149444270",
2026-09-29,(rss),2026-09-29 08:18:12,Gleiss Lutz advises Kokusai Pulp & Paper on the acquisition of the Chugai Photo & Chemical Group,"Through the transaction, Tokyo-based Kokusai Pulp & Paper is significantly expanding its visual communication business within its Northeast Asia ( ...",gleisslutz.com,Google Alert - pulp and paper,https://www.gleisslutz.com/en/mandates-firm-news/gleiss-lutz-advises-kokusai-pulp-paper-acquisition-chugai-photo-chemical-group,,,,"tag:google.com,2013:googlealerts/feed:15637363504933484185",
2026-09-29,(rss),2026-09-29 08:06:21,"NVG: Market leader in sustainable pulp , paper , tissue, and packaging, with top-tier ...","NVG: Market leader in sustainable pulp , paper , tissue, and packaging, with top-tier profitability and growth. Sep 29, 2026, 00:40 GMT-7 Less than 1 ...",tradingview.com,Google Alert - pulp and paper,https://www.tradingview.com/news/urn:summary_document_slides:quartr.com:4208949:0-nvg-market-leader-in-sustainable-pulp-paper-tissue-and-packaging-with-top-tier-profitability-and-growth/,,,,"tag:google.com,2013:googlealerts/feed:2411714156894512578",
2026-09-29,(rss),2026-09-29 07:48:24,China White Cardboard Price Hike and Market Impact Analysis - SunSirs,"Due to frequent market fluctuations and persistently high production costs, Zhangzhou Liansheng Pulp & Paper has announced a uniform price ...",sunsirs.com,Google Alert - pulp and paper,https://www.sunsirs.com/commodity-news/petail-36540.html,,,,"tag:google.com,2013:googlealerts/feed:12963370868105850180",
2026-09-29,(rss),2026-09-29 06:55:06,Paper chemicals market worth $51.51 billion by 2031 - PULPAPERnews.com,"Rising pulp and paper manufacturing, especially in the emerging economies, is driving even more chemical usage. In addition, recycled fibers are ...",pulpapernews.com,Google Alert - pulp and paper,https://www.pulpapernews.com/20260929/18221/paper-chemicals-market-worth-5151-billion-2031,,,,"tag:google.com,2013:googlealerts/feed:1192122072555072115",
2026-09-29,(rss),2026-09-29 06:00:04,Francesca Stevens appointed Director General of Cepi - PULPAPERnews.com,Cepi appoints Francesca Stevens as Director General to lead Europe's pulp and paper industry through its sustainability and competitiveness ...,pulpapernews.com,Google Alert - pulp and paper,https://www.pulpapernews.com/20260929/18219/francesca-stevens-appointed-director-general-cepi,,,,"tag:google.com,2013:googlealerts/feed:10165028672309163006",
2026-09-29,(rss),2026-09-29 02:54:45,"Angola Imports of paper and paperboard, articles of pulp , paper and board from Gambia","Angola Imports of paper and paperboard, articles of pulp , paper and board from Gambia was US$21 during 2025, according to the United Nations ...",tradingeconomics.com,Google Alert - pulp and paper,https://tradingeconomics.com/angola/imports/gambia/paper-paperboard-articles-pulp-paper-board,,,,"tag:google.com,2013:googlealerts/feed:12101969609150798644",
2026-09-29,(rss),2026-09-28 23:36:00,Household Recycling Rejects Strengthen Compostable PLLA Composites - AZoM,"Researchers converted lignocellulosic pulp recovered from unrecyclable household waste, along with its post-hydrolysis residue, ...",azom.com,Google Alert - pulp and paper,https://www.azom.com/news.aspx?newsID=65847,,,,"tag:google.com,2013:googlealerts/feed:9495737616374973785",
2026-09-29,(rss),2026-09-29 15:44:26,"India's $18B US Steel Deal: Trump, Essar and Investor Impact - INDmoney",... pellet plant in Minnesota. Mesabi announced on September 28 that it would connect that operation to a new steelmaking complex in Iowa. The proposed ...,indmoney.com,Google Alert - pellet mill,https://www.indmoney.com/blog/us-stocks/india-trump-essar-us-steel-deal,,,,"tag:google.com,2013:googlealerts/feed:8993809881478138665",
2026-09-29,(rss),2026-09-29 12:07:40,India's Ellanbarrie Industrial Gases commissions ASU at Jai Balaji steel mill - SteelOrbis,... mill in the . ... India's NMDC Limited commissions two million mt pellet plant . 28 Sep ...,steelorbis.com,Google Alert - pellet mill,https://www.steelorbis.com/steel-news/latest-news/indias-ellanbarrie-industrial-gases-commissions-asu-at-jai-balaji-steel-mill-1480501.htm,,,,"tag:google.com,2013:googlealerts/feed:11331361632682778788",
2026-09-29,(rss),2026-09-29 07:32:06,"Trump Announces $15 Billion Iowa Steel Plant , Calling It Largest in U.S. History | VINnews","The company said the Iowa mill would be fed by its newly opened iron ore mine and pellet plant on Minnesota's Mesabi Iron Range, the first new ...",vinnews.com,Google Alert - pellet mill,https://vinnews.com/2026/09/28/trump-announces-15-billion-iowa-steel-plant-calling-it-largest-in-u-s-history/,,,,"tag:google.com,2013:googlealerts/feed:1833197448525657049",
2026-09-29,(rss),2026-09-29 06:44:29,"Made in America, owned by India: Essar's $15 billion Trump-era steel bet","The company envisioned an integrated mine, pellet plant and steel operation that would turn Minnesota ore into American steel. ... mill means an ...",timesofindia.indiatimes.com,Google Alert - pellet mill,https://timesofindia.indiatimes.com/business/india-business/made-in-america-owned-by-india-essars-15-billion-trump-era-steel-bet/articleshow/134557716.cms,,,,"tag:google.com,2013:googlealerts/feed:11220382557158093794",
2026-09-29,(rss),2026-09-29 05:53:20,NMDC commissions new pellet plant in India,28 Sep 2026. 12:01. NMDC commissions new pellet plant in India. This article contains premium data. It is only available for active subscribers ...,kallanish.com,Google Alert - pellet mill,https://www.kallanish.com/en/news/steel/market-reports/article-details/nmdc-commissions-new-pellet-plant-in-india-0926/,,,,"tag:google.com,2013:googlealerts/feed:7709395176701418921",
2026-09-29,(rss),2026-09-29 02:35:29,Who are the Ruias? The family behind Essar Group's $18 billion US bet - Firstpost,Essar said the mine and pellet plant are intended to supply the raw material for the group's planned steel expansion in the US. The Ruia family's ...,firstpost.com,Google Alert - pellet mill,https://www.firstpost.com/world/united-states/who-are-the-ruias-the-family-behind-essars-18-billion-us-bet-14048942.html,,,,"tag:google.com,2013:googlealerts/feed:13329030658737003791",
2026-09-29,(rss),2026-09-29 02:11:56,How a Planned Steel Mill in Iowa Reveals Trump's Midterm Strategy - The New York Times,"The Iowa mill project follows another initiative led by Mesabi: a $2.5 billion iron-ore mine and pellet plant in Nashwauk, Minn. That project ...",nytimes.com,Google Alert - pellet mill,https://www.nytimes.com/2026/09/28/us/politics/trump-steel-plant-iowa-midterms.html,,,,"tag:google.com,2013:googlealerts/feed:4660432434784374183",
2026-09-29,(rss),2026-09-29 01:56:27,Minnesota's Mesabi Metallics announces plan to build a $15B steel mill ... in Iowa,"Known as Patriot Pellet , that iron ore will feed directly into the steel complex in Iowa, where 10 million tons of steel will be churned out annually ...",bringmethenews.com,Google Alert - pellet mill,https://bringmethenews.com/minnesota-business/minnesotas-mesabi-metallics-announces-plan-to-build-a-15b-steel-mill-in-iowa,,,,"tag:google.com,2013:googlealerts/feed:7373715099014214758",
2026-09-29,(rss),2026-09-29 00:17:08,EXIM's John Jovanovic on America's Economic Security,"Economic security, from mine to mill. Jovanovic's ... Mesabi Metallics' Minnesota operation is the first new iron ore mine and pellet plant ...",thepavlovictoday.com,Google Alert - pellet mill,https://thepavlovictoday.com/jovanovic-americas-economic-security/,,,,"tag:google.com,2013:googlealerts/feed:1437142838109433493",
2026-09-29,(rss),2026-09-29 00:12:36,"Trump announces $15 billion steel mill planned for Iowa, using ore from Minnesota mine","The new mill in eastern Iowa will be built by Mesabi Metallics, a ... pellet plant in Nashwauk, Minnesota, by tying it to a low-cost steel ...",mprnews.org,Google Alert - pellet mill,https://www.mprnews.org/story/2026/09/28/ore-from-mesabi-metallics-mine-will-be-used-for-15-billion-steel-mill-planed-for-iowa,,,,"tag:google.com,2013:googlealerts/feed:3460054086093926006",
2026-09-29,(rss),2026-09-29 16:16:16,Black Pellet Market Analysis Examines Industry Expansion Reaching $0.42 Billion,"This anticipated growth stems from a surge in demand for carbon-neutral fuel options, expanded investment in advanced biomass conversion technologies, ...",openpr.com,Google Alert - pellet fuel,https://www.openpr.com/news/4647843/black-pellet-market-analysis-examines-industry-expansion,,,,"tag:google.com,2013:googlealerts/feed:81840203459050338",
2026-09-29,(rss),2026-09-29 10:01:18,Lingen and the myth that Rosatom is irreplacable - libmod.de - Zentrum Liberale Moderne,"In addition, as an alternative to analysing a fuel - pellet sample ... fuel rod may be unloaded on site and its fuel pellets independently analysed.",libmod.de,Google Alert - pellet fuel,https://libmod.de/en/lingen-and-the-myth-that-rosatom-is-irreplacable/,,,,"tag:google.com,2013:googlealerts/feed:7147161648608555470",
2026-09-29,(rss),2026-09-29 13:00:57,Nanocellulose Market Is Going to Boom |• Nippon Paper Industries - openPR.com,Nanocellulose is a lightweight material obtained from wood pulp or plant cellulose. The term generally refers to cellulose derived nanofibrils that ...,openpr.com,Google Alert - nanocellulose,https://www.openpr.com/news/4647659/nanocellulose-market-is-going-to-boom-nippon-paper,,,,"tag:google.com,2013:googlealerts/feed:12727417616147855714",
2026-09-29,(rss),2026-09-29 17:45:36,"BLM plans timber salvage, forest recovery work in East Garnet Mountains - NBC Montana",About 10 days remain in the appeal period for a Bureau of Land Management plan to salvage fire-damaged timber and conduct forest recovery work in ...,nbcmontana.com,Google Alert - montana timber,https://nbcmontana.com/news/local/blm-plans-timber-salvage-forest-recovery-work-in-east-garnet-mountains,,,,"tag:google.com,2013:googlealerts/feed:219165820762956506",
2026-09-29,(rss),2026-09-29 09:57:49,"Saudi Arabia Prefab Wood Buildings Market Size, Share, - GlobeNewswire","... Modular Mass Timber Demand. Modular wood systems cut build times by 30-50% as Vision 2030, Red Sea resorts and NEOM drive demand; Riyadh leads ...",globenewswire.com,Google Alert - modular mass timber,https://www.globenewswire.com/news-release/2026/09/29/3370561/0/en/saudi-arabia-prefab-wood-buildings-market-size-share-trends-and-forecast-2026-2035-vision-2030-megaprojects-accelerate-modular-mass-timber-demand.html,,,,"tag:google.com,2013:googlealerts/feed:4216515117727350919",
2026-09-29,(rss),2026-09-29 18:48:36,US NRC approves construction of nation's first small modular nuclear reactor | Reuters,The US Nuclear Regulatory Commission has approved ​a construction permit for the Tennessee ‌Valley Authority to build the nation's first ...,reuters.com,Google Alert - modular construction,https://www.reuters.com/business/energy/us-nrc-approves-construction-nations-first-small-modular-nuclear-reactor-2026-09-29/,,,,"tag:google.com,2013:googlealerts/feed:14659173110523411694",
2026-09-29,(rss),2026-09-29 18:26:41,"Charcoal Gray - Modular - Velour - 124,800 qty - Surplus - Acme Brick","Charcoal Gray – Modular – Velour – 124,800 qty – Surplus. September ... Pocket Guide to Brick Construction · Installation & Maintenance Guides ...",brick.com,Google Alert - modular construction,https://brick.com/stories/915364-c05826os-167300-charcoal-gray-modular-velour-surplus/,,,,"tag:google.com,2013:googlealerts/feed:4059330604246056982",
2026-09-29,(rss),2026-09-29 18:13:56,US NRC approves construction of nation's first small modular nuclear reactor - TradingView,"US NRC approves construction of nation's first small modular nuclear reactor. Sep 29, 2026, 10:50 GMT-7. Read the full article.",tradingview.com,Google Alert - modular construction,"https://www.tradingview.com/news/reuters.com,2026:newsml_L1N45L0TN:0-us-nrc-approves-construction-of-nation-s-first-small-modular-nuclear-reactor/",,,,"tag:google.com,2013:googlealerts/feed:10820784967555484518",
2026-09-29,(rss),2026-09-29 18:05:16,TVA receives groundbreaking permit for first US small modular reactor in Tennessee,"KNOXVILLE, Tennessee — The Nuclear Regulatory Commission on Tuesday approved a construction permit for the Tennessee Valley Authority to build a ...",rocketcitynow.com,Google Alert - modular construction,https://www.rocketcitynow.com/article/tech/science/tva-receives-groundbreaking-permit-for-first-us-small-modular-reactor-in-tennessee/525-4be6d5c0-5f5f-4fc2-a1b9-3cdbc878bcda,,,,"tag:google.com,2013:googlealerts/feed:16299320316581498807",
2026-09-29,(rss),2026-09-29 16:23:48,Q3 Executive Roundtable Recap | Data Center Frontier,"Standardization, modular construction , factory integration and earlier modeling can legitimately compress project schedules. ... It is building ...",datacenterfrontier.com,Google Alert - modular construction,https://www.datacenterfrontier.com/executive-roundtable/article/55408248/q3-executive-roundtable-recap,,,,"tag:google.com,2013:googlealerts/feed:5762063339012300318",
2026-09-29,(rss),2026-09-29 16:07:00,Where Home Prices Are Growing the Fastest - Pro Builder,... Modular Construction . Sponsored Picks. Sponsored. 3 Ways Contractors Can Deliver Customer Service That Wins Repeat Business. Sponsored. 9 Best ...,probuilder.com,Google Alert - modular construction,https://www.probuilder.com/business-management/markets/news/55408336/where-home-prices-are-growing-the-fastest,,,,"tag:google.com,2013:googlealerts/feed:13925446477140746772",
2026-09-29,(rss),2026-09-29 15:48:04,Stantec To Design Highway 17 Twinning Project - Canadian Consulting Engineer,CSA publishes design standard for modular construction · AtkinsRéalis and Aecon to help refurbish Pickering Nuclear Generating Station · Worley ...,canadianconsultingengineer.com,Google Alert - modular construction,https://www.canadianconsultingengineer.com/stantec-to-design-highway-17-twinning-project/,,,,"tag:google.com,2013:googlealerts/feed:13158776376901816251",
2026-09-29,(rss),2026-09-29 15:09:01,US Regulator To Approve Construction Of Small Modular Reactor At Clinch River - NucNet,Courtesy GVH. The US Nuclear Regulatory Commission (NRC) is set to formally issue a construction permit for federally owned utility Tennessee Valley ...,nucnet.org,Google Alert - modular construction,https://www.nucnet.org/news/us-regulator-approves-construction-of-small-modular-reactor-at-clinch-river-9-2-2026,,,,"tag:google.com,2013:googlealerts/feed:10217452359638467534",
2026-09-29,(rss),2026-09-29 14:38:25,SLB weighs bringing US data center construction expertise to Latin America - BNamericas,"We began modularizing and accelerating the construction of these facilities. ... modular , offsite way, inside this large manufacturing unit. This ...",bnamericas.com,Google Alert - modular construction,https://www.bnamericas.com/en/interviews/slb-weighs-bringing-us-data-center-construction-expertise-to-latin-america,,,,"tag:google.com,2013:googlealerts/feed:10008727848068498533",
2026-09-29,(rss),2026-09-29 14:07:10,Mirewood Announces Family-Focused Modular Sofas With Washable Covers and Durable Frames,... construction and warranty terms can be important considerations alongside upholstery and design. Modular Construction for Flexible Living Spaces.,theglobeandmail.com,Google Alert - modular construction,https://www.theglobeandmail.com/investing/markets/markets-news/ACN/4857452/mirewood-announces-family-focused-modular-sofas-with-washable-covers-and-durable-frames/,,,,"tag:google.com,2013:googlealerts/feed:4525407861174063622",
2026-09-29,(rss),2026-09-29 14:03:47,How Townhouse Is Scaling Premium Nail Care in Retail Real Estate,"... modular construction and brand management. A head-office team of more than 90 people supports the franchise through site selection, design and ...",shoppingcenterbusiness.com,Google Alert - modular construction,https://shoppingcenterbusiness.com/how-townhouse-is-scaling-premium-nail-care-in-retail-real-estate/,,,,"tag:google.com,2013:googlealerts/feed:9607663231785766483",
2026-09-29,(rss),2026-09-29 13:58:43,USP 797 & 800 Modular Cleanroom,"... modular construction can deliver regulatory-compliant, high-performance cleanrooms with remarkable speed and efficiency. Project scope and ...",cleanroomtechnology.com,Google Alert - modular construction,https://www.cleanroomtechnology.com/usp-797-800-modular-cleanroom,,,,"tag:google.com,2013:googlealerts/feed:2655951471144938287",
2026-09-29,(rss),2026-09-29 13:49:52,East Yorkshire modular building firm set for record year as it gears up for expansion - Hull Live,Integra Buildings employs about 215 people. Integra will invest about £7m into its Paull site over the next three years.,hulldailymail.co.uk,Google Alert - modular construction,https://www.hulldailymail.co.uk/news/business/east-yorkshire-construction-firm-set-11176598,,,,"tag:google.com,2013:googlealerts/feed:5071059401841466500",
2026-09-29,(rss),2026-09-29 12:37:57,"Data Center Campus Coating Strategies for Speed, Reliability and Long-Term Performance","... modular construction . October 22, 2026. 10:00 AM PDT. 1 hour. Sponsored by. shw_typeonly_stacked_293_1. 23. 04. 59. 55.",datacenterfrontier.com,Google Alert - modular construction,https://www.datacenterfrontier.com/webinar/webinar/55406405/data-center-campus-coating-strategies-for-speed-reliability-and-long-term-performance,,,,"tag:google.com,2013:googlealerts/feed:2665437021442273742",
2026-09-29,(rss),2026-09-29 12:33:20,Submer launches Corenix to offer modular data center infrastructure - DCD,“That's the foundation I'm building Corenix on from day one. Corenix puts a dated program and a go-live date on the table before a contract exists.,datacenterdynamics.com,Google Alert - modular construction,https://www.datacenterdynamics.com/en/news/submer-launches-corenix-to-offer-modular-data-center-infrastructure/,,,,"tag:google.com,2013:googlealerts/feed:17161940286579561248",
2026-09-29,(rss),2026-09-29 11:36:05,Park Associati reinterprets Cesare Roversi's 6x6 modular furniture system - Archiproducts,"... structure for infinite configurations. Modular Micro-Architectures Inspired by the Works of Albini, Perriand and Isaaks. 10. Modular Micro ...",archiproducts.com,Google Alert - modular construction,https://www.archiproducts.com/en/news/park-associati-reinterprets-cesare-roversi-s-6x6-modular-furniture-system_112053,,,,"tag:google.com,2013:googlealerts/feed:33967981802750536",
2026-09-29,(rss),2026-09-29 11:02:53,Cubo Modular's Zahra Zanjani on reimagining the future of Filipino housing - YouTube,"For this episode, Cubo Modular co-founder Zahra Zanjani explores how modular construction and engineered bamboo can help address the Philippine ...",youtube.com,Google Alert - modular construction,https://www.youtube.com/watch?v=JI-A4U3B1K4,,,,"tag:google.com,2013:googlealerts/feed:15179906638967577965",
2026-09-29,(rss),2026-09-29 04:19:53,News 12 | Hudson Valley | Storm Related Power Outages Causes Yonkers Middle High ...,Saw Mill River Parkway reopens after fallen tree blocks lanes in Dobbs Ferry. A storm-related power outage forced Yonkers Middle High School to ...,hudsonvalley.news12.com,Google Alert - saw mill closure,https://hudsonvalley.news12.com/2026/09/28/storm-related-power-outages-causes-yonkers-middle-high-school-to-close-monday/IWNZrRgKX0Kw9QaWm1UOU,,,,"tag:google.com,2013:googlealerts/feed:10700078275421350310",
2026-09-29,(rss),2026-09-29 17:24:55,Maximo Wood Expands East Texas Availability Through Cassity Jones Building Supply,"... market . Maximo Wood . September 29, 2026. Maximo Ayous Cassity Jones ... Maximo Wood Partners with Lee Roy Jordan Lumber for Dallas Distribution.",lbmjournal.com,Google Alert - lumber market,https://www.lbmjournal.com/industry-news/distribution/press-release/15836172/maximo-wood-maximo-wood-expands-east-texas-availability-through-cassity-jones-building-supply,,,,"tag:google.com,2013:googlealerts/feed:9700203699775677286",
2026-09-29,(rss),2026-09-29 13:05:40,US softwood sawn timber exports hold 3.9% above 2025 as Canada and Caribbean gains ...,Market Analysis • U.S. Census Trade Data US softwood sawn timber exports hold 3.9% above 2025 as Canada and Caribbean gains offset Asia weakness ...,fordaq.com,Google Alert - lumber market,https://www.fordaq.com/news/USsoftwoodlumberexports_USsoftwoodsawntimber_127089.html,,,,"tag:google.com,2013:googlealerts/feed:8918472241269487818",
2026-09-29,(rss),2026-09-29 02:06:18,New Zealand: Port Nelson log exports jump 66% after windthrow salvage | Fordaq News,The next question for the timber market is how quickly log throughput normalises after the windthrow harvest and whether other wood-product flows ...,fordaq.com,Google Alert - lumber market,https://www.fordaq.com/news/New_Zealand_Port_Nelson_log_127034.html,,,,"tag:google.com,2013:googlealerts/feed:12445530369715383833",
2026-09-29,(rss),2026-09-29 18:59:55,Maryland Log Truck Driver Chokes on a Drink One Mile Into His Run Behind the Wheel of an ...,"Gene Breeden turned his loaded log truck onto U.S. 301 North from Route 213 on Maryland's Eastern Shore, lifted a can to his mouth, ...",yahoo.com,Google Alert - logging truck,https://www.yahoo.com/news/us/articles/watch-maryland-log-truck-driver-185234394.html,,,,"tag:google.com,2013:googlealerts/feed:9257251916396923986",
2026-09-29,(rss),2026-09-29 18:45:14,FMCSA denies ELD exemption | More in-state dyed-diesel relief | Overdrive,... logging device requirements for certain truck drivers. The Federation of Professional Truckers (FOPT) earlier this year petitioned the Federal ...,overdriveonline.com,Google Alert - logging truck,https://www.overdriveonline.com/electronic-logging-devices/article/15836197/fmcsa-denies-eld-exemption-more-instate-dyeddiesel-relief,,,,"tag:google.com,2013:googlealerts/feed:14702547785846912996",
2026-09-29,(rss),2026-09-29 15:42:17,FMCSA denies group's request to allow truck drivers to use paper logbooks instead of ELDs,The Federal Motor Carrier Safety Administration (FMCSA) denied a group's request for relief from electronic logging device (ELD) requirements. On.,cdllife.com,Google Alert - logging truck,https://cdllife.com/2026/fmcsa-denies-groups-request-to-allow-truck-drivers-to-use-paper-logbooks-instead-of-elds/?amp,,,,"tag:google.com,2013:googlealerts/feed:723293067218231704",
2026-09-29,(rss),2026-09-29 20:31:34,The Future of Timber Homes Could Fit Inside a Shipping Container - Wood Central,"“For housing production to scale and respond to demand, capacity must adapt to industry realities rather than forcing the industry to adapt,” Claypool ...",woodcentral.com.au,Google Alert - logging industry,https://woodcentral.com.au/robotic-micro-factory-auar/,,,,"tag:google.com,2013:googlealerts/feed:11293715449704156027",
2026-09-29,(rss),2026-09-29 19:42:27,Concerns over upcoming provincial snap election prompt grassroots old-growth rally - Castanet.net,"... forestry industry . “We are experiencing a reckoning in B.C.'s forests and timber industry after a century of unsustainable logging,” he said. “The ...",castanet.net,Google Alert - logging industry,https://www.castanet.net/news/Nelson/632802/Concerns-over-upcoming-provincial-snap-election-prompt-grassroots-old-growth-rally,,,,"tag:google.com,2013:googlealerts/feed:9326255906058555848",
2026-09-29,(rss),2026-09-29 14:18:50,Inside IKEA's quest for sustainable wood - Reuters,... industry standards. Advertisement · Scroll to continue. Mikhail Tarasov is Inter ...,reuters.com,Google Alert - logging industry,https://www.reuters.com/sustainability/land-use-biodiversity/inside-ikeas-quest-sustainable-wood--ecmii-2026-09-29/,,,,"tag:google.com,2013:googlealerts/feed:13254279072950965777",
2026-09-29,(rss),2026-09-29 14:16:15,Türkiye signs government protocol to expand wood construction | Fordaq News,It will also support the wider use of wooden buildings across Türkiye and the development of technical capacity in the timber -construction sector .,fordaq.com,Google Alert - logging industry,https://www.fordaq.com/news/T%C3%BCrkiye_signs_government_protocol_to_127059.html,,,,"tag:google.com,2013:googlealerts/feed:15089253640086514591",
2026-09-29,(rss),2026-09-29 12:05:13,BLM appeals a judge's order to halt logging project over old-growth protections,"The council is an industry group that represents timber companies , including Springfield-based Rosboro, which had bought two of the timber sales in ...",lookouteugene-springfield.com,Google Alert - logging industry,https://lookouteugene-springfield.com/story/environment/2026/09/29/blm-appeals-a-judges-order-to-halt-logging-project-over-old-growth-protections/,,,,"tag:google.com,2013:googlealerts/feed:4619467935443537098",
2026-09-29,(rss),2026-09-29 07:32:02,"A Wisconsin family will keep owning and logging nearly 1,800 forest acres while a $1.6 ...",Gropp also pointed to the connection between the forest and the local timber industry . Wood products from the property have gone directly to White ...,timesofindia.indiatimes.com,Google Alert - logging industry,https://timesofindia.indiatimes.com/world/us/a-wisconsin-family-will-keep-owning-and-logging-nearly-1800-forest-acres-while-a-1-6-million-deal-permanently-blocks-development-and-opens-almost-1500-acres-to-hikers-hunters-and-anglers/articleshow/134556850.cms,,,,"tag:google.com,2013:googlealerts/feed:10308154378096228521",
2026-09-29,(rss),2026-09-29 07:12:46,"More than 120,000 units of forestry equipment connected to ERA-GLONASS","Data on vehicle movement is transmitted to the FGIS Forestry Complex for timber transportation control ... In Russia, vehicles of the timber industry ...",www1.ru,Google Alert - logging industry,https://www1.ru/en/news/2026/09/29/438971-k-era-glonass-podkliucili-bolee-120-tysiac-edinic-lesnoi-texniki.html,,,,"tag:google.com,2013:googlealerts/feed:3294156270152942170",
2026-09-29,(rss),2026-09-29 03:34:18,Lumber Days returns for second year | Entertainment | shorelinemedia.net,"Logging · Beer Garden · Michigan · Logging Camp · Timber Industry · Mason County, Michigan · Big Sable Point Light. More Lifestyle. EntertainmentGames ...",shorelinemedia.net,Google Alert - logging industry,https://www.shorelinemedia.net/ludington_daily_news/lifestyle/entertainment/lumber-days-returns-for-second-year/article_88aab8e8-a654-4374-bdfe-d451e55d7738.html,,,,"tag:google.com,2013:googlealerts/feed:13215877790288309856",
2026-09-29,(rss),2026-09-29 00:06:13,China wood -processing profits fall 38% in January - August 2026 | Fordaq News,The furniture-manufacturing sector recorded an even larger fall in profitability. NBS reported January–August furniture- industry profit of RMB 7.58 ...,fordaq.com,Google Alert - logging industry,https://www.fordaq.com/news/China_wood-processing_profits_fall_38_127010.html,,,,"tag:google.com,2013:googlealerts/feed:1858697721378548516",
2026-09-29,(rss),2026-09-28 23:24:20,BCCFA Indicators Report 2026 Released - Wood Business - Canadian Forest Industries,"Relative to the amount of timber harvested, these community forests generated approximately 74 per cent more forestry , logging , and support services ...",woodbusiness.ca,Google Alert - logging industry,https://www.woodbusiness.ca/bccfa-indicators-report-2026-released/,,,,"tag:google.com,2013:googlealerts/feed:1540923147762793298",
2026-09-29,(rss),2026-09-29 20:16:44,Canada's first major LNG export terminal plans to double its capacity - The Independent,The multinational owners of Canada's first large-scale liquefied natural gas export terminal have agreed to a C$33 billion expansion in British ...,independent.co.uk,Google Alert - log export,https://www.independent.co.uk/news/british-columbia-mark-carney-vancouver-united-states-britain-b3058583.html,,,,"tag:google.com,2013:googlealerts/feed:3655967299973420071",
2026-09-29,(rss),2026-09-29 20:14:12,Canada's first major LNG export terminal plans to double its capacity - WINK News,Log In Using Your Account. Log In. Don't have an account? Sign Up Today ... The multinational owners of Canada's first large-scale liquefied natural gas ...,winknews.com,Google Alert - log export,https://www.winknews.com/news/international/canada-s-first-major-lng-export-terminal-plans-to-double-its-capacity/article_d690bd67-0680-50ec-8d3a-d6d528ea7b39.html,,,,"tag:google.com,2013:googlealerts/feed:1451709847192245908",
2026-09-29,(rss),2026-09-29 19:53:25,Ontario is reviving its threat to cut electricity exports to the US. What does that mean?,That's why it has long-term export contracts to supply electricity to ... Offer. Log In. You are logged in. Switch accounts. Secure transaction ...,caledonianrecord.com,Google Alert - log export,https://www.caledonianrecord.com/ontario-is-reviving-its-threat-to-cut-electricity-exports-to-the-us-what-does-that/article_167614b3-021b-53ce-85c7-0baa37f60f1a.html,,,,"tag:google.com,2013:googlealerts/feed:8474271679614914094",
2026-09-29,(rss),2026-09-29 15:07:55,TC Energy's Coastal GasLink to proceed after LNG Canada decision - The Globe and Mail,"Log in or create a free account to listen to this article. TC Energy ... export facility in Kitimat, British Columbia. Tight global markets ...",theglobeandmail.com,Google Alert - log export,https://www.theglobeandmail.com/business/industry-news/energy-and-resources/article-tc-energy-coastal-gaslink-lng-canada-decision/,,,,"tag:google.com,2013:googlealerts/feed:16615897563018906527",
2026-09-29,(rss),2026-09-29 14:45:43,CBP pilot to test electronic truck export manifests - TT - Transport Topics,"Log In; Log Out. Sort: Publish Date: Most Recent to Oldest, Publish Date ... Customs and Border Protection will launch a two-year pilot program Oct. 23 ...",ttnews.com,Google Alert - log export,https://www.ttnews.com/articles/cbp-truck-export-manifests,,,,"tag:google.com,2013:googlealerts/feed:2384339934798290167",
2026-09-29,(rss),2026-09-29 12:52:56,"MIHAS 2026 Delivers RM6.78 Billion In Sales, Expanding Opportunities For Malaysian ...",Log In · Dashboard; Logout. My Account; Dashboard; Profile; Saved items ... export opportunities beyond the exhibition floor. Under the MADANI ...,voiceofalexandria.com,Google Alert - log export,https://www.voiceofalexandria.com/news/national_business_news/mihas-2026-delivers-rm6-78-billion-in-sales-expanding-opportunities-for-malaysian-businesses-and-smes/article_e15c3144-31a3-56a2-9316-23731ef99147.html,,,,"tag:google.com,2013:googlealerts/feed:6246470215242367704",
2026-09-29,(rss),2026-09-29 09:51:57,Davao agri products log P3.41B - SunStar,DURIAN DEAL IN CHINA: Representatives of Raspina Tropical Fruits Inc. and Zhongshou Zhongxin (Guangxi) Import and Export Trading Ltd. sign a sales ...,sunstar.com.ph,Google Alert - log export,https://www.sunstar.com.ph/davao/davao-agri-products-log-p341b,,,,"tag:google.com,2013:googlealerts/feed:16817419458775025107",
2026-09-29,(rss),2026-09-29 08:52:47,Fluor Joint Venture Selected for LNG Canada Phase 2 Expansion Following Final ...,"Log In · Dashboard; Logout. My Account; Dashboard; Profile; Saved items; Logout ... export facility in Kitimat, British Columbia. The joint venture ...",voiceofalexandria.com,Google Alert - log export,https://www.voiceofalexandria.com/news/national_business_news/fluor-joint-venture-selected-for-lng-canada-phase-2-expansion-following-final-investment-decision/article_208ac57d-c432-568d-8106-7886442381ab.html,,,,"tag:google.com,2013:googlealerts/feed:4305574074580476421",
2026-09-29,(rss),2026-09-29 07:29:27,"Shell-led LNG Canada greenlights Phase 2 expansion, doubling export capacity",... export capacity from 14 mtpa to roughly 28 mtpa ... Multiple User names and Passwords for simultaneous log -ins. ➕. Intranet ...,miningweekly.com,Google Alert - log export,https://www.miningweekly.com/article/shell-led-lng-canada-greenlights-phase-2-expansion-doubling-export-capacity-2026-09-29,,,,"tag:google.com,2013:googlealerts/feed:5058938127922039816",
2026-09-29,(rss),2026-09-29 01:32:29,Trump announcing a new Iowa steel plant - Boston Herald,"... Log in. Sign up for email newsletters. Sign Up · Boston Herald · National ... Export -Import Bank of the United States, Iowa Attorney General Brenna ...",bostonherald.com,Google Alert - log export,https://www.bostonherald.com/2026/09/28/trump-steel-plant-announcement/,,,,"tag:google.com,2013:googlealerts/feed:11187605300213671377",
2026-09-29,(rss),2026-09-29 01:09:03,Regulator finalizes Sabine Pass LNG expansion environmental study | State | kten.com,"Log In · Dashboard; Logout. My ... Houston-based Cheniere, which now produces about 30 million tons of LNG a year at the Cameron Parish export ...",kten.com,Google Alert - log export,https://www.kten.com/news/state/regulator-finalizes-sabine-pass-lng-expansion-environmental-study/article_85db1dba-8f3b-5ac3-806d-9f5861ce85e7.html,,,,"tag:google.com,2013:googlealerts/feed:1063207959466692681",
2026-09-29,(rss),2026-09-29 00:36:41,"Largest-ever U.S. steel plant coming to Iowa, White House says - The Gazette","Log In · Dashboard; Logout. My Account; Dashboard; Profile; Saved items ... Export -Import Bank of the United States, listen in the Oval Office of ...",thegazette.com,Google Alert - log export,https://www.thegazette.com/news/state/largest-ever-u-s-steel-plant-coming-to-iowa-white-house-says/article_67899b0c-1946-4803-9ad8-e5e350afd89c.html,,,,"tag:google.com,2013:googlealerts/feed:2697331696266237051",
2026-09-29,(rss),2026-09-29 00:06:23,Photo gallery: Iowa steel plant announcement from the White House | | thegazette.com,"Log In · Dashboard; Logout. My Account; Dashboard; Profile; Saved items ... Export -Import Bank of the United States, Iowa Attorney General Brenna ...",thegazette.com,Google Alert - log export,https://www.thegazette.com/photo-gallery-iowa-steel-plant-announcement-from-the-white-house/collection_09c6b716-1379-4f8b-88f3-a4d72bd9c160.html,,,,"tag:google.com,2013:googlealerts/feed:5701116847655441479",
2026-09-29,(rss),2026-09-28 23:58:58,Friends of the Tompkins County Public Library Fall Book Sale returns October 10th,Log In · Dashboard; Logout. My Account. My Account; Dashboard; Profile ... White House Weighs Temporary Diesel Export Ban as Prices Surge. 5 mins ...,weny.com,Google Alert - log export,https://www.weny.com/friends-of-the-tompkins-county-public-library-fall-book-sale-returns-october-10th/video_fcc335f0-0144-5e6a-bf96-8ad4ada98648.html,,,,"tag:google.com,2013:googlealerts/feed:14608302759128183814",
2026-09-29,(rss),2026-09-28 22:17:23,Trump announces a new $15B Iowa steel plant and claims it will be the nation's biggest,"Log In Using Your Account. Log In. Don't have an account? Sign Up Today ... Export -Import Bank of the United States, Iowa Attorney General ...",dailyadvance.com,Google Alert - log export,https://www.dailyadvance.com/news/national/trump-announces-a-new-15b-iowa-steel-plant-and-claims-it-will-be-the-nations/article_4635705b-102b-5c00-8f30-28111325c257.html,,,,"tag:google.com,2013:googlealerts/feed:18331189161994368078",
2026-09-29,(rss),2026-09-28 22:16:04,Trump Could Lower Diesel Prices—but Gas Could Get More Expensive - Investopedia,Please fill out this field. Log In; My Account. Log Out. Newsletters ... An export ban could relieve some of the upward pressure on inflation ...,investopedia.com,Google Alert - log export,https://www.investopedia.com/what-would-happen-if-the-us-banned-diesel-exports-12140965,,,,"tag:google.com,2013:googlealerts/feed:15183598797678095983",
2026-09-29,(rss),2026-09-29 18:06:27,US Secures Hardwood Lumber a Place on China's Tariff Relief List - Wood Central,"Hardwood-faced plywood, laminated veneer lumber , and temperate hardwood face veneer each have their own lines on China's list. Chinese sawmills and ...",woodcentral.com.au,Google Alert - laminated veneer lumber,https://woodcentral.com.au/china-tariff-list-hardwood-lumber/,,,,"tag:google.com,2013:googlealerts/feed:11175410513718515020",
2026-09-29,(rss),2026-09-29 20:44:53,Catching the Light: Taking the Pulse of Puerto Rico's Forests - NASA Science,This panoramic view shows Guánica Forest from the top of the National Ecological Observatory Network (NEON) tower. NASA/Petya Campbell. Glowing ...,science.nasa.gov,Google Alert - forestry,https://science.nasa.gov/blogs/notes-from-the-field/2026/09/29/catching-the-light-taking-the-pulse-of-puerto-ricos-forests/,,,,"tag:google.com,2013:googlealerts/feed:11059325561124881626",
2026-09-29,(rss),2026-09-29 19:31:05,"Deputies rescue 2 hunters from forest south of Hibbing, sheriff says - CBS News",Two hunters lost in a northeastern Minnesota forest were rescued Monday night with the help of ATV-riding deputies and a drone.,cbsnews.com,Google Alert - forestry,https://www.cbsnews.com/minnesota/news/hibbing-minnesota-hunters-rescued-st-louis-county-sheriff/,,,,"tag:google.com,2013:googlealerts/feed:1014236051665785587",
2026-09-29,(rss),2026-09-29 17:27:32,Team Update - Forests & Wildlife - September 2026 - Sierra Club,"Team Update - Forests & Wildlife - September 2026. September 29, 2026. Forests and Wildlife. Endangered Species Act Updates! Since 1973 ...",sierraclub.org,Google Alert - forestry,https://www.sierraclub.org/minnesota/blog/2026/09/team-update-forests-wildlife-september-2026,,,,"tag:google.com,2013:googlealerts/feed:18438774550276367334",
2026-09-29,(rss),2026-09-29 16:54:19,"Drivers, Socio-Economic Consequences, and Community Attitudes Toward Forest ...","Drivers, Socio-Economic Consequences, and Community Attitudes Toward Forest Conservation amid Deforestation in Sardauna Local Government Area, Taraba ...",journals.eanso.org,Google Alert - forestry,https://journals.eanso.org/index.php/eajfa/article/view/5884,,,,"tag:google.com,2013:googlealerts/feed:9548267984729247252",
2026-09-29,(rss),2026-09-29 16:32:16,"Agriculture and Forestry – September 29, 2026 - In Committee from the Senate of Canada","Agriculture and Forestry – September 29, 2026. CPAC broadcasts all televised committee meetings from Parliament's upper house, the Senate, ...",cpac.ca,Google Alert - forestry,https://www.cpac.ca/in-committee-from-the-senate-of-canada/episode/agriculture-and-forestry--september-29-2026?id=5ef4a8b0-d577-4d46-9da0-982b99ea9474,,,,"tag:google.com,2013:googlealerts/feed:8002236031411536595",
2026-09-29,(rss),2026-09-29 16:24:37,The Forest Service is poised to hand off one of the West's most visited landscapes,"Pitkin County, Colorado, will take over management of the Maroon Bells scenic area, following Forest Service budget cuts and staffing cuts.",hcn.org,Google Alert - forestry,https://www.hcn.org/articles/the-forest-service-is-poised-to-hand-off-one-of-the-wests-most-visited-landscapes/,,,,"tag:google.com,2013:googlealerts/feed:17226067685855415045",
2026-09-29,(rss),2026-09-29 16:05:33,A 279-foot wind turbine blade riding tilted toward the sky came down on its own truck when ...,"... Forest S-curve, and a month later the blades are rolling up the same ... On August 27, one of those machines was working its way up the L 131, a ...",autonocion.com,Google Alert - forestry,https://www.autonocion.com/us/wind-turbine-279-foot-blade-lifter-black-forest/,,,,"tag:google.com,2013:googlealerts/feed:7534854457911268248",
2026-09-29,(rss),2026-09-29 15:28:22,Indonesia should have a seat at new forest firefighting fund - Asia Times,Two American charities recently announced a new fund to fight forest fires. They want to raise US$100 million to help countries find fires faster ...,asiatimes.com,Google Alert - forestry,https://asiatimes.com/2026/09/indonesia-should-have-a-seat-at-new-forest-firefighting-fund/,,,,"tag:google.com,2013:googlealerts/feed:461638589314234089",
2026-09-29,(rss),2026-09-29 14:56:21,Addressing forest degradation at the regional scale requires agreement on how to measure it - OTCA,"A forest can remain standing and still lose biodiversity, its capacity to store carbon, regulate water and provide other ecosystem services.",otca.org,Google Alert - forestry,https://otca.org/en/forest-degradation-monitoring/,,,,"tag:google.com,2013:googlealerts/feed:11500634418152612255",
2026-09-29,(rss),2026-09-29 17:18:33,CME Cash Market Summary - StoneX,"Forest Products · CME Cash Market Summary. Daily CME spot dairy market price summary. Dairy Team - Chicago Mon, 28 Sep 2026, 15 ...",stonex.com,Google Alert - forest products,https://www.stonex.com/en/insights/cme-cash-market-summary-2026-09-29/,,,,"tag:google.com,2013:googlealerts/feed:9994982730601605382",
2026-09-29,(rss),2026-09-29 16:55:03,Wood for the Trees Shows the Untapped Potential of American Hardwood,"Meanwhile, Salamanca Lumber Company and Granite Valley Forest Products joined the four sawmills credited with donating timber for Copenhagen.",woodcentral.com.au,Google Alert - forest products,https://woodcentral.com.au/no-1-common-hardwood-london/,,,,"tag:google.com,2013:googlealerts/feed:15590523155535370967",
2026-09-29,(rss),2026-09-29 15:31:41,California Board of Forestry and Fire Protection Visits the Central Sierra to Highlight Forest ...,"His presentation highlighted biomass utilization opportunities, innovative forest products , and private-sector approaches to developing markets for ...",ledger.news,Google Alert - forest products,https://www.ledger.news/roots/california-board-of-forestry-and-fire-protection-visits-the-central-sierra-to-highlight-forest-health/article_cef438fe-6ae8-4cb4-a1f2-3cde6508b307.html,,,,"tag:google.com,2013:googlealerts/feed:6896870457778057770",
2026-09-29,(rss),2026-09-29 15:06:52,Euroports Group announces agreement for A.P. Moller Capital to acquire a majority stake,"The company handles more than 70 million tpy of bulk, breakbulk, and liquid bulk cargo, including fertilisers, agribulk, sugar, fruit, forest products ...",drybulkmagazine.com,Google Alert - forest products,https://www.drybulkmagazine.com/dry-bulk/29092026/ap-mller-capital-to-acquire-majority-stake-in-euroports/,,,,"tag:google.com,2013:googlealerts/feed:16467545308278058597",
2026-09-29,(rss),2026-09-29 14:06:56,LP Building Solutions Expands LP® SmartSide® Trim & Siding Distribution ... - Rutland Herald,"Thomas Forest Products , Minot Builders Supply, Palmer-Donavin, Sherwood Lumber Company, Taiga Building Products, Wausau Supply Co., Weyerhaeuser, and ...",rutlandherald.com,Google Alert - forest products,https://www.rutlandherald.com/news/business/lp-building-solutions-expands-lp-smartside-trim-siding-distribution-network-bringing-full-portfolio-to-customers/article_15bd8094-affa-5a27-991f-38007eb9d0e9.html,,,,"tag:google.com,2013:googlealerts/feed:14855954121929248655",
2026-09-29,(rss),2026-09-29 13:42:39,Western Forest Products Inc. Revenue Breakdown – HAN:NWF0 - TradingView,See Western Forest Products Inc. revenue breakdown by source and country: learn where the money comes from to better understand how the company ...,tradingview.com,Google Alert - forest products,https://www.tradingview.com/symbols/HAN-NWF0/financials-segments/,,,,"tag:google.com,2013:googlealerts/feed:16106796276240886377",
2026-09-29,(rss),2026-09-29 13:04:45,Canada is SC's 3rd-largest export market. 'It's too early' to gauge impact of tariffs.,"Forest product exports fell by more than $1 billion last year, to $555 million, and the S.C. Forestry Commission is predicting further declines ...",scdailygazette.com,Google Alert - forest products,https://scdailygazette.com/2026/09/29/canada-is-scs-3rd-largest-export-market-its-too-early-to-gauge-impact-of-tariffs/,,,,"tag:google.com,2013:googlealerts/feed:21610140406593957",
2026-09-29,(rss),2026-09-29 12:10:00,Forest River Park Models Debuts New 2027 Floorplans - RV PRO,Forest River Park Models is introducing two new floorplans ... products built to capture attention and appeal to today's outdoor-focused buyers.,rv-pro.com,Google Alert - forest products,https://rv-pro.com/news/forest-river-park-models-debuts-new-2027-floorplans/,,,,"tag:google.com,2013:googlealerts/feed:11379261501036278963",
2026-09-29,(rss),2026-09-29 12:01:19,China's Soybean Imports Climb 5% as Global Demand Shifts - AgroLatam,"China's soybean purchases stand out within a broader increase in agricultural commodity imports. Imports of crops, fertilizers and forest products ...",agrolatam.com,Google Alert - forest products,https://www.agrolatam.com/usa/news/china-soybean-imports-demand-2026/,,,,"tag:google.com,2013:googlealerts/feed:6042093337862335560",
2026-09-29,(rss),2026-09-29 10:53:56,COFI Announces The 2026 Forestry Scholarship Recipients - Canadian Biomass Magazine,"... products used here at home and around the world. Career opportunities span the full forestry value chain, including forest management ...",canadianbiomassmagazine.ca,Google Alert - forest products,https://www.canadianbiomassmagazine.ca/cofi-announces-the-2026-forestry-scholarship-recipients/,,,,"tag:google.com,2013:googlealerts/feed:13145105566253853100",
2026-09-29,(rss),2026-09-29 10:25:10,Amazon-leased property in Renton sells as part of $81 million portfolio deal,"The property, which is leased to Sierra Forest Products , has an assessed value of $26.7 million. The third property, a 124,973-square-foot ...",bizjournals.com,Google Alert - forest products,https://www.bizjournals.com/seattle/news/2026/09/28/amazon-blackstone-infill-industrial-property-deal.html,,,,"tag:google.com,2013:googlealerts/feed:9281466116883412162",
2026-09-29,(rss),2026-09-29 09:01:50,Tour the proposed Great Lakes Basin conservation project - State of Michigan,Timber and Forest Products Advisory Council · Trails Advisory Council · Upper Peninsula Citizens' Advisory Councils · Upper Peninsula Habitat ...,michigan.gov,Google Alert - forest products,https://www.michigan.gov/dnr/about/newsroom/releases/2026/09/28/tour-the-proposed-great-lakes-basin-conservation-project,,,,"tag:google.com,2013:googlealerts/feed:8377933778580944913",
2026-09-29,(rss),2026-09-29 07:36:48,Russian Timber Testing Behind Australia's Plasterboard | Wood Central,"That is according to the Australian Forest Products Association, whose ... Exterior Products Interior Products Structural Products.",woodcentral.com.au,Google Alert - forest products,https://woodcentral.com.au/russian-timber-testing-homes/,,,,"tag:google.com,2013:googlealerts/feed:4366114127564971384",
2026-09-29,(rss),2026-09-29 05:17:43,China's metal-heavy commodity imports map a messy energy transition | Reuters,"China's imports of crops, fertilizers and forest products posted a 7% increase during January to August from the year before, to just over 149 million ...",reuters.com,Google Alert - forest products,https://www.reuters.com/commentary/reuters-open-interest/chinas-metal-heavy-commodity-imports-map-messy-energy-transition-2026-09-29/,,,,"tag:google.com,2013:googlealerts/feed:10353857908483327510",
2026-09-29,(rss),2026-09-29 04:07:51,1 dead after workplace incident at Canfor Southern Pine facility in Axis - FOX10 News,"The company says OSHA has been notified about the accident, per protocols. The facility manufactures forest products and wood. Copyright 2026 WALA.",fox10tv.com,Google Alert - forest products,https://www.fox10tv.com/2026/09/28/1-dead-after-workplace-incident-canfor-southern-pine-facility-axis/,,,,"tag:google.com,2013:googlealerts/feed:16098507694501652811",
2026-09-29,(rss),2026-09-29 21:10:44,"PIB India on X: ""India showcases Forest and Landscape Restoration Initiatives at COFO 28 ...","... management , climate action and resilient forest landscapes at the Twenty-eighth S ... management , climate action and resilient forest landscapes ...",x.com,Google Alert - forest management,https://x.com/PIB_India/status/2104794576196456550,,,,"tag:google.com,2013:googlealerts/feed:4240730917398906176",
2026-09-29,(rss),2026-09-29 20:30:07,Young forest surveyor carries green legacy forward in N China's Arxan - People's Daily,"With measuring equipment in hand, An Zhengxin, a forest surveyor at the forest resources management center of Arxan Forest Industry Co., Ltd., entered ...",en.people.cn,Google Alert - forest management,https://en.people.cn/n3/2026/0929/c90000-20504800.html,,,,"tag:google.com,2013:googlealerts/feed:11737802615891161654",
2026-09-29,(rss),2026-09-29 19:02:32,CAA: Will the leaf show be less this year? | SteamboatToday.com,... forest management goals. You can contact them at 970.879.0475. Share ... Sign up for daily and breaking news headlines or manage your current settings.,steamboatpilot.com,Google Alert - forest management,https://www.steamboatpilot.com/news/caa-will-the-leaf-show-be-less-this-year/,,,,"tag:google.com,2013:googlealerts/feed:13960932162801607738",
2026-09-29,(rss),2026-09-29 18:14:14,"Commissioner Upthegrove: It's Time to Give Conservation a Financial Value, Not Just an ...",... Forests information released Commissioner of Public Lands Dave Upthegrove recently announced an updated vision for conservation and the management ...,lakechelannow.com,Google Alert - forest management,https://lakechelannow.com/commissioner-upthegrove-its-time-to-give-conservation-a-financial-value-not-just-an-ecological-one/,,,,"tag:google.com,2013:googlealerts/feed:14269524159271180793",
2026-09-29,(rss),2026-09-29 18:02:36,"Final Workshop of the CBE4I Project - Wuppertal Institut für Klima, Umwelt, Energie","The system has been designed to use low-cost biomass residues: In Central Europe, these include in particular residues from forest management ; in ...",wupperinst.org,Google Alert - forest management,https://wupperinst.org/en/a/wi/a/s/ad/9443/,,,,"tag:google.com,2013:googlealerts/feed:3101136405896267206",
2026-09-29,(rss),2026-09-29 17:27:00,Prescribed Fire in Dense Forests - The Lookout,"Crews used backing fire, headfire, flanking fire, and previously blackened areas to manage fire behavior. Late summer improved consumption of heavy ...",the-lookout.org,Google Alert - forest management,https://the-lookout.org/2026/09/29/prescribed-fire-in-dense-forests/,,,,"tag:google.com,2013:googlealerts/feed:3792811292223408078",
2026-09-29,(rss),2026-09-29 16:37:47,FSC at CBD COP17 - Forest Stewardship Council,"It offers an opportunity to show how responsible forest management can support action on the ground, including biodiversity protection. As countries ...",fsc.org,Google Alert - forest management,https://fsc.org/en/fsc-at-cbd-cop17-0,,,,"tag:google.com,2013:googlealerts/feed:3141365178720764465",
2026-09-29,(rss),2026-09-29 16:08:08,Rio Grande National Forest | A Partnership in Practice,"The Platoro Cabins served as an essential work center for maintenance, fire suppression and other forest management activities on the Rio Grande ...",fs.usda.gov,Google Alert - forest management,https://www.fs.usda.gov/r02/riogrande/newsroom/stories/partnership-practice,,,,"tag:google.com,2013:googlealerts/feed:9393466530342858677",
2026-09-29,(rss),2026-09-29 14:49:42,News release: Take a scenic fall color drive through Minnesota's state forests - MN DNR,"... forest , complete with trails. Ripple River Wildlife Management Area contains aspen forests with wildlife like thundering grouse, secretive black ...",dnr.state.mn.us,Google Alert - forest management,https://www.dnr.state.mn.us/news/2026/09/29/take-scenic-fall-color-drive-through-minnesotas-state-forests,,,,"tag:google.com,2013:googlealerts/feed:6245498958921448445",
2026-09-29,(rss),2026-09-29 13:10:50,Jessica Turner Named President and CEO of the Theodore Roosevelt Conservation Partnership,Our firefighters and land managers need the ability to perform active forest management at a pace that reflects the urgency of the current threat.,trcp.org,Google Alert - forest management,https://www.trcp.org/2026/09/29/jessica-turner-named-president-and-ceo-of-the-theodore-roosevelt-conservation-partnership/,,,,"tag:google.com,2013:googlealerts/feed:7304674228923297480",
2026-09-29,(rss),2026-09-29 11:23:22,They're your forests ! Share ideas on state forest planning. - Daily Press,... Management Unit Open House. The DNR's Forest Resources Division is asking for public input online or at our public Open House. Go to the MI State ...,dailypress.net,Google Alert - forest management,https://www.dailypress.net/news/local-news/2026/09/theyre-your-forests-share-ideas-on-state-forest-planning/,,,,"tag:google.com,2013:googlealerts/feed:17477329540422250602",
2026-09-29,(rss),2026-09-29 15:40:51,No interference from landowner over Ruahine Forest Park access | The Post,A landowner and the Manawatū District Council have been found to have not impeded public access to Ruahine Forest Park via an unformed legal road ...,thepost.co.nz,Google Alert - forest landowner,https://www.thepost.co.nz/nz-news/361088922/no-interference-landowner-over-ruahine-forest-park-access,,,,"tag:google.com,2013:googlealerts/feed:10938329961231184039",
2026-09-29,(rss),2026-09-29 08:56:18,"From the early 1900s to 1945, a New York landowner planted up to 55000 trees a year","Roosevelt purchased his first saplings in 1912, the year he was appointed chairman of the New York Senate's Forestry Committee, according to the ...",timesofindia.indiatimes.com,Google Alert - forest landowner,https://timesofindia.indiatimes.com/world/us/from-the-early-1900s-to-1945-a-new-york-landowner-planted-up-to-55000-trees-a-year-the-experiments-helped-shape-americas-tree-planting-programs/articleshow/134537801.cms,,,,"tag:google.com,2013:googlealerts/feed:13384678309405808439",
2026-09-29,(rss),2026-09-29 05:15:30,The issue of overlapping forest land in Yen Xuan commune needs clarification. - Vietnam.vn,"... forest land to land for perennial crops, and the landowner has built a boundary wall to protect the land. The discrepancies between these records ...",vietnam.vn,Google Alert - forest landowner,https://www.vietnam.vn/en/can-lam-ro-viec-chong-lan-dat-rung-tai-xa-yen-xuan,,,,"tag:google.com,2013:googlealerts/feed:16179309327992792771",
2026-09-29,(rss),2026-09-28 23:11:58,Immigration project provides legal services - YouTube,"Go to channel Virginia Forest Landowner Education Program. Killing Tree of Heaven: Why, How & When. Virginia Forest Landowner Education Program•192K ...",youtube.com,Google Alert - forest landowner,https://www.youtube.com/watch?v=mdr_BWmPFM8,,,,"tag:google.com,2013:googlealerts/feed:3110826314028770018",
2026-09-29,(rss),2026-09-28 22:30:54,DNR Planning Two Prescribed Burns Totaling 453 Acres in Klickitat County,Forest Landowner Fish Passage Initiative (FloFish). Close Engineering ... Close Small Forest Landowners submenuSmall Forest Landowners .,dnr.wa.gov,Google Alert - forest landowner,https://dnr.wa.gov/news/2026/dnr-planning-two-prescribed-burns-totaling-453-acres-klickitat-county,,,,"tag:google.com,2013:googlealerts/feed:14250644453333244356",
2026-09-29,(rss),2026-09-29 21:32:20,"Governor Newsom signs legislation to accelerate wildfire prevention projects, strengthen fire ...","California continues to make historic investments in wildfire resilience, including forest health , prescribed fire, community hardening, home ...",gov.ca.gov,Google Alert - forest health,https://www.gov.ca.gov/2026/09/29/governor-newsom-signs-legislation-to-accelerate-wildfire-prevention-projects-strengthen-fire-response-and-harden-communities-against-future-disasters/,,,,"tag:google.com,2013:googlealerts/feed:2600908138112420639",
2026-09-29,(rss),2026-09-29 21:24:18,Six Rivers forest burns start this week in Northern California | Local | kdrv.com,... Forest Health Project in and around the town of Orleans. The district will also conduct suppression repair pile burning at the Boise Fire and Red ...,kdrv.com,Google Alert - forest health,https://www.kdrv.com/news/local/six-rivers-forest-burns-start-this-week-in-northern-california/article_5533822c-6881-4b25-83da-89f640ccbb2a.html,,,,"tag:google.com,2013:googlealerts/feed:5582252445042228830",
2026-09-29,(rss),2026-09-29 19:32:49,Mass DCR update on Asian Longhorned Beetle in CMass - Spectrum News,"Mass DCR Forest Health Specialist Felicia Hubacz spoke with Spectrum News on the status of the eradication effort, ""We haven't found an Asian ...",spectrumnews1.com,Google Alert - forest health,https://spectrumnews1.com/ma/worcester/news/2026/09/29/asian-longhorned-beetle-mass-dcr-eradication,,,,"tag:google.com,2013:googlealerts/feed:4264713551810084453",
2026-09-29,(rss),2026-09-29 18:13:23,Smoke may be visible as crews plan Coggins Park burn near Whiskeytown - KRCR,"— Fire crews plan to conduct a prescribed burn in the Coggins Park area Wednesday, Sept. 30, to reduce hazardous vegetation and improve forest health ...",krcrtv.com,Google Alert - forest health,https://krcrtv.com/news/local/smoke-may-be-visible-as-crews-plan-coggins-park-burn-near-whiskeytown,,,,"tag:google.com,2013:googlealerts/feed:10123150974111272149",
2026-09-29,(rss),2026-09-29 17:17:19,Prescribed Burns Planned Throughout the Six Rivers National Forest Through November,"Humboldt County, Orleans Community Fuels Reduction and Forest Health Project, in and around the town of Orleans; Suppression Repair Pile Burning ...",lostcoastoutpost.com,Google Alert - forest health,https://lostcoastoutpost.com/2026/sep/29/prescribes-burns-planned-throughout-six-rivers-nat/,,,,"tag:google.com,2013:googlealerts/feed:11682034724142732471",
2026-09-29,(rss),2026-09-29 13:52:44,Mill A School logging ceases | News | columbiagorgenews.com,"... forest. According to the report, its primary objective, therefore, was forest health and long-term stand stewardship, not maximum short-term ...",columbiagorgenews.com,Google Alert - forest health,https://www.columbiagorgenews.com/news/mill-a-school-logging-ceases/article_ab3be548-2855-401d-9df9-f39c95910aab.html,,,,"tag:google.com,2013:googlealerts/feed:11589076812545152934",
2026-09-29,(rss),2026-09-29 09:52:12,Soil Health Tour Thorndale Demonstration Farm - Upper Thames River Conservation Authority,Soil Health Tour Thorndale Demonstration Farm Our Upper Thames River ... London Forest Fest brings Family Fun to Westminster Ponds this ...,thamesriver.on.ca,Google Alert - forest health,https://thamesriver.on.ca/soil-health-tour-thorndale-demonstration-farm/,,,,"tag:google.com,2013:googlealerts/feed:5595491662677553959",
2026-09-29,(rss),2026-09-29 02:48:21,Flagstaff's Public Safety Needs: What Voters Should Know,"Now is our opportunity to increase forest health and wildland fire mitigation efforts, potentially having a positive impact on insurance rates and ...",flagstaffbusinessnews.com,Google Alert - forest health,https://www.flagstaffbusinessnews.com/flagstaffs-public-safety-needs-what-voters-should-know/,,,,"tag:google.com,2013:googlealerts/feed:8017093259268901549",
2026-09-29,(rss),2026-09-29 02:41:57,Forest conservation and indigenous political reservation: What level of representation is effective?,"... forest cover than never-reserved villages, while those with solely ... public health , water and sanitation, climate change. public health ...",ideasforindia.in,Google Alert - forest health,https://www.ideasforindia.in/topics/environment/forest-conservation-and-indigenous-political-reservation-what-level-of-representation-is-effective,,,,"tag:google.com,2013:googlealerts/feed:8165123044546988986",
2026-09-29,(rss),2026-09-29 01:16:37,Ochoco National Forest Prescribed Fire Notice - HEJ Project Area,Oregon Department of Forestry Fire Restrictions. Health Information. Smoke & Your Health · Protect Your Health · Minimizing Smoke Impacts.,centraloregonfire.org,Google Alert - forest health,https://centraloregonfire.org/2026/09/28/ochoco-national-forest-prescribed-fire-notice-hej-project-area/,,,,"tag:google.com,2013:googlealerts/feed:4965853564798332801",
2026-09-29,(rss),2026-09-29 01:05:07,Okanogan-Wenatchee National Forest | Fall prescribed fire and fuels reduction work to occur soon,"... forest health , and lowering the risk of severe wildfires. “Even after a smoky summer, prescribed fire is essential for maintaining healthy forests ...",fs.usda.gov,Google Alert - forest health,https://www.fs.usda.gov/r06/okanogan-wenatchee/newsroom/releases/fall-prescribed-fire-and-fuels-reduction-work-occur-soon,,,,"tag:google.com,2013:googlealerts/feed:15195973913799002072",
2026-09-29,(rss),2026-09-28 23:39:31,"Alert Center • NOTICE: Starting 10/19, Meyer Ranch Park will - Jefferson County","NOTICE: Starting 10/19, Meyer Ranch Park will be fully closed for forest health work. The closure is expected through spring 2027, weather permitting.",jeffco.us,Google Alert - forest health,https://www.jeffco.us/AlertCenter.aspx?AID=NOTICE-Starting-1019-Meyer-Ranch-Park-wi-2113,,,,"tag:google.com,2013:googlealerts/feed:322986387646551064",
2026-09-29,(rss),2026-09-28 23:04:24,Proposed Roadless Rule change could impact national forests in Georgia | News | wfxg.com,"The agency says changing the rule would give local forest managers more flexibility to address issues such as wildfire risk, forest health and timber ...",wfxg.com,Google Alert - forest health,https://www.wfxg.com/news/proposed-roadless-rule-change-could-impact-national-forests-in-georgia/article_8ac60fac-5a3d-49e8-afde-315e6c573920.html,,,,"tag:google.com,2013:googlealerts/feed:11673984771285766422",
2026-09-29,(rss),2026-09-29 13:46:34,Japanese Cedar Holds Up Korea's Prize-Winning Whale-Watching Hub - Wood Central,"Seoul practice Gansam has since begun the country's first timber high-rise, a 13-storey apartment tower whose cross - laminated timber walls and floors, ...",woodcentral.com.au,Google Alert - cross laminated timber,https://woodcentral.com.au/korea-wooden-architecture-award/,,,,"tag:google.com,2013:googlealerts/feed:181906610833328898",
2026-09-29,(rss),2026-09-29 13:14:25,2026 HCD Conference + Expo Preview: Meet The Breaking Through Competition ...,"... glulam and cross - laminated timber ( CLT ) superstructure through dry, all-wood connections. This keeps the architecture lightweight, repairable, and ...",healthcaredesignmagazine.com,Google Alert - cross laminated timber,https://healthcaredesignmagazine.com/trends/2026-hcd-conference-expo-preview-meet-the-breaking-through-competition-semifinalists-part-1/165755/,,,,"tag:google.com,2013:googlealerts/feed:1151314559857982813",
2026-09-29,(rss),2026-09-29 12:41:15,Stora Enso plans to close Gruvön CLT production by end-2026 | Fordaq News,Stora Enso has started employee negotiations over a plan to stop cross - laminated timber production at its Gruvön site in Sweden and concentrate the ...,fordaq.com,Google Alert - cross laminated timber,https://www.fordaq.com/news/Stora_Enso_plans_to_close_127093.html,,,,"tag:google.com,2013:googlealerts/feed:11284024835216899450",
2026-09-29,(rss),2026-09-29 09:41:58,Stora Enso plans to shut down CLT production at Gruvön - MarketScreener,"Forest products company Stora Enso plans to shut down cross - laminated timber , CLT , production at the Gruvön sawmill in Sweden at the end of 2026 ...",marketscreener.com,Google Alert - cross laminated timber,https://www.marketscreener.com/news/stora-enso-plans-to-shut-down-clt-production-at-gruvon-ce785addda80f127,,,,"tag:google.com,2013:googlealerts/feed:1784494816978413686",
2026-09-29,(rss),2026-09-29 08:37:04,FPA shortlisted for London Construction Award for mass timber fire safety research,... timber buildings with exposed Cross Laminated Timber ( CLT ) surfaces. Mass timber is increasingly recognised as an important material in supporting ...,thefpa.co.uk,Google Alert - cross laminated timber,https://www.thefpa.co.uk/news/fpa-shortlisted-for-london-construction-award-for-mass-timber-fire-safety-research,,,,"tag:google.com,2013:googlealerts/feed:9649604145556296747",
2026-09-29,(rss),2026-09-29 00:05:34,Helsinki Design Week Innovations: Carbon-Negative Tiles - freeyork,"Architect Pekka Airaxin's new company, Kainuu, specializes in cross - laminated timber summer houses. This sustainable model consolidates design ...",freeyork.org,Google Alert - cross laminated timber,https://freeyork.org/design/helsinki-design-week-innovations-helsinkis-bold-de/,,,,"tag:google.com,2013:googlealerts/feed:14099815405747905684",
2026-09-29,(rss),2026-09-28 23:41:24,Waste isn't just a problem — It's an economic opportunity | Architecture & Design,NeXTimber Cross Laminated Timber ( CLT ) and Glue Laminated Timber (GLT) formed the structural core for Mount Gambier's Li...,architectureanddesign.com.au,Google Alert - cross laminated timber,https://www.architectureanddesign.com.au/editorial/sustainability/waste-isnt-just-a-problem-its-an-economic-opportunity,,,,"tag:google.com,2013:googlealerts/feed:18235929708660245791",
2026-09-29,(rss),2026-09-29 04:02:35,The State of the World's Forests 2026: Restoring forests and landscapes - ReliefWeb,"SOFO 2026 report focuses on forest and landscape restoration . During ... Collaborative Partnership on Forests , describing it as providing the ...",reliefweb.int,Google Alert - collaborative forest landscape restoration,https://reliefweb.int/report/world/state-worlds-forests-2026-restoring-forests-and-landscapes-way-forward-sustainable-future,,,,"tag:google.com,2013:googlealerts/feed:16572633672756495866",
2026-09-29,(rss),2026-09-29 19:31:53,Cotierra Raises $3M in Funding - FinSMEs,"... Carbon Removal Partners, with participation from Zürcher Kantonalbank ... Carbon Drawdown Initiative · Carbon Removal Partners · Cotierra · GOTA ...",finsmes.com,Google Alert - carbon drawdown,https://www.finsmes.com/2026/09/cotierra-raises-3m-in-funding.html,,,,"tag:google.com,2013:googlealerts/feed:351662803767219499",
2026-09-29,(rss),2026-09-29 15:54:58,Cotierra raises $3M to scale decentralised biochar across tropical agriculture - Tech.eu,"... into biochar close to where it is produced, helping farmers improve soil resilience while cutting supply-chain emissions and removing carbon .",tech.eu,Google Alert - carbon drawdown,https://tech.eu/2026/09/29/cotierra-raises-3m-to-scale-decentralised-biochar-across-tropical-agriculture/,,,,"tag:google.com,2013:googlealerts/feed:18081921704200950129",
2026-09-29,(rss),2026-09-29 11:35:03,Zurich climate technology firm raises $3M to boost farmer productivity and resilience through ...,"... Carbon Removal Partners, bringing together deep expertise across agricultural value chains and carbon removal. Zürcher Kantonalbank, Carbon Drawdown ...",farmersreviewafrica.com,Google Alert - carbon drawdown,https://farmersreviewafrica.com/zurich-climate-technology-firm-raises-3m-to-boost-farmer-productivity-and-resilience-through-decentralised-biochar/,,,,"tag:google.com,2013:googlealerts/feed:8704029641330031897",
2026-09-29,(rss),2026-09-29 05:22:43,Paulig's PINC co-leads $2.9M in Cotierra to strengthen coffee supply chain with biochar tech,"The round included participation from Zürcher Kantonalbank, Carbon Drawdown Initiative, better ventures, GOTA Ventures, Hungry4Impact and Triple ...",app.dealroom.co,Google Alert - carbon drawdown,https://app.dealroom.co/news/feed/paulig-s-pinc-co-leads-2-9m-in-cotierra-to-strengthen-coffee-supply-chain-with-biochar-tech,,,,"tag:google.com,2013:googlealerts/feed:11403426867537208753",
2026-09-29,(rss),2026-09-29 20:45:42,RFA launches premier Associate Membership to deepen industry collaboration,"The call for presentation abstracts for the 20th Annual International Biomass Conference & Expo, produced by Biomass Magazine, is now open. The ...",ethanolproducer.com,Google Alert - biomass,https://ethanolproducer.com/articles/rfa-launches-premier-associate-membership-to-deepen-industry-collaboration,,,,"tag:google.com,2013:googlealerts/feed:14881625583252915789",
2026-09-29,(rss),2026-09-29 20:18:04,Call for speaker abstracts now open for the 2027 International Biomass Conference & Expo,"Focused specifically on the production of biomass power and heat, wood pellets, biocarbon and biochar, biogas and renewable natural gas, sustainable ...",ethanolproducer.com,Google Alert - biomass,https://ethanolproducer.com/articles/call-for-speaker-abstracts-now-open-for-the-2027-international-biomass-conference-expo,,,,"tag:google.com,2013:googlealerts/feed:17846004878189041526",
2026-09-29,(rss),2026-09-29 19:22:56,FMD may drive charcoal boom - National - The Namibian,"... biomass . Vehicles moving from one farm to another are also expected to be cleaned and disinfected, with particular attention given to tyres and ...",namibian.com.na,Google Alert - biomass,https://www.namibian.com.na/fmd-may-drive-charcoal-boom/,,,,"tag:google.com,2013:googlealerts/feed:15947072186753340590",
2026-09-29,(rss),2026-09-29 17:16:34,Rowan researchers receive NSF grant to convert biomass into aviation fuel,"... biomass into jet fuel. The grant was awarded through NSF's Engineering Research Initiation (ERI) program, which supports engineering faculty at ...",today.rowan.edu,Google Alert - biomass,https://today.rowan.edu/news/2026/09/engineering-researchers-receive-nsf-grant-to-study-sustainable-aviation-fuel.html,,,,"tag:google.com,2013:googlealerts/feed:12665843251003820055",
2026-09-29,(rss),2026-09-29 16:50:11,React Foods raises funding to scale gas protein biomanufacturing,The biomass still requires further bioprocessing into ingredients before it can enter food products. ... React Foods is targeting the egg and whey ...,worldbiomarketinsights.com,Google Alert - biomass,http://worldbiomarketinsights.com/react-foods-raises-funding-to-scale-gas-protein-biomanufacturing/,,,,"tag:google.com,2013:googlealerts/feed:9617808455737929192",
2026-09-29,(rss),2026-09-29 16:39:24,Geminor expands certified biomass operations - ENDS Waste & Bioenergy,... biomass programme (SBP) producer certification in Norway. The certification enables Bøn to bring qualifying biomass from Norwegian contractors and ...,endswasteandbioenergy.com,Google Alert - biomass,https://www.endswasteandbioenergy.com/article/1971263/geminor-expands-certified-biomass-operations,,,,"tag:google.com,2013:googlealerts/feed:165767467007195853",
2026-09-29,(rss),2026-09-29 16:20:46,Fish gill-inspired aerogel tackles long-standing issue in solar desalination - Tech Xplore,"... biomass evaporator. Credit: Nano-Micro Letters (2026). DOI: 10.1007/s40820-026-02284-8. As freshwater scarcity becomes more prevalent, solar ...",techxplore.com,Google Alert - biomass,https://techxplore.com/news/2026-09-fish-gill-aerogel-tackles-issue.html,,,,"tag:google.com,2013:googlealerts/feed:15740605209296633383",
2026-09-29,(rss),2026-09-29 16:04:01,"In African lakes, microbes living on algae reduce a powerful greenhouse gas | EurekAlert!","... biomass .” To understand what regulates this oxidation, the scientific team carried out the largest study of its kind, taking 503 measurements in ...",eurekalert.org,Google Alert - biomass,https://www.eurekalert.org/news-releases/1145908,,,,"tag:google.com,2013:googlealerts/feed:15446337494671664075",
2026-09-29,(rss),2026-09-29 15:57:30,University of Florida Selects Myno Carbon for Innovative Sargassum-to-Biochar Water ...,"""Sargassum creates a significant challenge for coastal communities, but it also represents a biomass resource that may have beneficial environmental ...",morningstar.com,Google Alert - biomass,https://www.morningstar.com/news/pr-newswire/20260929sf54311/university-of-florida-selects-myno-carbon-for-innovative-sargassum-to-biochar-water-quality-research,,,,"tag:google.com,2013:googlealerts/feed:7918109859747675449",
2026-09-29,(rss),2026-09-29 14:36:48,"To solve northern power bottlenecks, future-proof the grid and UK's energy storage - Drax Global","Gas and biomass generation can also provide dispatchable power when the system needs it, helping to provide the reliability that consumers and ...",drax.com,Google Alert - biomass,https://www.drax.com/opinion/to-solve-northern-power-bottlenecks-future-proof-the-grid-and-uks-energy-storage/,,,,"tag:google.com,2013:googlealerts/feed:17045387155667334774",
2026-09-29,(rss),2026-09-29 14:18:40,"Long-term rewilding boosts bamboo biomass by 161%, study finds - BioEnergy Times","New Delhi: Long-term passive rewilding can significantly increase biomass and nutrient stocks in Moso bamboo forests, despite the removal of ...",bioenergytimes.com,Google Alert - biomass,https://bioenergytimes.com/long-term-rewilding-boosts-bamboo-biomass-by-161-study-finds/,,,,"tag:google.com,2013:googlealerts/feed:11070763697686995275",
2026-09-29,(rss),2026-09-29 14:15:44,Alder Renewables validates design for commercial scale-up of ARC from woody biomass ...,Alder's low-temperature process converts woody biomass pyrolysis oil into a transportable biocrude with low electricity demand and without requiring ...,hydrocarbonprocessing.com,Google Alert - biomass,https://www.hydrocarbonprocessing.com/news/2026/09/alder-renewables-validates-design-for-commercial-scale-up-of-arc-from-woody-biomass-pyrolysis-oil/,,,,"tag:google.com,2013:googlealerts/feed:5231204979198822066",
2026-09-29,(rss),2026-09-29 14:05:59,Climate change could redraw the map for a vital crop - AOL.com,“Chinese milk vetch is more than a winter cover crop. Its biomass directly affects how much biologically fixed nitrogen and organic carbon can be ...,aol.com,Google Alert - biomass,https://www.aol.com/articles/climate-change-could-redraw-map-131408000.html,,,,"tag:google.com,2013:googlealerts/feed:2429529787788469532",
2026-09-29,(rss),2026-09-29 13:38:33,U.S. Hemp Industry Explores Animal Feed for Surplus Biomass - DairyNews,U.S. hemp producers and researchers are examining animal feed as an outlet for surplus biomass and processing residues.,dairynews.today,Google Alert - biomass,https://dairynews.today/global/news/u_s_hemp_industry_explores_animal_feed_for_surplus_biomass_8617178.html,,,,"tag:google.com,2013:googlealerts/feed:1597270377131312050",
2026-09-29,(rss),2026-09-29 13:38:06,Fish gill-inspired aerogel tackles long-standing issue in solar desalination | EurekAlert!,"Novel biomass -based, low-cost material combines two natural salt-management strategies to maintain high performance even in highly concentrated ...",eurekalert.org,Google Alert - biomass,https://www.eurekalert.org/news-releases/1145821,,,,"tag:google.com,2013:googlealerts/feed:12708839508476359759",
2026-09-29,(rss),2026-09-29 13:14:29,Ineratec ERA T.H2 E-Fuels Project Launches in France,Ineratec unveils second e-fuels project in Normandy. ERA T.H2 will produce 13000 tonnes of sustainable fuel annually using wood biomass and green ...,fuelcellsworks.com,Google Alert - biomass,https://fuelcellsworks.com/2026/09/29/h2/ineratec-unveils-plans-for-second-e-fuels-project-in-france-with-offtaker-already-lined-up-era-t-h2-will-process-wood-biomass-and-green-hydrogen-into-13-000-tonnes-of-fuel-annually,,,,"tag:google.com,2013:googlealerts/feed:11110403317281911791",
2026-09-29,(rss),2026-09-29 20:40:46,Haffner Energy brings the cost of renewable diesel and SAF closer to that of fossil fuels with ...,"September 29, 2026. BY Haffner Energy . Haffner Energy launches SB-HEFA (Solid Biomass to HEFA), an innovative process for producing renewable ...",biomassmagazine.com,Google Alert - biomass energy,https://biomassmagazine.com/articles/haffner-energy-brings-the-cost-of-renewable-diesel-and-saf-closer-to-that-of-fossil-fuels-with-sb-hefa,,,,"tag:google.com,2013:googlealerts/feed:1733930966824481803",
2026-09-29,(rss),2026-09-29 16:39:25,Investor operator Pinta Energy acquires AD platform comprising seven plants,EWB Energy -from-Waste. Preview · Sign up. EWB Biomass -to- Energy . Preview · Sign up. EWB Biogas. Preview · Sign up. Text size A A A. Help & Information ...,endswasteandbioenergy.com,Google Alert - biomass energy,https://www.endswasteandbioenergy.com/article/1971265/investor-operator-pinta-energy-acquires-ad-platform-comprising-seven-plants,,,,"tag:google.com,2013:googlealerts/feed:1299876334868846466",
2026-09-29,(rss),2026-09-29 15:31:35,"NTT, JERA Cross and Docomo Launch Japan-First Hourly Matching Battery Trial",A chart displays monthly demand and energy allocation from solar and biomass sources during the demonstration period. NTT Anode Energy . NTT Anode ...,jp.ibtimes.com,Google Alert - biomass energy,https://jp.ibtimes.com/ntt-jera-cross-docomo-launch-japan-first-hourly-matching-battery-trial-104569,,,,"tag:google.com,2013:googlealerts/feed:11509332671220505685",
2026-09-29,(rss),2026-09-29 15:06:45,Iran threatens Gulf energy if US blockade remains | Latest Market News - Argus Media,"Biomass · Petroleum coke · Coal; Net zero. Net zero overview · Biofuels and ... Get concise, trustworthy and unbiased analysis of the latest trends and ...",argusmedia.com,Google Alert - biomass energy,https://www.argusmedia.com/news-and-insights/latest-market-news/2884324-iran-threatens-gulf-energy-if-us-blockade-remains,,,,"tag:google.com,2013:googlealerts/feed:4777922384228234684",
2026-09-29,(rss),2026-09-29 10:51:38,Virginia steam heat system set to fizzle out | Local | mesabitribune.com,... biomass operations as Xcel Energy said it was costing too much to buy biomass -produced energy from the two utilities. Hibbing Public Utilities has ...,virginiamn.com,Google Alert - biomass energy,https://www.virginiamn.com/news/local/virginia-steam-heat-system-set-to-fizzle-out/article_2a05797d-f0de-4b57-bb46-996febc72283.html,,,,"tag:google.com,2013:googlealerts/feed:18050524478493921324",
2026-09-29,(rss),2026-09-29 10:37:25,Biomass Black Pellets Market Report Analyzes Key Growth,"This historic growth has been propelled by rising demand for renewable energy , increased efforts to reduce carbon emissions, growing adoption of ...",openpr.com,Google Alert - biomass energy,https://www.openpr.com/news/4647410/biomass-black-pellets-market-report-analyzes-key-growth,,,,"tag:google.com,2013:googlealerts/feed:15532724849879009461",
2026-09-29,(rss),2026-09-29 08:49:33,Ex-NFU leader to head biomass taskforce - Politics.co.uk,"Sir Ben Gill, ex-president of the National Farmers Union, will head up a new taskforce investigating why biomass energy has failed to take off in ...",politics.co.uk,Google Alert - biomass energy,https://www.politics.co.uk/2004/10/ex-nfu-leader-to-head-biomass-taskforce/,,,,"tag:google.com,2013:googlealerts/feed:14393505800391742855",
2026-09-29,(rss),2026-09-29 08:09:02,CalBio expands South Dakota dairy RNG portfolio with acquisition - BioEnergy Times,"... Biomass Magazine reported. South Dakota Biogas LLC and UGI Energy Services (UGIES) hold ownership interests in MBL Bioenergy, a joint venture ...",bioenergytimes.com,Google Alert - biomass energy,https://bioenergytimes.com/calbio-expands-south-dakota-dairy-rng-portfolio-with-acquisition/,,,,"tag:google.com,2013:googlealerts/feed:11972309983789528517",
2026-09-29,(rss),2026-09-29 06:56:56,Waga Energy grows RNG output 31% as landfill gas portfolio expands - Bioenergy Insight,"The EU's revised Renewable Energy Directive (RED III) has embedded the cascading principle into binding law, mandating that woody biomass be used "" ...",bioenergy-news.com,Google Alert - biomass energy,https://www.bioenergy-news.com/news/waga-energy-grows-rng-output-31-as-landfill-gas-portfolio-expands/,,,,"tag:google.com,2013:googlealerts/feed:3473547850944154123",
2026-09-29,(rss),2026-09-29 06:31:26,Nord Gas Solutions to build Poland's first bioLNG plant - Bioenergy Insight Magazine,"The US Energy Information Administration's Monthly Densified Biomass Fuels Report shows domestic manufacturers produced approximately 950,000 tons of ...",bioenergy-news.com,Google Alert - biomass energy,https://www.bioenergy-news.com/news/nord-gas-solutions-to-build-polands-first-biolng-plant/,,,,"tag:google.com,2013:googlealerts/feed:4653056357203542053",
2026-09-29,(rss),2026-09-29 17:56:46,Volkswagen Truck & Bus ties CO₂ cuts to local energy mix | Automotive World,"Chaves cites Brazil's RenovaBio programme, under which certain biofuels can cut lifecycle CO₂ by up to 90% against fossil diesel. Dense cities are a ...",automotiveworld.com,Google Alert - biofuel,https://www.automotiveworld.com/news/volkswagen-truck-bus-ties-co%E2%82%82-cuts-to-local-energy-mix/,,,,"tag:google.com,2013:googlealerts/feed:16618643974897020137",
2026-09-29,(rss),2026-09-29 17:36:50,"""Gazprom Neft"": a certification system for aviation biofuels will appear in Russia | AKM EN","The Russian certification system will unite all participants in biofuel production: agricultural enterprises, suppliers and processors of vegetable ...",akm.ru,Google Alert - biofuel,https://www.akm.ru/eng/news/gazprom-neft-a-certification-system-for-aviation-biofuels-will-appear-in-russia/,,,,"tag:google.com,2013:googlealerts/feed:9708897587120892111",
2026-09-29,(rss),2026-09-29 16:06:22,'No Plans to Exceed 20% Ethanol Blending Currently': Union Minister Hardeep Singh Puri - YouTube,... biofuel blending target in April 2023. He added that the government currently has no immediate plans to increase ethanol blending beyond 20% and ...,youtube.com,Google Alert - biofuel,https://www.youtube.com/shorts/otJS6JnWNYw,,,,"tag:google.com,2013:googlealerts/feed:15652718731184314324",
2026-09-29,(rss),2026-09-29 14:53:56,"Ogun-Osun river basin, NNPC biofuels sign MoU for €256m bioethanol plant",The Ogun-Osun River Basin Development Authority and 3D NNPC Biofuels have signed an MoU to establish a €256m bioethanol plant in Lagos State.,punchng.com,Google Alert - biofuel,https://punchng.com/ogun-osun-river-basin-nnpc-biofuels-sign-mou-for-e256m-bioethanol-plant/,,,,"tag:google.com,2013:googlealerts/feed:12546256699038682796",
2026-09-29,(rss),2026-09-29 14:21:03,"SkyNRG selects Technip Energies, Sasol, and Topsoe for Project Wigeon FEED","Verbio on Sept. 24 announced the company produced a record 1.218 million metric tons of liquid biofuels and 1,410 gigawatt hours (GWh) of biomethane ...",biomassmagazine.com,Google Alert - biofuel,https://biomassmagazine.com/articles/skynrg-selects-technip-energies-sasol-and-topsoe-for-project-wigeon-feed,,,,"tag:google.com,2013:googlealerts/feed:10230205867370571911",
2026-09-29,(rss),2026-09-29 13:53:36,Nebraska's farmers and biofuel producers work together to fuel our nation. Good to ... - Forth.News,Nebraska's farmers and biofuel producers work together to fuel our nation. Good to meet with @GPREINC to discuss the 45Z tax credit and the ...,forth.news,Google Alert - biofuel,https://www.forth.news/lists/ussen-fischer/CfXqXfPynoeNpeLzpFTnR,,,,"tag:google.com,2013:googlealerts/feed:13842198907252572041",
2026-09-29,(rss),2026-09-29 13:35:41,Maersk dual-fuel vessel receives 100% bioethanol in Houston - engine.online,The bioethanol was sourced from US biofuel producer POET. Maersk is exploring the use of ethanol on its methanol-capable vessels to increase fuel ...,engine.online,Google Alert - biofuel,https://www.engine.online/news/maersk-dual-fuel-vessel-receives-100-pc-bioethanol-in-houston-81fa,,,,"tag:google.com,2013:googlealerts/feed:10375286378436460176",
2026-09-29,(rss),2026-09-29 12:30:37,Used Cooking Oil Theft Threatens Biofuel Feedstock Supply - RFD-TV,Used Cooking Oil Theft Threatens Biofuel Feedstock Supply. Hundreds of thefts have been reported as used cooking oil becomes more valuable for ...,rfdtv.com,Google Alert - biofuel,https://www.rfdtv.com/used-cooking-oil-theft-threatens-biofuel-feedstock-supply,,,,"tag:google.com,2013:googlealerts/feed:8312628417689876539",
2026-09-29,(rss),2026-09-29 11:57:32,USDA Targets Global Markets to Boost US Ethanol Exports - ChemAnalyst,... biofuel exports while creating additional markets for U.S. farmers. The accompanying Biofuels Roadmap calls for reducing or removing restrictions ...,chemanalyst.com,Google Alert - biofuel,https://www.chemanalyst.com/NewsAndDeals/NewsDetails/usda-targets-global-markets-to-boost-us-ethanol-exports-44722,,,,"tag:google.com,2013:googlealerts/feed:5086220700369103944",
2026-09-29,(rss),2026-09-29 11:15:58,Cottonwood County biofuel company fined more than $23000 for air permit violations,"The Minnesota Pollution Control Agency (MPCA) fined POET Biorefining , a biofuel company with a facility in in Bingham Lake, $23440 for violations ...",einnews.com,Google Alert - biofuel,https://www.einnews.com/pr_news/945881378/cottonwood-county-biofuel-company-fined-more-than-23-000-for-air-permit-violations,,,,"tag:google.com,2013:googlealerts/feed:11443140075689569542",
2026-09-29,(rss),2026-09-29 10:03:58,"Global diesel disruptions ripple through US refining, biofuel markets","Global diesel disruptions ripple through US refining, biofuel markets. in Oil & Companies News 29/09/2026. Global supply disruptions have propelled US ...",hellenicshippingnews.com,Google Alert - biofuel,https://www.hellenicshippingnews.com/global-diesel-disruptions-ripple-through-us-refining-biofuel-markets/,,,,"tag:google.com,2013:googlealerts/feed:5623763443199192177",
2026-09-29,(rss),2026-09-29 08:06:55,TMU Advances Microbial Biotechnology - QS GEN,... biofuel production to biomedical products and eco-friendly food packaging. A research team led by Associate Professor Shin-Ping Lin from the ...,qs-gen.com,Google Alert - biofuel,https://qs-gen.com/tmu-advances-microbial-biotechnology/,,,,"tag:google.com,2013:googlealerts/feed:16801343855607498669",
2026-09-29,(rss),2026-09-29 07:55:21,US Agriculture Secretary launches USDA's American Biofuels Trade Outlook,"The US Department of Agriculture (USDA)'s American Biofuels Trade Outlook was launched on 15 September, Ethanol Producer reported on the same day.",ofimagazine.com,Google Alert - biofuel,https://www.ofimagazine.com/news/us-agriculture-secretary-launches-usdas-american-biofuels-trade-outlook,,,,"tag:google.com,2013:googlealerts/feed:9720885546489185523",
2026-09-29,(rss),2026-09-29 06:29:19,BP weighs sale of Brazilian biofuel business - EnergyWatch,"BP is considering the future of its Brazilian biofuel business, bp bioenergy, including a possible sale, Bloomberg News reported, citing unnamed ...",energywatch.com,Google Alert - biofuel,https://energywatch.com/EnergyNews/Oil___Gas/article19687204.ece,,,,"tag:google.com,2013:googlealerts/feed:168013910412911131",
2026-09-29,(rss),2026-09-29 05:34:09,"BP weighs sale of Brazilian biofuels business, Bloomberg News reports | MarketScreener","BP is weighing options for its Brazilian biofuels business, including a potential sale, Bloomberg News reported on Monday, citing people familiar ...",marketscreener.com,Google Alert - biofuel,https://www.marketscreener.com/news/bp-weighs-sale-of-brazilian-biofuels-business-bloomberg-news-reports-ce785adcd18ff124,,,,"tag:google.com,2013:googlealerts/feed:3435417557778159384",
2026-09-29,(rss),2026-09-29 05:14:52,ASA Says China Soybean Commitments are Critical Amid Continued Tariffs,"While pursuing a more beneficial trade deal with China, protecting and growing our domestic biofuels markets remains critical to protect soybean ...",soygrowers.com,Google Alert - biofuel,https://soygrowers.com/news-releases/asa-says-china-soybean-commitments-are-critical-amid-continued-tariffs/,,,,"tag:google.com,2013:googlealerts/feed:15111812719891276664",
2026-09-29,(rss),2026-09-29 04:35:00,BP Considers Sale of Brazilian Biofuels Unit - Briefs Finance,"BP is assessing what to do with its Brazilian biofuels business, and a sale is one of the possibilities, according to people familiar with the ...",briefs.co,Google Alert - biofuel,https://www.briefs.co/news/bp-weighs-sale-of-brazilian-biofuels-arm-as-portfolio-refocu/,,,,"tag:google.com,2013:googlealerts/feed:3837054510313560934",
2026-09-29,(rss),2026-09-29 20:06:57,Três Tentos Agroindustrial: Strong growth and diversification fueled by ag expansion ...,... bioenergy .Original document: Tre ... Market opportunities are enhanced by agricultural expansion programs and rising global demand for food and ...,tradingview.com,Google Alert - bioenergy,https://www.tradingview.com/news/urn:summary_document_slides:quartr.com:4210178:0-tr-s-tentos-agroindustrial-strong-growth-and-diversification-fueled-by-ag-expansion-processing-and-renewable-fuels/,,,,"tag:google.com,2013:googlealerts/feed:17959417509656310281",
2026-09-29,(rss),2026-09-29 18:24:21,Reverion raises USD 175m to scale reversible fuel cell plants - Renewables Now,Sector. Bioenergy · Hydrogen ; Region/Country: Germany · Europe ; Topics. Deals ...,renewablesnow.com,Google Alert - bioenergy,https://renewablesnow.com/news/reverion-raises-usd-175m-to-scale-reversible-fuel-cell-plants-1302071/,,,,"tag:google.com,2013:googlealerts/feed:9178777711257575947",
2026-09-29,(rss),2026-09-29 12:26:27,BP Weighs Sale of Its Brazilian Ethanol and Sugar Unit - energynews.pro,"BP is reviewing options, including a sale, for its Brazilian sugar, ethanol and bioelectricity unit BP Bioenergy , according to Bloomberg News.",energynews.pro,Google Alert - bioenergy,https://energynews.pro/en/bp-weighs-sale-of-its-brazilian-ethanol-and-sugar-unit,,,,"tag:google.com,2013:googlealerts/feed:17690439975504225513",
2026-09-29,(rss),2026-09-29 12:01:13,California Bioenergy completes acquisition of South Dakota RNG,"USA - California Bioenergy LLC (CalBio) has completed the acquisition of Sevana Bioenergy's interest in South Dakota Biogas LLC, strengthening its ...",dairybusinessmea.com,Google Alert - bioenergy,https://dairybusinessmea.com/2026/09/29/california-bioenergy-completes-acquisition-of-south-dakota-rng/,,,,"tag:google.com,2013:googlealerts/feed:16143923728399180050",
2026-09-29,(rss),2026-09-29 09:19:43,Energy Transition in Brazil and the Role of Bioenergy with Carbon Capture and Storage,"... bioenergy production, especially ethanol, and geological storage ... Among carbon dioxide removal approaches assessed in the literature, Bioenergy with ...",scirp.org,Google Alert - bioenergy,https://www.scirp.org/journal/paperinformation?paperid=154266,,,,"tag:google.com,2013:googlealerts/feed:3681429352194544186",
2026-09-29,(rss),2026-09-28 23:06:45,"Avantium announces the start-up of its Flagship Plant, with the first batch of FDCA produced","Bioenergy International broke the news 16 hours ago on Monday, September 28, 2026. Sources are mostly out of ...",ground.news,Google Alert - bioenergy,https://ground.news/article/avantium-announces-the-start-up-of-its-flagship-plant-with-the-first-batch-of-fdca-produced,,,,"tag:google.com,2013:googlealerts/feed:3906418533311200187",
2026-09-29,(rss),2026-09-29 16:30:41,Study on the mechanical properties and durability of rice husk biochar and steel slag ...,"... biochar (RHB) (with addition ratios of 0%, 3%, 6%, 9%, and 12% by dry soil mass) on the mechanical strength and microstructure of cement soil ...",nature.com,Google Alert - biochar,https://www.nature.com/articles/s41598-026-70690-4,,,,"tag:google.com,2013:googlealerts/feed:4120923019188669476",
2026-09-29,(rss),2026-09-29 11:25:42,EASA: EU SAF usage surpasses 2% goal in 2025 - Biomass Magazine,Why the Next Biochar Markets Will Be Built Around Specifications. By Tristan Springer and John Bogil. 5 hours ago. Biochar Markets · Read More · XCF ...,biomassmagazine.com,Google Alert - biochar,https://biomassmagazine.com/articles/easa-eu-saf-usage-surpasses-2-goal-in-2025,,,,"tag:google.com,2013:googlealerts/feed:17108025563256044835",
2026-09-29,(rss),2026-09-29 10:48:37,Scientists Turned Spent Coffee Grounds Into Insulation - Food & Wine,Biochar is a charcoal-like material that's made by heating plant or other organic matter at very high temperatures with little or no oxygen. While it ...,foodandwine.com,Google Alert - biochar,https://www.foodandwine.com/spent-coffee-grounds-building-insulation-12134012,,,,"tag:google.com,2013:googlealerts/feed:15844525099503175003",
2026-09-29,(rss),2026-09-29 06:57:23,Untapped agribusiness potential beyond farm gate - Daily News Tanzania,"Crop residues can be processed into fertiliser, animal feed, biogas, biochar , fibres, construction materials and other products, creating additional ...",dailynews.co.tz,Google Alert - biochar,https://dailynews.co.tz/untapped-agribusiness-potential-beyond-farm-gate/,,,,"tag:google.com,2013:googlealerts/feed:2193054336986863266",
2026-09-29,(rss),2026-09-29 06:39:37,Combined Application of Waste-Derived Biochar and Plant Growth-Promoting Rhizobacteria ...,Biochar is a versatile circular bioeconomy product that converts waste biomass into a value-added soil resource [12]. It has also been used to reduce ...,mdpi.com,Google Alert - biochar,https://www.mdpi.com/2311-5637/12/10/457,,,,"tag:google.com,2013:googlealerts/feed:1799559503349777440",
2026-09-29,(rss),2026-09-29 05:34:44,Coffee giant Paulig backs biochar startup Cotierra in €2.6M round | Dealroom.co,"What's the deal? Cotierra, a Zurich-based climate technology com…",app.dealroom.co,Google Alert - biochar,https://app.dealroom.co/news/note/coffee-giant-paulig-backs-biochar-startup-cotierra-in-2-6m-round,,,,"tag:google.com,2013:googlealerts/feed:15341282880608941247",
2026-09-29,(rss),2026-09-29 05:21:08,Paulig's venture arm PINC co-leads €2.6 million investment in Cotierra to strengthen coffee ...,"... biochar systems for agricultural value chains. Biochar , a carbon-rich material produced from agricultural residues, can help improve soil health ...",news.cision.com,Google Alert - biochar,"https://news.cision.com/paulig/r/paulig-s-venture-arm-pinc-co-leads--2-6-million-investment-in-cotierra-to-strengthen-coffee-supply-c,c4401560",,,,"tag:google.com,2013:googlealerts/feed:17202491932802331200",
2026-09-29,(rss),2026-09-29 04:38:58,Eucalyptus Biomass: From Fire Risk to Soil Asset | Organic Materials Management,"In composting, adding biochar lowers greenhouse gas emissions while helping retain volatile nitrogen that would otherwise off-gas. Once applied to ...",ucanr.edu,Google Alert - biochar,https://ucanr.edu/blog/organic-materials-management/article/eucalyptus-biomass-fire-risk-soil-asset,,,,"tag:google.com,2013:googlealerts/feed:5743760172022481520",
2026-09-29,(rss),2026-09-28 23:03:43,"Concrete made with sewage-derived biochar gets stronger over time, study finds - HERALD",Biochar is a fine charcoal produced by heating organic matter with little or no oxygen. It has traditionally been used to enrich soil or to remediate ...,mbiz.heraldcorp.com,Google Alert - biochar,https://mbiz.heraldcorp.com/article/10885981,,,,"tag:google.com,2013:googlealerts/feed:6866917567552905980",
2026-09-29,(rss),2026-09-29 05:50:50,Enilive's HVOlution to power BWT Alpine Formula One Team logistics,"... biofuel development for top ... The science is proven, feedstocks are available and policy support for advanced biofuels continues to strengthen.",biofuels-news.com,Google Alert - advanced biofuel,https://biofuels-news.com/news/enilives-hvolution-to-power-bwt-alpine-formula-one-team-logistics/,,,,"tag:google.com,2013:googlealerts/feed:339438179987647524",
2026-09-29,(rss),2026-09-28 22:54:02,The pharmaceutical company AstraZeneca will use renewable HVO diesel supplied ... - HydroNews,"“This collaboration not only highlights the role of advanced biofuels in decarbonising energy production, but also sets a new benchmark for the ...",hydronews.it,Google Alert - advanced biofuel,https://www.hydronews.it/en/the-pharmaceutical-company-astrazeneca-will-use-renewable-hvo-diesel-supplied-by-ecoceres-at-its-plant-in-wuxi-china/,,,,"tag:google.com,2013:googlealerts/feed:514782940619610175",
