first_seen_date,keyword,pubDate,title,description,source_id,source_name,link,category,country,language,article_id,image_url
2026-10-05,(rss),2026-10-05 18:31:58,NEFF Supports YES on Question 6 in Massachusetts,NEFF supports the critical effort to increase investment in the conservation and stewardship of Massachusetts' forests and other natural lands. The post NEFF Supports YES on Question 6 in Massachusetts appeared first on New England Forestry Foundation .,newenglandforestry.org,New England Forestry Foundation,https://newenglandforestry.org/neff-supports-yes-on-question-6-in-massachusetts/,Conservation,,,https://newenglandforestry.org/?p=19629,
2026-10-05,(rss),2026-10-05 18:11:09,NEFF Featured in Ethan Tapper Video,NEFF is featured in a new video series that showcases sustainable forestry! The post NEFF Featured in Ethan Tapper Video appeared first on New England Forestry Foundation .,newenglandforestry.org,New England Forestry Foundation,https://newenglandforestry.org/neff-featured-in-ethan-tapper-video/,"Exemplary Forestry, Fun and Beautiful",,,https://newenglandforestry.org/?p=19625,
2026-10-05,(rss),2026-10-05 13:53:16,"Alfa Laval initiates full integration of Desmet to strengthen oils, fats and biofuel segments","Alfa Laval is initiating the process of fully integrating Desmet, bringing the two organizations and capabilities closer together as one strong global partner in process engineering solutions for the oils, fats and biofuel industries. Alfa Laval acquired Desmet in 2022, including the operational…",canadianbiomassmagazine.ca,Canadian Biomass Magazine,https://www.canadianbiomassmagazine.ca/alfa-laval-initiates-full-integration-of-desmet-to-strengthen-oils-fats-and-biofuel-segments/,"News, Alfa Laval, hum_taxonomy, hum_taxonomy->agricultural_and_food_systems, hum_taxonomy->agricultural_and_food_systems->biotechnology, hum_taxonomy->agricultural_and_food_systems->biotechnology->fermentation_technology, hum_taxonomy->food_and_beverage_industry, hum_taxonomy->food_and_beverage_industry->business_strategy, hum_taxonomy->food_and_beverage_industry->business_strategy->business_collaboration, hum_taxonomy->food_and_beverage_industry->business_strategy->business_merger, hum_taxonomy->food_and_beverage_industry->business_strategy->growth_strategy, hum_taxonomy->food_and_beverage_industry->business_strategy->market_expansion, hum_taxonomy->food_and_beverage_industry->business_strategy->transformation_program, hum_taxonomy->food_and_beverage_industry->entrepreneurship, hum_taxonomy->food_and_beverage_industry->entrepreneurship->networking_and_partnerships, hum_taxonomy->food_and_beverage_industry->product_development, hum_taxonomy->food_and_beverage_industry->product_development->product_lifecycle_management, hum_taxonomy->industrial_manufacturing, hum_taxonomy->industrial_manufacturing->digital_transformation, hum_taxonomy->industrial_manufacturing->digital_transformation->blockchain_technology",,,https://www.canadianbiomassmagazine.ca/?p=47900,
2026-10-05,(rss),2026-10-05 13:47:24,FPAC: Canada is wrapped up in red tape,"The volatility of the Canada-U.S. trade talks has marked a key moment for our country, a wake-up call if you will for Canada to challenge old economic assumptions and find new paths towards prosperity. One of those must be looking inward with greater urgency. As a country, we have real operating,…",canadianbiomassmagazine.ca,Canadian Biomass Magazine,https://www.canadianbiomassmagazine.ca/fpac-canada-is-wrapped-up-in-red-tape/,"News, forest products association of canada, fpac, hum_taxonomy, hum_taxonomy->agricultural_and_food_systems, hum_taxonomy->agricultural_and_food_systems->forestry, hum_taxonomy->agricultural_and_food_systems->forestry->deforestation, hum_taxonomy->agricultural_and_food_systems->forestry->forest_policy_and_economics, hum_taxonomy->agricultural_and_food_systems->forestry->reforestation, hum_taxonomy->food_and_beverage_industry, hum_taxonomy->food_and_beverage_industry->economic_conditions, hum_taxonomy->food_and_beverage_industry->economic_conditions->trade_policies, hum_taxonomy->food_and_beverage_industry->global_markets, hum_taxonomy->food_and_beverage_industry->global_markets->trade_agreements, hum_taxonomy->industrial_manufacturing, hum_taxonomy->industrial_manufacturing->global_trade, hum_taxonomy->industrial_manufacturing->global_trade->multinational_corporations, hum_taxonomy->industrial_manufacturing->wood_paper_products, hum_taxonomy->industrial_manufacturing->wood_paper_products->paper_industry, hum_taxonomy->industrial_manufacturing->wood_paper_products->softwood_products, hum_taxonomy->industrial_manufacturing->wood_paper_products->timber_industry, hum_taxonomy->resources_and_heavy_equipment, hum_taxonomy->resources_and_heavy_equipment->agricultural_and_forestry_equipment, hum_taxonomy->resources_and_heavy_equipment->agricultural_and_forestry_equipment->forestry_machinery",,,https://www.canadianbiomassmagazine.ca/?p=47897,
2026-10-05,(rss),2026-10-05 17:01:11,"U.S. Endowment Awards $500,000 To CTrees, Spatial Informatics Group","The U.S. Endowment for Forestry and Communities (the Endowment) has awarded $500,000 to CTrees and Spatial Informatics Group (SIG) through its Technology Solutions to Improve Forest Health and Forest Management initiative. CTrees will receive $300,000…",timberharvesting.com,Timber Harvesting Magazine,https://timberharvesting.com/u-s-endowment-awards-500000-to-ctrees-spatial-informatics-group/,News,,,https://timberharvesting.com/?p=12844,
2026-10-05,(rss),2026-10-05 15:24:39,James Jones & Sons launches $28m expansion at Moray timber site,"James Jones & Sons Limited (JJSL) has started work on a £21m ($27.7m) expansion project at its timber processing site in Mosstodloch, Moray. The post James Jones & Sons launches $28m expansion at Moray timber site appeared first on Timber Trades Journal .",ttjonline.com,Timber Trades Journal,https://www.ttjonline.com/news/james-jones-sons-expansion-moray/,News,,,https://www.ttjonline.com/news/james-jones-sons-expansion-moray/,
2026-10-05,(rss),2026-10-05 14:08:37,CFI Top 20 Under 40 winners: Olyvia Foster,Canadian Forest Industries interviewed all of the 2026 Top …,woodbusiness.ca,Wood Business,https://www.woodbusiness.ca/cfi-top-20-under-40-winners-olyvia-foster/,"Features, Ontario Woodlot Association, top 20 under 40, women in forestry",,,https://www.woodbusiness.ca/?p=109492,https://www.woodbusiness.ca/wp-content/uploads/2026/09/Olyvia-Foster-420x315.jpg
2026-10-05,(rss),2026-10-05 07:05:43,Accor expands into rental housing - realestatesource,Freecity says the project is expected to be the world's largest volumetric modular construction (VMC) building. The developer also recently ...,realestatesource.com.au,Google Alert - volumetric modular construction,https://www.realestatesource.com.au/accor-expands-into-rental-housing/,,,,"tag:google.com,2013:googlealerts/feed:12564306546448609417",
2026-10-05,(rss),2026-10-05 16:35:57,"U.S. Forest Service, Endowment launch free forest carbon data platform - Lesprom Network",The U.S. Forest Service and the U.S. Endowment for Forestry and Communities have launched the beta version of a free digital platform for U.S. ...,lesprom.com,Google Alert - US Endowment for Forestry and Communities,https://www.lesprom.com/en/news/U_S_Forest_Service_Endowment_launch_free_forest_carbon_data_platform_124580/,,,,"tag:google.com,2013:googlealerts/feed:17063323102277838285",
2026-10-05,(rss),2026-10-05 23:13:06,Lightning strikes start several fires in Tahoe National Forest | California News - KTVN,Forest Service firefighters engaged in fire suppression activities on five of the fires and have held each to less than an acre. They say that ...,ktvn.com,Google Alert - U.S. Forest Service,http://www.ktvn.com/news/california/lightning-strikes-start-several-fires-in-tahoe-national-forest/article_5d5d72f0-e00d-4b0f-bc90-ad335a730e57.html,,,,"tag:google.com,2013:googlealerts/feed:5426508447949107196",
2026-10-05,(rss),2026-10-05 23:12:44,Congressional Republicans Target Oregon Environmentalists - Willamette Week,"Hood National Forest—the site of one of the state's wildfires this ... U.S. Forest Service's staff. As a result, the commercial aspect of the ...",wweek.com,Google Alert - U.S. Forest Service,https://www.wweek.com/news/state/2026/10/05/congressional-republicans-target-oregon-environmentalists/,,,,"tag:google.com,2013:googlealerts/feed:3552245368539889391",
2026-10-05,(rss),2026-10-05 23:04:12,"Pursuit, Forest Service discuss tram proposal up Columbia Mountain - KPAX",The Flathead National Forest has received a proposal from Pursuit Attractions and Hospitality to build a tram taking passengers from Hungry Horse ...,kpax.com,Google Alert - U.S. Forest Service,https://www.kpax.com/news/local-news/flathead-county/pursuit-forest-service-discuss-tram-proposal-up-columbia-mountain,,,,"tag:google.com,2013:googlealerts/feed:18206328210197002259",
2026-10-05,(rss),2026-10-05 23:01:30,"Rep. Grijalva Statement on Border Patrol Raid Near Lochiel, Arizona","... U.S.-Mexico border near Lochiel, Arizona. This comes after a U.S. Forest Service announcement posted on its website – without any prior public ...",grijalva.house.gov,Google Alert - U.S. Forest Service,https://grijalva.house.gov/media/press-releases/rep-grijalva-statement-on-border-patrol-raid-near-lochiel-arizona,,,,"tag:google.com,2013:googlealerts/feed:13482674587677282612",
2026-10-05,(rss),2026-10-05 22:19:32,Prescribed burn planned near Jewel Cave later this week - KOTA Territory News,"The U.S. Forest Service plans a 1220-acre Schenk prescribed burn Oct. 8 southwest of Jewel Cave to reduce wildfire risk, pending favorable weather ...",kotatv.com,Google Alert - U.S. Forest Service,https://www.kotatv.com/2026/10/05/prescribed-burn-planned-near-jewel-cave-later-this-week/,,,,"tag:google.com,2013:googlealerts/feed:4264813437051811282",
2026-10-05,(rss),2026-10-05 21:54:35,U.S. Forest Service's roadless rule repeal threatens North Carolina's old-growth trees,President Trump has prioritized expanding timber production in the United States and ordered the U.S. Forest Service to increase logging.,bpr.org,Google Alert - U.S. Forest Service,https://www.bpr.org/2026-10-05/u-s-forest-services-roadless-rule-repeal-threatens-north-carolinas-old-growth-trees,,,,"tag:google.com,2013:googlealerts/feed:5823657708847353322",
2026-10-05,(rss),2026-10-05 21:37:44,Supreme Court case centers on battle over liability for climate change harms - WFAE,The Nantahala National Forest lies in the mountains and valleys of southwestern North Carolina. U.S. Forest Service's roadless rule repeal threatens ...,wfae.org,Google Alert - U.S. Forest Service,https://www.wfae.org/2026-10-05/supreme-court-case-centers-on-battle-over-liability-for-climate-change-harms?_amp=true,,,,"tag:google.com,2013:googlealerts/feed:2460307298395737592",
2026-10-05,(rss),2026-10-05 21:36:28,Just One Day Left to Tell the Forest Service : Keep the Roadless Rule,... national forest lands in America for 25 years. The Forest Service's proposal would remove those national protections from roughly 44.7 million ...,morethanjustparks.substack.com,Google Alert - U.S. Forest Service,https://morethanjustparks.substack.com/p/just-one-day-left-to-tell-the-forest,,,,"tag:google.com,2013:googlealerts/feed:6080921367113876506",
2026-10-05,(rss),2026-10-05 21:29:19,White River National Forest to conduct visitor satisfaction survey over the next year - Aspen Times,"The surveys will be conducted through Sept. 30, 2027. The National Visitor Use Monitoring survey is a Forest Service program designed to estimate how ...",aspentimes.com,Google Alert - U.S. Forest Service,https://www.aspentimes.com/news/white-river-national-forest-survey/,,,,"tag:google.com,2013:googlealerts/feed:14743205956253354133",
2026-10-05,(rss),2026-10-05 21:07:57,Forest Service and Idaho Department of Lands Expand Partnership | Local News,"Healthy forests mean resilient communities, and these agreements help us support both,” said Michiko Martin, Regional Forester, Southwest and ...",rexburgstandardjournal.com,Google Alert - U.S. Forest Service,https://www.rexburgstandardjournal.com/news/local/forest-service-and-idaho-department-of-lands-expand-partnership/article_9ab21fb4-b268-4add-9839-e3d3d694dd9e.html,,,,"tag:google.com,2013:googlealerts/feed:11250185970227639012",
2026-10-05,(rss),2026-10-05 20:50:33,FRA's 2026 Lake States Region Technical Writing Award Winner,"Scott accepted the award on behalf of himself and Matt Bumgardner, Research Forest Products Technologist with the USDA Forest Service Forest Products ...",forestresources.org,Google Alert - U.S. Forest Service,https://forestresources.org/resources/fras-2026-lake-states-region-technical-writing-award-winner/,,,,"tag:google.com,2013:googlealerts/feed:11301526582267559727",
2026-10-05,(rss),2026-10-05 20:38:53,New 20-year agreement boosts Idaho forest health projects | Local | idahostatejournal.com,New agreements with the U.S. Forest Service and Idaho Department of Lands will expand restoration projects and timber sales in the state. Idaho ...,idahostatejournal.com,Google Alert - U.S. Forest Service,https://www.idahostatejournal.com/news/local/statewide-forest-management-agreement-set-for-twenty-years/article_c4091826-c238-5810-8794-a10f2e080b3f.html,,,,"tag:google.com,2013:googlealerts/feed:6006964934552166650",
2026-10-05,(rss),2026-10-05 20:28:52,West Virginia forests at risk of logging - Mountain State Spotlight,A United States Forest Service spokesperson said the proposed Roadless Rule rescission would not make any changes to the existing Monongahela Forest ...,mountainstatespotlight.org,Google Alert - U.S. Forest Service,https://mountainstatespotlight.org/2026/10/05/roadless-rule/,,,,"tag:google.com,2013:googlealerts/feed:1131077129765683277",
2026-10-05,(rss),2026-10-05 20:01:57,208 Organizations and Businesses Urge USDA to Preserve the Road,"Dietz, M. S., et al. · USDA Forest Service , 2001 Roadless Area Conservation Rule Rescission Draft Environmental Impact Statement, 136 (August 20, 2026) ...",protectnps.org,Google Alert - U.S. Forest Service,https://protectnps.org/2026/10/05/49961/,,,,"tag:google.com,2013:googlealerts/feed:5043188171342775896",
2026-10-05,(rss),2026-10-05 19:59:16,U.S. Forest Service and U.S. Endowment for Forestry and Communities announce the ...,The Forest Service and U.S. Endowment for Forestry and Communities today announced the Beta launch of the Forestry Analytics for Carbon Tracking ...,fs.usda.gov,Google Alert - U.S. Forest Service,https://www.fs.usda.gov/about-agency/newsroom/releases/us-forest-service-and-us-endowment-forestry-and-communities-announce,,,,"tag:google.com,2013:googlealerts/feed:16166181332217772856",
2026-10-05,(rss),2026-10-05 19:50:14,Olympic National Forest | Road Work to Occur on NF‑2870,USDA logo Forest Service logo. Forest Service . U.S.D.A. U.S. Department of Agriculture. Menu. Olympic National Forest. close. Home; Visit. Alerts ...,fs.usda.gov,Google Alert - U.S. Forest Service,https://www.fs.usda.gov/r06/olympic/alerts/road-work-occur-nf-2870,,,,"tag:google.com,2013:googlealerts/feed:13602994314267605256",
2026-10-05,(rss),2026-10-05 19:28:40,Portion of Forest Service Road Closure Delayed to Oct. 9-11 for PG&E Grizzly Powerhouse ...,Cal Fire Awards 10 Million to Boost Forest Workforce Wildfire Resilience and Biomass Use in California · Lassen National Forest to lift fire ...,sierradailynews.com,Google Alert - U.S. Forest Service,https://www.sierradailynews.com/local/portion-of-forest-service-road-closure-delayed-to-oct-9-11-for-pge-grizzly-powerhouse-maintenance/,,,,"tag:google.com,2013:googlealerts/feed:13612181819386932229",
2026-10-05,(rss),2026-10-05 19:22:26,U.S. Department of Agriculture Proposes Eliminating the Roadless Rule,"On Aug. 24, 2026, the U.S. Department of Agriculture (USDA) proposed rescinding the U.S. Forest Service's 2001 Roadless Area Conservation Rule, ...",pew.org,Google Alert - U.S. Forest Service,https://www.pew.org/en/research-and-analysis/articles/2026/10/05/us-department-of-agriculture-proposes-eliminating-the-roadless-rule,,,,"tag:google.com,2013:googlealerts/feed:2169406207654572886",
2026-10-05,(rss),2026-10-05 19:01:24,"Walk in a Forest Targeted for ""Fuel Reduction"" Near Gold Hill - The Mountain-Ear","... National Forest five miles west of Gold Hill (10 miles west of Boulder) slated for ""fuel reduction"" by the U.S. Forest Service . Colorado's ...",themtnear.com,Google Alert - U.S. Forest Service,"http://themtnear.com/stories/walk-in-a-forest-targeted-for-fuel-reduction-near-gold-hill,110893",,,,"tag:google.com,2013:googlealerts/feed:2688779401162121247",
2026-10-05,(rss),2026-10-05 19:41:21,Mercer seeks capital infusion after deferring $25.8M interest payment - Tree Frog creative,... timber sale ; hundreds rallied at the BC Legislature calling for old-growth protections; and Mosaic opened three Vancouver Island backcountry gates ...,treefrogcreative.ca,Google Alert - timber sale,https://treefrogcreative.ca/mercer-seeks-capital-infusion-after-deferring-25-8m-interest-payment/,,,,"tag:google.com,2013:googlealerts/feed:7159833092952558996",
2026-10-05,(rss),2026-10-05 12:28:00,What to know before harvesting timber this fall - Merrill Foto News,"A landowner, forester, or logger can file it, though officials recommend spelling out ahead of time — ideally in a timber sale contract — who is ...",merrillfotonews.com,Google Alert - timber sale,"https://merrillfotonews.com/stories/what-to-know-before-harvesting-timber-this-fall,357610",,,,"tag:google.com,2013:googlealerts/feed:18073520844554084242",
2026-10-05,(rss),2026-10-05 11:17:32,See inside period home with 19th century features up for sale in Clare | Irish Independent,"The stone-built residence retains many original features, including its turret, arched windows, exposed stone walls, timber windows and doors, and ...",independent.ie,Google Alert - timber sale,https://www.independent.ie/county/clare/see-inside-period-home-with-19th-century-features-up-for-sale-in-clare/a/162454254.html,,,,"tag:google.com,2013:googlealerts/feed:470607627303913527",
2026-10-05,(rss),2026-10-05 07:05:27,An Oregon Timber Sale Just Drew a $7.8 Million Bid. A Retiree Can Sell Timber ... - 24/7 Wall St.,A Retiree Can Sell Timber Without Social Security Treating the Gain as Self-Employment Income. Selling timber while collecting Social Security can ...,247wallst.com,Google Alert - timber sale,https://247wallst.com/personal-finance/social-security/2026/10/04/an-oregon-timber-sale-just-drew-a-7-8-million-bid-a-retiree-can-sell-timber-without-social-security-treating-the-gain-as-self-employment-income/,,,,"tag:google.com,2013:googlealerts/feed:4013580394754107255",
2026-10-05,(rss),2026-10-05 06:02:36,Loggers start on timber sale near Baker City watershed | East Oregonian,"It is one of the larger timber sales on the district in the past 20 years or so. GOSSCO LLC of La Grande is the contractor, and trucks will haul logs ...",eastoregonian.com,Google Alert - timber sale,https://eastoregonian.com/2026/10/04/loggers-starting-on-timber-sale-near-baker-city-watershed/,,,,"tag:google.com,2013:googlealerts/feed:14133127880076259763",
2026-10-05,(rss),2026-10-05 00:24:59,Idaho is auctioning off 150 Christmas trees. Here's how to get one. | KSL.com,"The Sawtooth National Forest is offering the Pine Christmas Trees Timber Sale by oral auction at 11 a.m. on Oct. 6 at its headquarters, ...",ksl.com,Google Alert - timber sale,https://www.ksl.com/article//idaho-is-auctioning-off-150-christmas-trees-heres-how-to-get-one/51632234,,,,"tag:google.com,2013:googlealerts/feed:11520715447319509627",
2026-10-05,(rss),2026-10-05 14:36:30,MDF Board Manufacturing Plant Setup in India - IMARC Group,"Wood and resin together account for most of the operating cost, with thermal energy close behind, so timber sourcing and energy integration are the ...",imarcgroup.com,Google Alert - timber procurement,https://www.imarcgroup.com/insight/mdf-board-manufacturing-plant-setup-cost-india,,,,"tag:google.com,2013:googlealerts/feed:3276994223371811616",
2026-10-05,(rss),2026-10-05 22:43:31,US Lumber Slides From Its Wildfire High Despite Duties on Canada - Wood Central,"US lumber prices on the futures market settled at $526.50 per thousand board feet in early October, 14.5 per cent below a year earlier.",woodcentral.com.au,Google Alert - timber prices,https://woodcentral.com.au/us-lumber-prices-slide/,,,,"tag:google.com,2013:googlealerts/feed:854490807583294443",
2026-10-05,(rss),2026-10-05 19:41:21,Swift response needed as skyrocketing diesel prices hit forestry supply chain,Solid Wood: Lumber markets remain in reasonable balance given the raft of shuts over the past years. · Timber /Log: Log prices remain uneventful in most ...,treefrogcreative.ca,Google Alert - timber prices,https://treefrogcreative.ca/swift-response-needed-as-skyrocketing-diesel-prices-hit-forestry-supply-chain/,,,,"tag:google.com,2013:googlealerts/feed:7946086023331822185",
2026-10-05,(rss),2026-10-05 18:58:50,The 10 most stable housing markets in the US in 2026 - Quartz,Home prices swing wildly in certain U.S. metro areas. Construction Coverage pinpointed where buyers almost never lose money.,qz.com,Google Alert - timber prices,https://qz.com/home-price-stability-rankings-2026,,,,"tag:google.com,2013:googlealerts/feed:15430510089603751566",
2026-10-05,(rss),2026-10-05 18:36:42,10 US cities where new construction now costs less than resale homes - Quartz,A pale timber -sided new-construction house with fresh landscaping sits beside a sun. Illustration: Quartz. Shoppers walking through a brand-new ...,qz.com,Google Alert - timber prices,https://qz.com/new-vs-existing-home-prices-2026,,,,"tag:google.com,2013:googlealerts/feed:10862419495311353656",
2026-10-05,(rss),2026-10-05 14:55:43,BC- Lumber Futures | Nation/World - GazetteXtra,"NEW YORK (AP) — Prices as of 10:30:00 AM Monday, October 05.",gazettextra.com,Google Alert - timber prices,https://www.gazettextra.com/news/nation_world/bc-lumber-futures/article_0fd26852-49f6-563f-bc56-19698ba64c84.html,,,,"tag:google.com,2013:googlealerts/feed:11544340965139988087",
2026-10-05,(rss),2026-10-05 14:53:09,Beyond Lumber Price Headwinds: Rayonier (RYN) Delivers Outperformance Across Key Segments,"Despite solid operating results and cash flow, weakening lumber prices in August and September likely weighed on Rayonier's share price. Rising ...",finance.yahoo.com,Google Alert - timber prices,https://finance.yahoo.com/markets/stocks/articles/beyond-lumber-price-headwinds-rayonier-144600865.html,,,,"tag:google.com,2013:googlealerts/feed:11010718700131752307",
2026-10-05,(rss),2026-10-05 10:26:39,Reclaimed Lumber Market Gains Digital Momentum as EPA Awards - openPR.com,"... value of recovering large-dimension architectural timber from industrial structures. Market Segmentation Analysis -By application, flooring ...",openpr.com,Google Alert - timber prices,https://www.openpr.com/news/4651818/reclaimed-lumber-market-gains-digital-momentum-as-epa-awards,,,,"tag:google.com,2013:googlealerts/feed:12554622855618441744",
2026-10-05,(rss),2026-10-05 10:06:09,Week ahead Oct 5–11 features EU producer prices and Canada sawmill data,The week of October 5 – October 11 brings EU producer prices and Canada sawmill production to the calendar. ... Timber Markets · Lumber & Wood Panels ...,lesprom.com,Google Alert - timber prices,https://www.lesprom.com/en/news/Week_ahead_Oct_5_11_features_EU_producer_prices_and_Canada_sawmill_data_124576/,,,,"tag:google.com,2013:googlealerts/feed:1458368159441741066",
2026-10-05,(rss),2026-10-05 23:11:46,"U.S. manufacturing growth eases in September, ISM says - Lesprom Network",Market News Daily updates from across the forest products industry . Week ... Pallet timber . 16 mm x 90 mm x 3 m. 600 m3. Israel. 1 offer. Respond.,lesprom.com,Google Alert - timber industry,https://www.lesprom.com/en/news/U_S_manufacturing_growth_eases_in_September_ISM_says_124582/,,,,"tag:google.com,2013:googlealerts/feed:13473363588743061617",
2026-10-05,(rss),2026-10-05 22:22:32,CONNOR SPORTS® AND UPPER PENINSULA TIMBER INDUSTRY HOSTS NATURAL ...,"PRNewswire/ -- Connor Sports® today hosted a sustainable forestry education event here in partnership with the Forest Park (MI) School District, ...",prnewswire.com,Google Alert - timber industry,https://www.prnewswire.com/news-releases/connor-sports-and-upper-peninsula-timber-industry-hosts-natural-resources-educational-day-302898994.html,,,,"tag:google.com,2013:googlealerts/feed:12860958574539761431",
2026-10-05,(rss),2026-10-05 21:19:43,Millions of people enjoy West Virginia's national forests. Trump wants to open up logging ...,Primary Sector · Protected Areas · Trumpism · Landscape · Policy · Society Of The ... Timber Industry · Systems Ecology · Conservation Biology · Land ...,timeswv.com,Google Alert - timber industry,https://www.timeswv.com/news/west_virginia/millions-of-people-enjoy-west-virginia-s-national-forests-trump-wants-to-open-up-logging/article_a4377258-09de-4804-9d48-81b6b909d6da.html,,,,"tag:google.com,2013:googlealerts/feed:4353009157945968688",
2026-10-05,(rss),2026-10-05 21:10:49,"'Absolute Blow': After Nearly 50 Years, Hulett Family Sawmill To Shut Down","“This is an absolute blow” to a community with deep ties to Wyoming's timber industry , says Sen. Ogden Driskill. Renée Jean. October 05, 20268 min ...",cowboystatedaily.com,Google Alert - timber industry,https://cowboystatedaily.com/2026/10/05/absolute-blow-huletts-bearlodge-forest-products-to-close-pallet-mill-oct-31/,,,,"tag:google.com,2013:googlealerts/feed:12323722321671176249",
2026-10-05,(rss),2026-10-05 21:00:04,'It's a loss': Clancy's family-run Marks Lumber sawmill to close in 2027,112516-ir-nws-marks-1.JPG. A mill ...,helenair.com,Google Alert - timber industry,https://helenair.com/news/local/business/article_f3dee611-9f87-463b-b2e8-25815dfed649.html,,,,"tag:google.com,2013:googlealerts/feed:4624203867467882165",
2026-10-05,(rss),2026-10-05 20:50:34,FRA's 2026 Lake States Region Outstanding Logger Award Winner,"... forest products industry . Carl then welcomed Ray Higgins, Executive Vice President, Minnesota Timber Producers Association, to the podium. Ray ...",forestresources.org,Google Alert - timber industry,https://forestresources.org/resources/fras-2026-lake-states-region-outstanding-logger-award-winner/,,,,"tag:google.com,2013:googlealerts/feed:9618896543151682650",
2026-10-05,(rss),2026-10-05 19:28:21,Canadian Mills Cut Output as Senators Told US Cannot Be Replaced - Wood Central,"“The time has come for Canada to stop subsidising its lumber industry ,” US Lumber Coalition executive director Zoltan van Heyningen said in April ...",woodcentral.com.au,Google Alert - timber industry,https://woodcentral.com.au/canadian-lumber-production-falls/,,,,"tag:google.com,2013:googlealerts/feed:6027002513136672330",
2026-10-05,(rss),2026-10-05 17:22:26,UA-Monticello opens $17.5 million forest health research center,The university estimates the center could bring $157 million in annual economic benefits to Arkansas' forestry industry by helping protect trees and ...,nwaonline.com,Google Alert - timber industry,https://www.nwaonline.com/news/2026/oct/05/ua-monticello-opens-175-million-forest-health/,,,,"tag:google.com,2013:googlealerts/feed:6963723826494639306",
2026-10-05,(rss),2026-10-05 16:07:15,Bruce Westerman Weekly Column: Growing the Next Generation of Arkansas Forestry,"Rep. Bruce Westerman (AR-04). Because Arkansas relies so heavily on its multi-billion-dollar timber industry for economic success, ...",swark.today,Google Alert - timber industry,https://swark.today/articles/bruce-westerman-weekly-column-growing-the-next-generation-of-arkansas-forestry,,,,"tag:google.com,2013:googlealerts/feed:10065955842449495408",
2026-10-05,(rss),2026-10-05 15:23:01,Preliminary road closure agreement to help pave way for mill expansion - The SE Voice,AAM Timber has sought to purchase approximately 266m of the road which currently separates two parcels of land forming part of its timber processing ...,sevoice.com.au,Google Alert - timber industry,https://sevoice.com.au/preliminary-road-closure-agreement-to-help-pave-way-for-mill-expansion/,,,,"tag:google.com,2013:googlealerts/feed:10242417964463633853",
2026-10-05,(rss),2026-10-05 14:42:16,Priest River Museum: Timber Industry (museum exhibit) - Daily Kos,The Museum has a large collection of timber artifacts memorializing the town's heyday as a wide-open logging town. Priest River Museum Ojibwa Priest ...,dailykos.com,Google Alert - timber industry,https://www.dailykos.com/stories/2026/10/5/800106905/community/priest-river-museum-timber-industry-museum-exhibit/,,,,"tag:google.com,2013:googlealerts/feed:9908913218253194957",
2026-10-05,(rss),2026-10-05 14:08:19,Sumitomo Forestry Halves Build Times with New Timber Pods - Wood Central,"It comes as Japan's construction industry runs short of workers, with ... forestry , timber , and fibre. FOLLOW US. Facebook · Instagram · Twitter.",woodcentral.com.au,Google Alert - timber industry,https://woodcentral.com.au/modular-timber-building-sumitomo/,,,,"tag:google.com,2013:googlealerts/feed:10197693439035265109",
2026-10-05,(rss),2026-10-05 13:45:06,HelloNation Article Examines Pressure-Treated Lumber for Outdoor Projects With Insights ...,SMS · Email; Print; Copy article link; Save. Tags. Txprn · General News · Lumber And Timber Industry . Recommended for you. ×. Add an entry as Guest.,thefacts.com,Google Alert - timber industry,https://thefacts.com/ap_news/business/hellonation-article-examines-pressure-treated-lumber-for-outdoor-projects-with-insights-from-hardware-expert-edward/article_0390b690-c828-59fc-89b6-d0974b9b4925.html,,,,"tag:google.com,2013:googlealerts/feed:17784476968727480435",
2026-10-05,(rss),2026-10-05 13:14:37,Japan Has Cedar and Cypress in Abundance and Is Now Courting Australia - Wood Central,"Japanese timber exporters want Australia to buy their mature cedar and cypress, but Japan ranks 26th among Australia's suppliers at $38 million a ...",woodcentral.com.au,Google Alert - timber industry,https://woodcentral.com.au/japanese-timber-exporters-australia/,,,,"tag:google.com,2013:googlealerts/feed:13844750371504935201",
2026-10-05,(rss),2026-10-05 14:37:32,"In the Carpathian region, officials Forest Service suspected of illegally selling timber","... timber to the buyer . They paid 30,000 hryvnias for one shipment. In February 2026, the company's director again purchased 80 cubic meters of ...",ua.news,Google Alert - timber buyer,https://ua.news/en/ukraine/na-prikarpatti-posadovtsiv-lisiv-ukrayini-pidozriuiut-u-nezakonnomu-prodazhu-lisu,,,,"tag:google.com,2013:googlealerts/feed:9360805274877182474",
2026-10-05,(rss),2026-10-05 10:34:42,India's tree finance must go beyond plantations - Policy Circle,"A timber buyer needs better information about future supply. The same underlying data can serve all three purposes. There is, however, a boundary ...",policycircle.org,Google Alert - timber buyer,https://www.policycircle.org/opinion/indias-tree-finance-plantations/,,,,"tag:google.com,2013:googlealerts/feed:4683082610302712034",
2026-10-05,(rss),2026-10-05 02:11:04,Domtar Howe Sound mill positioned to reopen after agreement in principle | Fordaq News,An agreement in principle between the British Columbia government and ... Softwood Timber Unedged Timber - BoulesSawn Timber. Glulam Beams and ...,fordaq.com,Google Alert - softwood lumber agreement,https://www.fordaq.com/news/Domtar_Howe_Sound_mill_positioned_127378.html,,,,"tag:google.com,2013:googlealerts/feed:5329568897988851394",
2026-10-05,(rss),2026-10-05 22:12:42,Home heating costs top of mind for most Mainers - YouTube,Go to channel Middlefield Custom Sawmill . You Won't Believe What's Inside this Log! Middlefield Custom Sawmill and Two Guys Timberframing•503K views.,youtube.com,Google Alert - sawmill,https://www.youtube.com/watch?v=qq_0uJWP5SY,,,,"tag:google.com,2013:googlealerts/feed:13067649538729583395",
2026-10-05,(rss),2026-10-05 21:09:42,'It's a loss': Clancy's family-run Marks Lumber sawmill to close in 2027 - Billings Gazette,"Marks Lumber, a family-run sawmill in Clancy, will close in 2027, it announced Monday. ""I don't want this to be sad,"" Steve Marks said.",billingsgazette.com,Google Alert - sawmill,https://billingsgazette.com/news/state-regional/article_1bff7ed5-b85b-55ab-913f-894dce47c675.html,,,,"tag:google.com,2013:googlealerts/feed:16411349007237664669",
2026-10-05,(rss),2026-10-05 21:05:10,CLFNS Sawmill Cleanup to Remove 15000 Tonnes of Old Wood - Lakeland Connect,"Cold Lake First Nations will begin a major sawmill cleanup after Thanksgiving, removing about 15000 tonnes of old wood ahead of an environmental ...",lakelandconnect.net,Google Alert - sawmill,https://lakelandconnect.net/2026/10/05/clfns-sawmill-cleanup-15000-tonnes-old-wood/,,,,"tag:google.com,2013:googlealerts/feed:13747109433394731894",
2026-10-05,(rss),2026-10-05 18:56:13,"Saw Mill River Parkway at Exit 5A (Palmer Rd)-CAM A Live Traffic Camera - Byram, CT","Check out the current traffic and highway conditions at Saw Mill River Parkway at Exit 5A (Palmer Rd)-CAM A in Byram, CT.",weatherbug.com,Google Alert - sawmill,https://www.weatherbug.com/traffic-cam/byram-ct-06830/474714,,,,"tag:google.com,2013:googlealerts/feed:8983759741867495045",
2026-10-05,(rss),2026-10-05 16:48:54,Could Tariffs Help Canada Build More? Depends Who You Ask - On-Site Magazine,A mill town in northwestern Ontario has lost its sawmill . Contractors bidding infrastructure work are losing margin on steel.,on-sitemag.com,Google Alert - sawmill,https://www.on-sitemag.com/features/could-tariffs-help-canada-build-more-depends-who-you-ask/,,,,"tag:google.com,2013:googlealerts/feed:16930436747397396669",
2026-10-05,(rss),2026-10-05 15:05:54,£500k funding switched from sawmill project to revamp of Gordon Arms on Elgin High Street,The former sawmill site on Linkwood Road. The council had initially intended to use the Fleming Sawmill funds to clean up and reuse an ...,northern-scot.co.uk,Google Alert - sawmill,https://www.northern-scot.co.uk/news/500k-funding-switched-from-sawmill-project-to-gordon-arms-r-446721/,,,,"tag:google.com,2013:googlealerts/feed:9658059729078474144",
2026-10-05,(rss),2026-10-05 14:39:53,Canada sawmill output extends decline in July - Traders Union,"Lumber production at Canadian sawmills fell 8.6% month-over-month to 3,546.4 thousand cubic metres in July and declined 6.7% year-over-year. Sawmill ...",tradersunion.com,Google Alert - sawmill,https://tradersunion.com/news/financial-news/show/3665311-canada-sawmill-output-decline-july/,,,,"tag:google.com,2013:googlealerts/feed:11063103460209107007",
2026-10-05,(rss),2026-10-05 11:46:46,State grants helps Redding saw mill,"State grants helps Redding saw mill . Rath Industries recently received a $520,000 grant from Cal Fire. David Benda. More Videos. New downtown Redding ...",redding.com,Google Alert - sawmill,https://www.redding.com/videos/money/business/2026/10/05/state-grants-helps-redding-saw-mill/92046625007/,,,,"tag:google.com,2013:googlealerts/feed:13892170898761552048",
2026-10-05,(rss),2026-10-05 10:35:48,"423 Sawmill Avenue, Baldivis, WA 6171 - House for Sale - realestate.com.au","4 bedroom house for sale at 423 Sawmill Avenue, Baldivis, WA 6171, $844990*. View 9 property photos, floor plans and Baldivis suburb information.",realestate.com.au,Google Alert - sawmill,https://www.realestate.com.au/property-house-wa-baldivis-152530536,,,,"tag:google.com,2013:googlealerts/feed:8261121026380265437",
2026-10-05,(rss),2026-10-05 09:31:30,Kentucky pioneer tombstone returns to cemetery after 60 years - The Courier-Journal,"Mills, the fabled 1860s Kentucky pioneer, farmer, and builder of a Seatonville sawmill , grist mill and Greek Revival home, never imagined his ...",courier-journal.com,Google Alert - sawmill,https://www.courier-journal.com/story/life/2026/10/05/kentucky-pioneer-tombstone-returns-to-cemetery-after-60-years/91403856007/,,,,"tag:google.com,2013:googlealerts/feed:14036247185533531398",
2026-10-05,(rss),2026-10-05 08:03:05,Chichawatni Forest Division Takes Action Against Illegal Sawmills - Green Post,Chichawatni Forest Division seals illegal sawmills as Punjab Forest Department intensifies enforcement to protect forest resources and curb ...,greenpost.com.pk,Google Alert - sawmill,https://greenpost.com.pk/chichawatni-forest-division-takes-action-against-illegal-sawmchichawatni-forest-division-action-illegal-sawmillsills/,,,,"tag:google.com,2013:googlealerts/feed:15732777480450030282",
2026-10-05,(rss),2026-10-05 05:10:17,Cambodian Environment chief denies accepting sawmill bribes - The Star,"PHNOM PENH: Srey Ratana, deputy chief of the Spong Environmental Post in Stung Treng province's Thala Barivat district, has denied allegations ...",thestar.com.my,Google Alert - sawmill,https://www.thestar.com.my/aseanplus/aseanplus-news/2026/10/05/cambodian-environment-chief-denies-accepting-sawmill-bribes,,,,"tag:google.com,2013:googlealerts/feed:13465399739200819549",
2026-10-05,(rss),2026-10-05 02:37:08,Environment chief denies accepting sawmill bribes - Phnom Penh Post,"Environment chief denies accepting sawmill bribes ... Srey Ratana, deputy chief of the Spong Environmental Post in Stung Treng province's Thala Barivat ...",phnompenhpost.com,Google Alert - sawmill,https://phnompenhpost.com/national/environment-chief-denies-accepting-sawmill-bribes/,,,,"tag:google.com,2013:googlealerts/feed:7096670805818555729",
2026-10-05,(rss),2026-10-05 00:30:20,Veterans Honor Flight - YouTube,Go to channel Middlefield Custom Sawmill . You Won't Believe What's Inside this Log! Middlefield Custom Sawmill and Two Guys Timberframing•500K views.,youtube.com,Google Alert - sawmill,https://www.youtube.com/watch?v=NQ88CznJNFM,,,,"tag:google.com,2013:googlealerts/feed:4872448910354112676",
2026-10-05,(rss),2026-10-05 22:33:17,European Commission has restated its serious concerns about planned graphic paper Joint Venture,"Irving Pulp & Paper , Limited has submitted a preliminary ... pulpwood,” said Irving Pulp & Paper Vice President, Mark Mosher. Want ...",midlandco.com,Google Alert - pulp and paper,https://www.midlandco.com/european-commission-has-restated-its-serious-concerns-about-planned-graphic-paper-joint-venture-upm-and-sappi-continue-to-address-these-concerns/,,,,"tag:google.com,2013:googlealerts/feed:16607317331953903968",
2026-10-05,(rss),2026-10-05 21:46:26,New DataLiner Data: Brazilian Container Trade Grows as China Gains Ground and U.S. Loses Share,"Pulp and cotton were among the positive performers in the Chinese market. In the United States, wood and paper volumes declined, although meat ...",datamarnews.com,Google Alert - pulp and paper,https://datamarnews.com/noticias/new-dataliner-data-brazilian-container-trade-grows-as-china-gains-ground-and-u-s-loses-share/,,,,"tag:google.com,2013:googlealerts/feed:1318062351446020402",
2026-10-05,(rss),2026-10-05 17:43:58,Howe Sound Pulp and Paper Mill set to reopen after indefinite closure - Global News,Global News Morning Weekend BC. Howe Sound Pulp and Paper Mill set to reopen after indefinite closure. More Videos. 0 seconds of 0 seconds.,globalnews.ca,Google Alert - pulp and paper,"https://globalnews.ca/video/embed/playlist/12088103,12087991,12087944,12087934,12087551,12087546,12087536,12087535,12087530,12088152,12088159/",,,,"tag:google.com,2013:googlealerts/feed:15717908099517073533",
2026-10-05,(rss),2026-10-05 16:59:10,"Bellmer to Acquire Brazilian Roll Cover and Services Specialist, Rolotipo - PaperAge","Bellmer announced its acquisition of Rolotipo, a well-established specialist in roll covering and roll services for the pulp and paper industry.",paperage.com,Google Alert - pulp and paper,https://www.paperage.com/2026news/10-05-2026bellmer-to-acquire-brazilian-roll-cover-and-services-specialist--rolotipo.html,,,,"tag:google.com,2013:googlealerts/feed:250352827390563920",
2026-10-05,(rss),2026-10-05 16:39:39,ITAC shoots down Mondi's bid to double office paper import duties | News24,"SA is a major producer of wood pulp , which is used, for example, in the production of textiles and paper , and it ran a positive trade balance of R10.4 ...",news24.com,Google Alert - pulp and paper,https://www.news24.com/business/companies/itac-shoots-down-mondis-bid-to-double-office-paper-import-duties-20261005-0946,,,,"tag:google.com,2013:googlealerts/feed:14440508832881345602",
2026-10-05,(rss),2026-10-05 15:28:02,Coordination ring-opening transamidation copolymerization of cyclic lactones and lactams ... - Nature,"... Pulp and Paper Engineering, South China University of Technology, Guangzhou, China. Zuowen Shi, Zhipeng Huang, Hao Jiang, Shuai Zhang & Haobing ...",nature.com,Google Alert - pulp and paper,https://www.nature.com/articles/s41467-026-78220-6,,,,"tag:google.com,2013:googlealerts/feed:248143908391611974",
2026-10-05,(rss),2026-10-05 15:11:47,"EU reiterates concerns over UPM/Sappi JV, companies aim to address these further","EUWID Pulp and Paper · News · Companies · EUWID Pulp and Paper · News · Companies. EU reiterates concerns over UPM/Sappi JV, companies aim to address ...",euwid-paper.com,Google Alert - pulp and paper,https://www.euwid-paper.com/news/companies/eu-reiterates-concerns-over-the-upm-sappi-jv-companies-aim-to-address-these-further-051026/,,,,"tag:google.com,2013:googlealerts/feed:16659350844164461695",
2026-10-05,(rss),2026-10-05 14:32:38,Port Hawkesbury Paper's wind farm set to start up this year,"Connect with the people, insights, and opportunities shaping the Canadian pulp and paper industry. ... Pulp and Paper Canada. © 2026 Annex ...",pulpandpapercanada.com,Google Alert - pulp and paper,https://www.pulpandpapercanada.com/port-hawkesbury-papers-wind-farm-set-to-start-up-this-year/,,,,"tag:google.com,2013:googlealerts/feed:18084281391815587556",
2026-10-05,(rss),2026-10-05 13:46:01,"UPM, Sappi venture faces continued EU competition concerns - Lesprom Network","UPM, a forest industry company, and Sappi, a pulp and paper producer, continue to face European Commission concerns over their planned European ...",lesprom.com,Google Alert - pulp and paper,https://www.lesprom.com/en/news/UPM_Sappi_venture_faces_continued_EU_competition_concerns_124578/,,,,"tag:google.com,2013:googlealerts/feed:11608021540600902166",
2026-10-05,(rss),2026-10-05 13:21:44,A Washington paper mill disaster killed 11 people. It also broke community trust in a ... - OPB,"... Pulp and Paper Workers union. Uncertainty over what happens in the ... An undated aerial shot of the Nippon Dynawave pulp and paper mill, where a ...",opb.org,Google Alert - pulp and paper,https://www.opb.org/article/2026/10/05/longview-washington-paper-mill-disaster-broke-community-trust-lifeblood-industry/,,,,"tag:google.com,2013:googlealerts/feed:549714611042439237",
2026-10-05,(rss),2026-10-05 12:09:37,Manual Tissue Paper Dispenser Market Outlook Analyzes Industry - openPR.com,"In May 2024, Singapore-based pulp and paper manufacturer APRIL Group acquired Origami, an India-based producer of manual tissue paper dispensers, for ...",openpr.com,Google Alert - pulp and paper,https://www.openpr.com/news/4651995/manual-tissue-paper-dispenser-market-outlook-analyzes-industry,,,,"tag:google.com,2013:googlealerts/feed:1044038410914695822",
2026-10-05,(rss),2026-10-05 11:41:01,Fedrigoni CEO Marco Nespolo to step down; Rolf Stangl named executive chairman,Markets · Publication dates · E-Paper · Events · Subscribe · EUWID News Services. Suchen. Search. EUWID Pulp and Paper · News · Companies · EUWID Pulp ...,euwid-paper.com,Google Alert - pulp and paper,https://www.euwid-paper.com/news/companies/fedrigoni-ceo-marco-nespolo-to-step-down-rolf-stangl-named-executive-chairman-021026/,,,,"tag:google.com,2013:googlealerts/feed:12285293482393524422",
2026-10-05,(rss),2026-10-05 11:40:59,Francesca Stevens neue Cepi-Generaldirektorin - EUWID Pulp and Paper,"Cepi, the Confederation of European Paper Industries, has appointed Francesca Stevens as director general. She took up the role on 28 September, ...",euwid-paper.com,Google Alert - pulp and paper,https://www.euwid-paper.com/news/companies/changes-at-the-helm-of-cepi-051026/,,,,"tag:google.com,2013:googlealerts/feed:7363285070242889653",
2026-10-05,(rss),2026-10-05 10:38:35,"Sappi, UPM continue to engage European regulator on €1.4bn paper JV - Business Day",The pulp and paper producer said it notes that the European Commission has issued a letter of facts about its concerns. The letter forms part of the ...,businessday.co.za,Google Alert - pulp and paper,https://www.businessday.co.za/companies/company-strategy/2026-10-05-sappi-upm-continue-to-engage-european-regulator-on-14bn-paper-jv/,,,,"tag:google.com,2013:googlealerts/feed:18206036411283655577",
2026-10-05,(rss),2026-10-05 09:21:57,'What I am removing from the lake is like a treasure': This Srinagar artisan is turning Dal ...,Irshad processes aquatic weeds into pulp to create an alternative to paper -based papier-mâché. Nearly two years of trial and error. The transformation ...,timesofindia.indiatimes.com,Google Alert - pulp and paper,https://timesofindia.indiatimes.com/life-style/people/what-i-am-removing-from-the-lake-is-like-a-treasure-this-srinagar-artisan-is-turning-dal-lake-weeds-to-grass-mch-and-creating-work-for-women/amp_articleshow/134695003.cms,,,,"tag:google.com,2013:googlealerts/feed:14337029314514231078",
2026-10-05,(rss),2026-10-05 09:21:56,This Srinagar artisan is turning Dal Lake weeds to 'Grass Mâché' and creating work for women,"“I was initially working with paper pulp ,” Irshad told Kashmir Life. She began wondering what would happen if the availability of paper became a ...",timesofindia.indiatimes.com,Google Alert - pulp and paper,https://timesofindia.indiatimes.com/life-style/people/what-i-am-removing-from-the-lake-is-like-a-treasure-this-srinagar-artisan-is-turning-dal-lake-weeds-to-grass-mch-and-creating-work-for-women/articleshow/134695003.cms,,,,"tag:google.com,2013:googlealerts/feed:9285163238668346913",
2026-10-05,(rss),2026-10-05 08:05:55,GreenYellow and Vina Paper partner on rooftop solar project - Vietnam Investment Review,"The pulp and paper industry ranks among the world's most energy-intensive industries, making energy consumption an important factor in both production ...",vir.com.vn,Google Alert - pulp and paper,https://vir.com.vn/greenyellow-and-vina-paper-partner-on-rooftop-solar-project-162085.html,,,,"tag:google.com,2013:googlealerts/feed:8608466775216109756",
2026-10-05,(rss),2026-10-05 11:53:06,Australia's low CBAM iron ore default creates an indirect trade advantage - Fastmarkets,"Australia shares the lowest 2026 CBAM iron ore pellet default, but its bigger gain may come via Asian mills exporting steel to the EU.",fastmarkets.com,Google Alert - pellet mill,https://www.fastmarkets.com/insights/australias-low-cbam-iron-ore-default-creates-an-indirect-trade-advantage/,,,,"tag:google.com,2013:googlealerts/feed:5876693304932159529",
2026-10-05,(rss),2026-10-05 06:32:00,"ArcelorMittal, Strategic Resources, Cleveland-Cliffs – Billions for the Steel of the Future",... pellet plant at Port Saguenay. The plan calls for an annual capacity of 4 million metric tonnes of high-quality DR iron ore pellets. The timing ...,stockhouse.com,Google Alert - pellet mill,https://stockhouse.com/opinion/contributors/2026/10/05/arcelormittal-strategic-resources-cleveland-cliffs-billions-for-steel-future,,,,"tag:google.com,2013:googlealerts/feed:17526079429029337568",
2026-10-05,(rss),2026-10-05 08:01:36,Israeli researchers create 'super ice' 10 times stronger than regular ice - Ynet News,"Hebrew University team combines ice, nanocellulose and engineered protein to create BioPykrete, which absorbs 70 times more energy before ...",ynetnews.com,Google Alert - nanocellulose,https://www.ynetnews.com/health_science/article/bjwnvogsgl,,,,"tag:google.com,2013:googlealerts/feed:11814778105151488579",
2026-10-05,(rss),2026-10-05 22:27:20,Modular Classrooms as a Flexible Solution for Enrollment Growth - The Rocky Mountain Collegian,"It involves funding, design, permits, and construction ... According to the Modular Building Institute, school districts in North America have ...",collegian.com,Google Alert - modular construction,https://collegian.com/sponsored/2026/10/modular-classrooms-as-a-flexible-solution-for-enrollment-growth/,,,,"tag:google.com,2013:googlealerts/feed:13757043151338972097",
2026-10-05,(rss),2026-10-05 22:02:54,US Builders Are Discounting Harder as Mortgage Rates Push Buyers Out of Reach,"Its chief economist also pointed to tight lending conditions and elevated land, labour and construction costs. ... Modular construction has never failed ...",thegoodbuilder.com.au,Google Alert - modular construction,https://thegoodbuilder.com.au/us-builders-are-discounting-harder-as-mortgage-rates-push-buyers-out-of-reach/,,,,"tag:google.com,2013:googlealerts/feed:10029559824077892537",
2026-10-05,(rss),2026-10-05 21:55:30,Hassell joins global partnership to accelerate modular housing delivery in Australia,"Hassell has joined Western Sydney University, ThriveInspiration™ and China State Construction Engineering Corp to establish an international ...",architectureanddesign.com.au,Google Alert - modular construction,https://www.architectureanddesign.com.au/editorial/industry-news/hassell-global-partnership-modular-housing-delivery-australia,,,,"tag:google.com,2013:googlealerts/feed:12063383323736927246",
2026-10-05,(rss),2026-10-05 21:21:47,"Champion Homes to Acquire Timberline Homes, Expanding Southeast Retail Network","The company produces manufactured and modular homes, accessory dwelling units, park models and modular buildings . Champion currently operates 95 ...",citybiz.co,Google Alert - modular construction,https://www.citybiz.co/article/914340/champion-homes-to-acquire-timberline-homes-expanding-southeast-retail-network/,,,,"tag:google.com,2013:googlealerts/feed:8666075986147830083",
2026-10-05,(rss),2026-10-05 20:38:48,The New Federation of American Shipyards - USNI News,"Around the same time, Swedish shipbuilder Götaverken also developed modular ship construction . In 1968, then Litton-owned Ingalls Shipbuilding built a ...",news.usni.org,Google Alert - modular construction,https://news.usni.org/2026/10/05/the-new-federation-of-american-shipyards,,,,"tag:google.com,2013:googlealerts/feed:9772680833307025084",
2026-10-05,(rss),2026-10-05 20:36:51,A 300-megawatt reactor designed to cool itself without pumps just became the first small ...,The NRC just issued America's first-ever commercial small modular reactor construction permit — and finished the review four months ahead of ...,autonocion.com,Google Alert - modular construction,https://www.autonocion.com/us/first-small-reactor-construction-permit/,,,,"tag:google.com,2013:googlealerts/feed:3219513482683361968",
2026-10-05,(rss),2026-10-05 20:18:29,Champion Homes Announces Definitive Agreement to Acquire Timberline Homes,"... modular homes, ADUs, park-models and modular buildings ... In addition to its core home building business, Champion Homes provides construction ...",businesswire.com,Google Alert - modular construction,https://www.businesswire.com/news/home/20261005059761/en/Champion-Homes-Announces-Definitive-Agreement-to-Acquire-Timberline-Homes,,,,"tag:google.com,2013:googlealerts/feed:1734474782232525877",
2026-10-05,(rss),2026-10-05 19:02:11,"Building living sector assets for decades, from Day 1 - The Koala News","And careful, strategic choices must be made about the most-effective delivery model (such as considering modular construction for speed to market or ...",thekoalanews.com,Google Alert - modular construction,https://thekoalanews.com/building-living-sector-assets-for-decades-from-day-1/,,,,"tag:google.com,2013:googlealerts/feed:8531263755184308166",
2026-10-05,(rss),2026-10-05 18:44:12,Building Transformations Summit: The Future Of Design And Construction,CSA publishes design standard for modular construction · Type 2 hard hats with integrated chin straps become mandatory at construction sites ...,canadianconsultingengineer.com,Google Alert - modular construction,https://www.canadianconsultingengineer.com/events/building-transformations-summit-the-future-of-design-and-construction/,,,,"tag:google.com,2013:googlealerts/feed:13880789928739967507",
2026-10-05,(rss),2026-10-05 18:26:50,BOXABL (BXBL) Strengthens Finance Leadership as Factory-Built Housing Platform ...,"BOXABL, transforming the housing market with its advanced modular building systems, has appointed Larry King, CPA, as Chief Financial Officer and ...",finance.yahoo.com,Google Alert - modular construction,https://finance.yahoo.com/real-estate/articles/boxabl-bxbl-strengthens-finance-leadership-180000239.html,,,,"tag:google.com,2013:googlealerts/feed:2223390509651227516",
2026-10-05,(rss),2026-10-05 17:41:05,NRC Approves TVA Construction Permit for First US Small Modular Reactor,The Nuclear Regulatory Commission approved a construction permit for the Tennessee Valley Authority's Clinch River 300MW small modular reactor ...,news.constructconnect.com,Google Alert - modular construction,https://news.constructconnect.com/nrc-approves-tva-construction-permit-for-first-u.s.-small-modular-reactor,,,,"tag:google.com,2013:googlealerts/feed:7651416052316067696",
2026-10-05,(rss),2026-10-05 17:04:36,Port giant calls for smarter handling of construction materials,"Modular Construction , Mould Removal, Offsite, Operations and Maintenance Manuals, Painting / coating, Paving, Piling, Pipework, Plant hire, Plumbing ...",constructionenquirer.com,Google Alert - modular construction,https://www.constructionenquirer.com/2026/10/05/port-giant-calls-for-smarter-handling-of-construction-materials/,,,,"tag:google.com,2013:googlealerts/feed:940168455653870339",
2026-10-05,(rss),2026-10-05 16:06:05,University Circle's Next High-Rise Set to See Construction Soon - Cleveland Magazine,"The reason is the fenced-in construction site is set back from Euclid, slightly hidden behind mature trees and a modular construction office. Soon ...",clevelandmagazine.com,Google Alert - modular construction,https://clevelandmagazine.com/articles/university-circles-next-high-rise-set-to-see-construction-soon/,,,,"tag:google.com,2013:googlealerts/feed:3647986166144169065",
2026-10-05,(rss),2026-10-05 15:57:28,GoodVision AI Enters into Two Collaboration Agreements: 15MW Modular Factory with ...,"... construction coordination. The initial Texas project, referred to as the “Site No.1 AI Factory,” is being developed around 2.4 MW of confirmed ...",morningstar.com,Google Alert - modular construction,https://www.morningstar.com/news/business-wire/20261005348969/goodvision-ai-enters-into-two-collaboration-agreements-15mw-modular-factory-with-tdtc-and-100-node-inference-pilot-with-hop-global,,,,"tag:google.com,2013:googlealerts/feed:7595367304130928321",
2026-10-05,(rss),2026-10-05 15:39:38,NRC grants TVA first U.S. construction permit for a BWRX-300 small modular reactor at ...,"On September 29, 2026, the U.S. Nuclear Regulatory Commission issued its first-ever construction permit for a BWRX-300 small modular reactor ...",energiesmedia.com,Google Alert - modular construction,https://energiesmedia.com/nrc-bwrx-300-permit-clinch-river/,,,,"tag:google.com,2013:googlealerts/feed:5582507397880162508",
2026-10-05,(rss),2026-10-05 15:24:04,Bayer Sets $2.2B Ohio Pharma Campus for 2027 Start | Engineering News-Record,"Bayer plans to invest $2.2 billion in a modular pharmaceutical manufacturing campus in New Albany, Ohio, with construction expected to begin in 2027 ...",enr.com,Google Alert - modular construction,https://www.enr.com/articles/63773-bayer-sets-22b-ohio-pharma-campus-for-2027-start,,,,"tag:google.com,2013:googlealerts/feed:3517104903718468229",
2026-10-05,(rss),2026-10-05 14:07:47,Prefabricated Buildings Market Size to Reach USD 206.52 Billion,"... modular construction . The market was valued at USD 150 billion in 2025 ... modular housing, creating opportunities for steel suppliers and prefabricated ...",openpr.com,Google Alert - modular construction,https://www.openpr.com/news/4652125/prefabricated-buildings-market-size-to-reach-usd-206-52-billion,,,,"tag:google.com,2013:googlealerts/feed:16207172448376182934",
2026-10-05,(rss),2026-10-05 13:39:22,How food and beverage manufacturers can navigate a tight craft labor market | Food Dive,"Virtual reality and digital learning tools accelerate training, while modular construction , automation, digital planning platforms and other ...",fooddive.com,Google Alert - modular construction,https://www.fooddive.com/spons/how-food-and-beverage-manufacturers-can-navigate-a-tight-craft-labor-market/831836/,,,,"tag:google.com,2013:googlealerts/feed:10310820894517358894",
2026-10-05,(rss),2026-10-05 13:31:35,TVA Secures First SMR Construction Permit - ETF Database,A small modular reactor (SMR) project achieved a major regulatory milestone in the U.S. last week. The Tennessee Valley Authority (TVA) announced ...,etfdb.com,Google Alert - modular construction,https://etfdb.com/nuclear-energy-content-hub/tva-secures-smr-construction-permit/,,,,"tag:google.com,2013:googlealerts/feed:12591438718115193303",
2026-10-05,(rss),2026-10-05 21:42:32,"Interfor to release Q3FY27 results on November 5, 2026 - ScanX",Annual lumber production capacity stands at 4.5 billion board feet ... How might current lumber price volatility and housing market trends in North ...,scanx.trade,Google Alert - lumber market,https://scanx.trade/stock-market-news/companies/interfor-release-q3fy27-results-november-5-2026/52780220,,,,"tag:google.com,2013:googlealerts/feed:595041193931818597",
2026-10-05,(rss),2026-10-05 21:40:23,"Interfor to Announce Third Quarter Results on November 5, 2026 | Markets Insider",The Company has annual lumber production capacity of approximately 4.5 billion board feet and offers a diverse line of lumber products to customers ...,markets.businessinsider.com,Google Alert - lumber market,https://markets.businessinsider.com/news/stocks/interfor-to-announce-third-quarter-results-on-november-5-2026-1036599055,,,,"tag:google.com,2013:googlealerts/feed:14006153092178565228",
2026-10-05,(rss),2026-10-05 20:03:19,Commerce awards $2.4 million to develop industrial symbiosis projects,"... lumber and wood waste into market -ready high-demand building products. Intercept Carbon (Snohomish County): $385,500 to develop small-scale ...",commerce.wa.gov,Google Alert - lumber market,https://www.commerce.wa.gov/commerce-awards-2-4-million-to-develop-industrial-symbiosis-projects/,,,,"tag:google.com,2013:googlealerts/feed:12481748062014360934",
2026-10-05,(rss),2026-10-05 19:15:05,Lumber Hits 12-month Low - Trading Economics,"Lumber decreased to 523.50 USD/1000 board feet, the lowest since September 2025 ... The United States Stock Market Index ... Agricultural Commodities ...",tradingeconomics.com,Google Alert - lumber market,https://tradingeconomics.com/commodity/lumber/news/589646,,,,"tag:google.com,2013:googlealerts/feed:6866608628662812677",
2026-10-05,(rss),2026-10-05 18:28:03,Lumber Hits 12-month Low — TradingView News,"Lumber decreased to 523.50 USD/1000 board feet, the lowest since ... Select market data provided by ICE Data Services. Select reference data ...",tradingview.com,Google Alert - lumber market,https://www.tradingview.com/news/te_news:589646:0-lumber-hits-12-month-low/,,,,"tag:google.com,2013:googlealerts/feed:10522428639726947534",
2026-10-05,(rss),2026-10-05 14:52:36,BC- Lumber Futures - Yahoo Finance,"Stock market · Crypto · Real estate · Magnificent 7 · Private markets · Futures ... BC- Lumber Futures. The Associated Press. Mon, October 5, 2026 at 9: ...",finance.yahoo.com,Google Alert - lumber market,https://finance.yahoo.com/markets/commodities/articles/bc-lumber-futures-143014358.html,,,,"tag:google.com,2013:googlealerts/feed:5852069600175108350",
2026-10-05,(rss),2026-10-05 13:41:40,Canadian Lumber Production and Shipments Fall Sharply in July | MarketScreener,Canadian lumber production in July fell 8.6% month ... Stock Market News; Canadian Lumber Production and Shipments Fall Sharply ...,marketscreener.com,Google Alert - lumber market,https://www.marketscreener.com/news/canadian-lumber-production-and-shipments-fall-sharply-in-july-ce785dd8d88afe26,,,,"tag:google.com,2013:googlealerts/feed:9470485202138627558",
2026-10-05,(rss),2026-10-05 11:46:46,Redding's Rath Industries turns wildfire debris into new products,Rath Industries in Redding is making a market in timber that's been ravaged by Northern California wildfires over the past decade. Instead of ...,redding.com,Google Alert - lumber market,https://www.redding.com/story/money/business/2026/10/05/redding-mill-makes-market-in-salvaged-wood-from-major-wildfires/92041252007/,,,,"tag:google.com,2013:googlealerts/feed:956881935896134421",
2026-10-05,(rss),2026-10-05 11:19:54,Redding's Rath Industries turns wildfire debris into new products | San Luis Obispo Tribune,Rath Industries in Redding is making a market in timber that's been ravaged by Northern California wildfires over the past decade.,sanluisobispo.com,Google Alert - lumber market,https://www.sanluisobispo.com/news/article317495004.html,,,,"tag:google.com,2013:googlealerts/feed:5037598775651528033",
2026-10-05,(rss),2026-10-05 10:13:33,COT Index 3 Timeframes — Indicator by DanubeMetrics - TradingView,"- Built-in symbol corrections for markets like Copper, Lumber , Lithium, Canola, Aluminum and Rough Rice. - Info panel showing market , CFTC code ...",tradingview.com,Google Alert - lumber market,https://www.tradingview.com/script/MtGyb00L/,,,,"tag:google.com,2013:googlealerts/feed:2845704644645820304",
2026-10-05,(rss),2026-10-05 08:37:18,Indian Wood Products board approves MOA amendment for steel business - ScanX,"Given the near-unanimous shareholder approval, what specific operational efficiencies or market expansion plans is management prioritizing to drive ...",scanx.trade,Google Alert - lumber market,https://scanx.trade/stock-market-news/companies/indian-wood-products-board-approves-moa-amendment-steel-business/52734806,,,,"tag:google.com,2013:googlealerts/feed:17244800329384002023",
2026-10-05,(rss),2026-10-05 08:08:54,Spruce Wood Market Set for Dynamic Growth with Key Players Stora,"According to CMI, The Global Spruce Wood Market is estimated to be valued at USD 43.66 Bn in 2026 and is expected to reach USD 62.67 Bn by 2033, ...",openpr.com,Google Alert - lumber market,https://www.openpr.com/news/4651637/spruce-wood-market-set-for-dynamic-growth-with-key-players-stora,,,,"tag:google.com,2013:googlealerts/feed:10830786764527954531",
2026-10-05,(rss),2026-10-05 12:49:23,Kurdistan24 Follow-Up Finds Timber Trucks Entering Duhok From Türkiye,"Duhok forest police say timber trucks leave the Kurdistan Region empty and return from Türkiye carrying wood, rejecting claims that local timber ...",kurdistan24.net,Google Alert - logging truck,https://www.kurdistan24.net/en/story/944094/kurdistan24-follow-up-finds-timber-trucks-entering-duhok-from-t%C3%BCrkiye,,,,"tag:google.com,2013:googlealerts/feed:2278497489604416170",
2026-10-05,(rss),2026-10-05 11:36:34,International Launches Online Truck Parts Store - Heavy Duty Trucking,Fleetrite.com offers fleets and repair shops access to OEM and all-makes truck parts online. ... Electronic Logging Devices (ELDs) · Equipment · Fleet ...,truckinginfo.com,Google Alert - logging truck,https://www.truckinginfo.com/news/international-launches-online-truck-parts-store,,,,"tag:google.com,2013:googlealerts/feed:17773599210197360200",
2026-10-05,(rss),2026-10-05 13:58:39,FPAC: Canada Is Wrapped Up In Red Tape - Wood Business - Canadian Forest Industries,"The volatility of the Canada-U.S. trade talks has marked a key moment for our country, a wake-up call if you will for Canada to challenge old ...",woodbusiness.ca,Google Alert - logging industry,https://www.woodbusiness.ca/fpac-canada-is-wrapped-up-in-red-tape/,,,,"tag:google.com,2013:googlealerts/feed:12048141579736215623",
2026-10-05,(rss),2026-10-05 07:22:50,US couple awarded thousands of dollars after logging crew cuts more than ... - The Economic Times,"Industry · Trending · Morning Brief Podcast · ET Evoke · Bengaluru News · Pune ... In 2022, the Hesters hired Payne Logging LLC to harvest timber from ...",m.economictimes.com,Google Alert - logging industry,https://m.economictimes.com/news/new-updates/us-couple-awarded-thousands-of-dollars-after-logging-crew-cuts-more-than-1000-trees-from-their-mississippi-land-how-photos-stump-records-and-a-survey-helped-them-win/articleshow/134688290.cms,,,,"tag:google.com,2013:googlealerts/feed:11742725558436092170",
2026-10-05,(rss),2026-10-05 03:06:23,New Zealand backs five forestry wood -energy hubs with 200000 t/y capacity | Fordaq News,Five new wood -energy aggregation facilities are planned to collect and prepare low-grade forestry wood for industrial fuel.,fordaq.com,Google Alert - logging industry,https://www.fordaq.com/news/New_Zealand_backs_five_forestry_127390.html,,,,"tag:google.com,2013:googlealerts/feed:11161024613630290150",
2026-10-05,(rss),2026-10-05 00:37:21,APTTA seeks permission to import wood logs with bark - Business Recorder,KARACHI: Pakistan's multibillion-rupee wood industry is facing serious challenges due to regulatory restrictions on...,brecorder.com,Google Alert - logging industry,https://www.brecorder.com/news/amp/40442672,,,,"tag:google.com,2013:googlealerts/feed:14487170817745150526",
2026-10-05,(rss),2026-10-05 18:32:18,"Cowichan Exhibition drew big crowds, big smiles | Ladysmith Chronicle","Logger sports and demonstrations, sheep sheering, sheep dog demos, zucchini races, raptors and wrestling were also highlights. A plethora of food ...",ladysmithchronicle.com,Google Alert - logger sports,https://ladysmithchronicle.com/2026/10/05/cowichan-exhibition-drew-big-crowds-big-smiles/,,,,"tag:google.com,2013:googlealerts/feed:12273601111349811343",
2026-10-05,(rss),2026-10-05 19:16:00,"More Oil, Same War: Why Increased Exports Aren't a Sign of Iran's Imminent Defeat","Oil exports from the Middle East have rebounded, fueling claims that the United States is winning its war with Iran.",cfr.org,Google Alert - log export,https://www.cfr.org/articles/more-oil-same-war-why-increased-exports-arent-a-sign-of-irans-collapse,,,,"tag:google.com,2013:googlealerts/feed:2469289993727713657",
2026-10-05,(rss),2026-10-05 07:55:35,India's BrahMos Supersonic Missile Exports Projected to Exceed $600 Million as Southeast ...,"Log in Register · What's new Search. Search. Everywhere, Threads, This forum ... According to Defence Secretary Rajesh Kumar Singh, this state-of-the- ...",defence.in,Google Alert - log export,https://defence.in/threads/indias-brahmos-supersonic-missile-exports-projected-to-exceed-600-million-as-southeast-asian-demand-surges.18824/post-86998,,,,"tag:google.com,2013:googlealerts/feed:9491746245644504979",
2026-10-05,(rss),2026-10-05 04:04:03,Column: Few projects as transformational as Iowa steel plant | Opinion | thegazette.com,"Log In · Dashboard; Logout. My Account; Dashboard; Profile; Saved items ... Export -Import Bank of the United States, listen Sept. 28 in the Oval ...",thegazette.com,Google Alert - log export,https://www.thegazette.com/opinion/few-projects-as-transformational-as-iowa-steel-plant/article_7310de0e-9d7d-411c-98d5-fb7107942ec1.html,,,,"tag:google.com,2013:googlealerts/feed:16127265195475708731",
2026-10-05,(rss),2026-10-05 22:04:11,Forests are dying along North Carolina's coast—and it's speeding up - Phys.org,A new study finds that coastal forest loss in North Carolina's Albemarle-Pamlico Peninsula began accelerating after 2010 and may still be speeding ...,phys.org,Google Alert - forestry,https://phys.org/news/2026-10-forests-dying-north-carolina-coast.html,,,,"tag:google.com,2013:googlealerts/feed:7708014086178974335",
2026-10-05,(rss),2026-10-05 21:22:08,Video Firefighters battle wildfire in Angeles National Forest in California - ABC News,"Nearly 300 firefighters battling the Bouquet Fire, burning more than 1,000 acres, prompting evacuation orders inside parts of Angeles National Forest ...",abcnews.com,Google Alert - forestry,https://abcnews.com/video/136991572/,,,,"tag:google.com,2013:googlealerts/feed:3729981216681439645",
2026-10-05,(rss),2026-10-05 20:58:03,Kauri dieback threatens more than trees: it could change how much carbon forests store,"New research shows forests affected by severe kauri dieback can shift from accumulating carbon to losing it, with mature trees particularly ...",theconversation.com,Google Alert - forestry,https://theconversation.com/kauri-dieback-threatens-more-than-trees-it-could-change-how-much-carbon-forests-store-293102,,,,"tag:google.com,2013:googlealerts/feed:270604367887284006",
2026-10-05,(rss),2026-10-05 20:50:08,Central Coast Complex opens in Carolina Forest - Facebook,"CENTRAL COAST COMPLEX IS OPEN TO SERVE Horry County's Central Coast Complex is now open in Carolina Forest , bringing a wide range of County ...",facebook.com,Google Alert - forestry,https://www.facebook.com/horrycountygov/posts/central-coast-complex-is-open-to-serve-horry-countys-central-coast-complex-is-no/1549840147177359/,,,,"tag:google.com,2013:googlealerts/feed:3653914062720083934",
2026-10-05,(rss),2026-10-05 20:33:27,Prescribed burn operations planned at Carrington Coast Ranch Regional Park and Open ...,"Sonoma County Regional Parks, in partnership with the California Department of Forestry and Fire Protection (CAL FIRE), Sonoma-Lake-Napa Unit and ...",parks.sonomacounty.ca.gov,Google Alert - forestry,https://parks.sonomacounty.ca.gov/prescribed-burn-operations-planned-at-carrington-coast-ranch-regional-park-and-open-space-preserve-x190793,,,,"tag:google.com,2013:googlealerts/feed:12327434752804971386",
2026-10-05,(rss),2026-10-05 20:21:28,'Significant financial impact': Dunedin forestry company dealt $10m blow by windstorm,"More than 500ha of City Forests ' trees were affected by windthrow from the storm, which produced gusts of up to 170kmh at Pukekura/Taiaroa Head on ...",odt.co.nz,Google Alert - forestry,https://www.odt.co.nz/news/dunedin/significant-financial-impact-dunedin-forestry-company-dealt-10m-blow-by-windstorm-pv703zpj,,,,"tag:google.com,2013:googlealerts/feed:18067831500675272418",
2026-10-05,(rss),2026-10-05 19:08:38,Google AI data center project investigated after 420 football fields of Finnish forest razed,300 hectares of Finland's forest gobbled up by data center development.,tomshardware.com,Google Alert - forestry,https://www.tomshardware.com/tech-industry/data-centers/google-ai-data-center-project-investigated-after-420-football-fields-of-finnish-forest-razed-trees-were-removed-before-a-mandatory-environmental-impact-assessment-say-reports,,,,"tag:google.com,2013:googlealerts/feed:3967009123625097895",
2026-10-05,(rss),2026-10-05 18:26:29,An Hour From Branson Is Missouri's Only National Forest Scenic Byway With Access To ... - Islands,"The byway winds through ridge tops overlooking rolling hills, lush forests , and exposed dolomite and limestone bedrock glades that give the trail its ...",islands.com,Google Alert - forestry,https://www.islands.com/2275909/glade-top-trail-missouri-only-national-forest-scenic-byway-hour-from-branson-idyllic-nature-access-ozarks/,,,,"tag:google.com,2013:googlealerts/feed:951983129179197014",
2026-10-05,(rss),2026-10-05 18:15:20,Forests are dying along North Carolina's coast - and it's speeding up | NC State News,Researchers measured greenhouse gas emissions from standing dead trees in ghost forests . Credit: Melinda Martinez.,news.ncsu.edu,Google Alert - forestry,https://news.ncsu.edu/2026/10/forests-are-dying-along-north-carolinas-coast-and-its-speeding-up/,,,,"tag:google.com,2013:googlealerts/feed:9136381345868689531",
2026-10-05,(rss),2026-10-05 17:49:16,Black Hills National Forest | Prescribed fire notification,"The U.S. Department of Agriculture Forest Service uses prescribed fire to reduce overgrown vegetation, helping protect local communities, ...",fs.usda.gov,Google Alert - forestry,https://www.fs.usda.gov/r02/blackhills/newsroom/releases/prescribed-fire-notification,,,,"tag:google.com,2013:googlealerts/feed:2551985978990873102",
2026-10-05,(rss),2026-10-05 17:26:13,UA-Monticello opens $17.5 million forest health research center - Arkansas' Best News Source,MONTICELLO -- The University of Arkansas at Monticello opened its new Arkansas Forest Health Research Center on campus Friday.,arkansasonline.com,Google Alert - forestry,https://www.arkansasonline.com/news/2026/oct/05/ua-monticello-opens-175-million-forest-health/,,,,"tag:google.com,2013:googlealerts/feed:4775800702019169356",
2026-10-05,(rss),2026-10-05 17:09:06,Beijing park's holiday caterpillar hunt targets ' forest food monster' - WTAQ,"... Forestry . “(We've) noticed there ​are ‌a lot of fall webworm larvae around ​us,” said ⁠a 35-year-old participant surnamed Cui. “I think the ...",wtaq.com,Google Alert - forestry,https://wtaq.com/2026/10/04/beijing-parks-holiday-caterpillar-hunt-targets-forest-food-monster/,,,,"tag:google.com,2013:googlealerts/feed:7572146911524926346",
2026-10-05,(rss),2026-10-05 17:03:03,In the 608: Schuster's Haunted Forest celebrates 20 seasons of frights - Channel 3000,"— Twenty years ago, a simple idea took root in the woods at Schuster's Farm. This fall, the farm is celebrating the 20th season of its Haunted Forest , ...",channel3000.com,Google Alert - forestry,https://www.channel3000.com/features/in-the-608-schuster-s-haunted-forest-celebrates-20-seasons-of-frights/article_7ce255e5-43d5-4b3c-82f3-c5406fbde087.html,,,,"tag:google.com,2013:googlealerts/feed:2010309184093056508",
2026-10-05,(rss),2026-10-05 16:54:37,FG Tasks Charcoal Merchants On Sustainable Forestry - YouTube,FG Tasks Charcoal Merchants On Sustainable Forestry . @ChannelsTelevision4 views19 minutes ago more. Subscribe. Comments. Comment.,youtube.com,Google Alert - forestry,https://www.youtube.com/watch?v=oohbL-5VvS8,,,,"tag:google.com,2013:googlealerts/feed:18149290219598897012",
2026-10-05,(rss),2026-10-05 16:44:56,Wake Forest Demon Deacons Women's Basketball Press Conference | 2026 ACC Tipoff,Get ready for the start of the 2026-27 women's basketball season by watching the Wake Forest Demon Deacons press conference from the 2026 ACC ...,youtube.com,Google Alert - forestry,https://www.youtube.com/watch?v=w0r1Vd240NE,,,,"tag:google.com,2013:googlealerts/feed:9550986222124928859",
2026-10-05,(rss),2026-10-05 20:41:29,Poplar Bluff firefighters provide mutual aid for McClain Forest Products fire,Poplar Bluff firefighters helped extinguish a fire in an elevated storage silo at McClain Forest Products in Van Buren on Monday.,darnews.com,Google Alert - forest products,https://www.darnews.com/news/fire-bcd577a6/,,,,"tag:google.com,2013:googlealerts/feed:2815905612973167446",
2026-10-05,(rss),2026-10-05 18:50:08,LMC'S HARDWARE EXPRESS HEATS UP IN ORLANDO - Building Products Digest,"LMC is a leading and longest-standing forest products and building materials buying group, proudly serving 1,900 independent lumber and building ...",building-products.com,Google Alert - forest products,https://www.building-products.com/lmcs-hardware-express-heats-up-in-orlando/,,,,"tag:google.com,2013:googlealerts/feed:13949142337088325083",
2026-10-05,(rss),2026-10-05 18:37:53,"Halifax County industries represent nearly $1 billion in investment, 5,656 jobs | Local News","... forest products . Thank you for reading! Please log in, or sign up for a ... Forest Products , Meherrin River Forest Products and Enfield Timber.",rrdailyherald.com,Google Alert - forest products,https://www.rrdailyherald.com/news/local/halifax-county-industries-represent-nearly-1-billion-in-investment-5-656-jobs/article_86eea155-629b-55a1-b389-9d81cc66fb21.html,,,,"tag:google.com,2013:googlealerts/feed:15931154886986995276",
2026-10-05,(rss),2026-10-05 17:54:46,Donald Juntunen - The Mining Gazette,"Following his retirement from Michigan Tech, Don continued working a variety of jobs such as owning and operating Liminga Forest Products , and for ...",mininggazette.com,Google Alert - forest products,https://www.mininggazette.com/obituaries/2026/10/donald-juntunen-2/,,,,"tag:google.com,2013:googlealerts/feed:7653781229416415527",
2026-10-05,(rss),2026-10-05 17:27:32,Henkell Freixenet Strengthens Premium Dealcoholized Sparkling Wine Production with ...,... product categories and inspiring consumers with innovations and high-quality crafted products. ... Forest Products . Natural Resources. Food/Beverage.,pressreleasehub.pa.media,Google Alert - forest products,https://pressreleasehub.pa.media/article/henkell-freixenet-strengthens-premium-dealcoholized-sparkling-wine-production-with-solos-patented-aroma-recovery-system-85176.html,,,,"tag:google.com,2013:googlealerts/feed:3108285250275500395",
2026-10-05,(rss),2026-10-05 16:56:31,Wasteful operations should be held accountable - Winnipeg Free Press,"Forest products , sand and gravel, and some general freight were carried for a while. The forest product shipments terminated in the 1950s and the ...",winnipegfreepress.com,Google Alert - forest products,https://www.winnipegfreepress.com/opinion/analysis/2026/10/05/wasteful-operations-should-be-held-accountable,,,,"tag:google.com,2013:googlealerts/feed:4694845176135807322",
2026-10-05,(rss),2026-10-05 15:58:31,Tennessee Wildland Fire Personnel Support Response Across 14 States - TN.gov,"Forest Products · Fuel · Pesticides · Plants · Produce and Nursery · Tobacco ... forest inventory data, assisting forest industries and fighting ...",tn.gov,Google Alert - forest products,https://www.tn.gov/agriculture/news/2026/10/5/tennessee-wildland-fire-personnel-support-response-across-14-states.html,,,,"tag:google.com,2013:googlealerts/feed:6513074996736130486",
2026-10-05,(rss),2026-10-05 21:32:58,Long-term logging experiment reveals how protecting the forest floor helps preserve soil carbon,"... forest is harvested. Tracking such losses can be tricky: wildfires, insects, disease and past forest management can all affect forest soil carbon ...",phys.org,Google Alert - forest management,https://phys.org/news/2026-10-term-reveals-forest-floor-soil.html,,,,"tag:google.com,2013:googlealerts/feed:1685048930844388507",
2026-10-05,(rss),2026-10-05 20:01:56,Public lands issues come to the fore as election nears - This Is Reno,"Moan noted the poll showed strong support for land managers in agencies like the National Park Service, the U.S. Forest Service and the Fish and ...",thisisreno.com,Google Alert - forest management,https://thisisreno.com/2026/10/nature-conservancy-poll-federal-lands/,,,,"tag:google.com,2013:googlealerts/feed:2571405274499622199",
2026-10-05,(rss),2026-10-05 19:25:21,Kwale launches week-long environmental campaign ahead ... - Facebook,"... management, forest management and mitigating adverse effects of climate change. ... They have learnt how to collect seeds from the forest and create and ...",facebook.com,Google Alert - forest management,https://www.facebook.com/kenyanewsagency/posts/%F0%9D%97%9E%F0%9D%98%84%F0%9D%97%AE%F0%9D%97%B9%F0%9D%97%B2-%F0%9D%97%B9%F0%9D%97%AE%F0%9D%98%82%F0%9D%97%BB%F0%9D%97%B0%F0%9D%97%B5%F0%9D%97%B2%F0%9D%98%80-%F0%9D%98%84%F0%9D%97%B2%F0%9D%97%B2%F0%9D%97%B8-%F0%9D%97%B9%F0%9D%97%BC%F0%9D%97%BB%F0%9D%97%B4-%F0%9D%97%B2%F0%9D%97%BB%F0%9D%98%83%F0%9D%97%B6%F0%9D%97%BF%F0%9D%97%BC%F0%9D%97%BB%F0%9D%97%BA%F0%9D%97%B2%F0%9D%97%BB%F0%9D%98%81%F0%9D%97%AE%F0%9D%97%B9-%F0%9D%97%B0%F0%9D%97%AE%F0%9D%97%BA%F0%9D%97%BD%F0%9D%97%AE%F0%9D%97%B6%F0%9D%97%B4%F0%9D%97%BB-%F0%9D%97%AE%F0%9D%97%B5%F0%9D%97%B2%F0%9D%97%AE%F0%9D%97%B1-%F0%9D%97%BC%F0%9D%97%B3-%F0%9D%97%98%F0%9D%97%BB%F0%9D%98%83%F0%9D%97%B6%F0%9D%97%BF%F0%9D%97%BC%F0%9D%97%BB%F0%9D%97%BA%F0%9D%97%B2%F0%9D%97%BB%F0%9D%98%81-%F0%9D%97%97%F0%9D%97%AE%F0%9D%98%86kwale-co/1408080661507576/,,,,"tag:google.com,2013:googlealerts/feed:5036736817953239304",
2026-10-05,(rss),2026-10-05 19:16:22,WDFW accepting pre-proposals for upcoming wildlife diversity grants,... managers' ability to apply best forest management practices to benefit the state-endangered cat. Another project surveyed butterflies across the ...,wdfw.wa.gov,Google Alert - forest management,https://wdfw.wa.gov/newsroom/news-release/wdfw-accepting-pre-proposals-upcoming-wildlife-diversity-grants,,,,"tag:google.com,2013:googlealerts/feed:18325486618696192283",
2026-10-05,(rss),2026-10-05 19:07:24,Uncertainty mounts as Suriname struggles to evict illegal settlers in the Amazon - Mongabay,"One notice was delivered in July at the request of the Ministry of Land Policy and Forest Management , according to records reviewed by Mongabay. A ...",news.mongabay.com,Google Alert - forest management,https://news.mongabay.com/2026/10/uncertainty-mounts-as-suriname-struggles-to-evict-illegal-settlers-in-the-amazon/,,,,"tag:google.com,2013:googlealerts/feed:14985902090203416278",
2026-10-05,(rss),2026-10-05 18:46:10,Fire managers plan prescribed fires in Jacob Lake area beginning this week | Forest Service,"(Fredonia, AZ, October 5, 2026) — Kaibab National Forest fire managers plan to begin ignitions on prescribed fire units on the North Kaibab Ranger ...",fs.usda.gov,Google Alert - forest management,https://www.fs.usda.gov/r03/kaibab/newsroom/releases/fire-managers-plan-prescribed-fires-jacob-lake-area-beginning-week,,,,"tag:google.com,2013:googlealerts/feed:17838680911635574503",
2026-10-05,(rss),2026-10-05 18:03:22,"Kelly, Gallego Celebrate Committee Passage of Bill to Restore the Grand Canyon's North Rim","The legislation covers fire-related recovery efforts, including forest management , maintenance, rebuilding, and infrastructure improvements. This ...",kelly.senate.gov,Google Alert - forest management,https://www.kelly.senate.gov/newsroom/press-releases/kelly-gallego-celebrate-committee-passage-of-bill-to-restore-the-grand-canyons-north-rim/,,,,"tag:google.com,2013:googlealerts/feed:7839482094098203043",
2026-10-05,(rss),2026-10-05 17:25:55,Municipal All Candidates Meeting 2026 | City of Mission,Municipal Forest · History · Visiting a Working Forest · Stave West Forest & Recreation Area · Sustainable Forest Management · Arts & Culture · Clarke ...,mission.ca,Google Alert - forest management,https://www.mission.ca/community-environment/community-events/municipal-all-candidates-meeting-2026,,,,"tag:google.com,2013:googlealerts/feed:7838793898793815419",
2026-10-05,(rss),2026-10-05 17:06:20,Save the date: 2025 Chief's Honor Awards | US Forest Service,Fire Management · Forests and Grasslands · International Cooperation ... Local Forest Service employees are invited to attend the celebration in ...,fs.usda.gov,Google Alert - forest management,https://www.fs.usda.gov/inside-fs/out-and-about/save-date-2025-chiefs-honor-awards,,,,"tag:google.com,2013:googlealerts/feed:7522884731818775060",
2026-10-05,(rss),2026-10-05 17:03:15,"Prop 137 sparks debate around wildfire mitigation, TABOR refunds and state budget",... forest management and watershed restoration projects in the first year. ... manage your current settings. Manage Subscriptions. Aspen Times E-Edition.,aspentimes.com,Google Alert - forest management,https://www.aspentimes.com/news/prop-137-debate-wildfire-mitigation-tabor-refunds-state-budget/,,,,"tag:google.com,2013:googlealerts/feed:813031176490462426",
2026-10-05,(rss),2026-10-05 19:26:47,Northern Michigan landowners still waiting for federal dollars to restore ice-damaged forests,"According to Mike Smalligan, forest stewardship coordinator with the Michigan DNR, around 600 landowners “are in the application process” for EFRP.",interlochenpublicradio.org,Google Alert - forest landowner,https://www.interlochenpublicradio.org/ipr-news/2026-10-05/northern-michigan-landowners-still-waiting-for-federal-dollars-to-restore-ice-damaged-forests,,,,"tag:google.com,2013:googlealerts/feed:16034452495826816916",
2026-10-05,(rss),2026-10-05 19:05:10,Northern Michigan foresters frustrated as ice storm recovery funds run dry,"Created by Congress in 2008 as part of the national Farm Bill, EFRP provides disaster relief to nonindustrial, private forest landowners . The ...",bridgemi.com,Google Alert - forest landowner,https://bridgemi.com/business-watch/northern-michigan-foresters-frustrated-as-ice-storm-recovery-funds-run-dry/,,,,"tag:google.com,2013:googlealerts/feed:2036405860775823958",
2026-10-05,(rss),2026-10-05 21:18:23,The 2026-27 California Spending Plan: Natural Resources and Environmental Protection,"The 2026-27 spending plan appropriates $62 million from Proposition 4 to Parks, including $33 million for forest health and watershed improvement ...",lao.ca.gov,Google Alert - forest health,https://lao.ca.gov/Publications/Report/5207,,,,"tag:google.com,2013:googlealerts/feed:1054030555916399832",
2026-10-05,(rss),2026-10-05 20:47:26,Arbor Day Foundation Invests In Vibrant Planet And Convective Capital For Wildfire Resilience,"... forest-management actions. The technology allows users to evaluate ... forest health , resilience and restoration. The organization plans to ...",pulse2.com,Google Alert - forest health,https://pulse2.com/arbor-day-foundation-invests-in-vibrant-planet-and-convective-capital-for-wildfire-resilience/,,,,"tag:google.com,2013:googlealerts/feed:16380403141130335321",
2026-10-05,(rss),2026-10-05 19:28:41,CAL FIRE Urges Californians to Power Up Their Devices with Fire Safety in Mind,CAL FIRE Awards 10 Million to Boost Forest Health Wildfire Workforce and Resilience · National Child Passenger Safety Week California CHP Reminds ...,sierradailynews.com,Google Alert - forest health,https://www.sierradailynews.com/state/cal-fire-urges-californians-to-power-up-their-devices-with-fire-safety-in-mind/,,,,"tag:google.com,2013:googlealerts/feed:13281645152126439339",
2026-10-05,(rss),2026-10-05 19:15:58,Kentucky residents can trade Bradford pears for native trees at fall bounty Extension events,"... Forest Health Extension in the Department of Forestry and Natural Resources. “The events stretch across the state, from Boone County in the north ...",news.mgcafe.uky.edu,Google Alert - forest health,https://news.mgcafe.uky.edu/article/kentucky-residents-can-trade-bradford-pears-native-trees-fall-bounty-extension-events,,,,"tag:google.com,2013:googlealerts/feed:359638316118474116",
2026-10-05,(rss),2026-10-05 18:29:18,"Northern Ontario municipalities talk policing, health care, forestry at meeting - Sault Ste. Marie News","... health care and the future of the forest sector. “Our communities need reliable infrastructure, accessible services and the financial capacity to ...",sootoday.com,Google Alert - forest health,https://www.sootoday.com/local-news/northern-ontario-municipalities-talk-policing-health-care-forestry-at-meeting-12854113,,,,"tag:google.com,2013:googlealerts/feed:1349278676230506521",
2026-10-05,(rss),2026-10-05 16:05:54,Celebrate autumn with DNR's Fall Color Finder map | Psa | hometownsource.com,"Forest Lake Times · Laker Pioneer · Monticello Times · Morrison County ... forest health program consultant. “Likewise, warmer temperatures in ...",hometownsource.com,Google Alert - forest health,https://www.hometownsource.com/press_and_news/psa/celebrate-autumn-with-dnr-s-fall-color-finder-map/article_7ae9d6e7-795f-4b90-8726-90519ff8b653.html,,,,"tag:google.com,2013:googlealerts/feed:1594454056182283410",
2026-10-05,(rss),2026-10-05 15:56:01,"Disease May Cause Wilting and Eventual Death of Certain Trees and Shrubs, Purdue ...","Forest Health Problems Impacting Indiana Forest Resources​, Indiana Department of Natural Resources ... Forestry · Minecraft Meets the Hellbender",purdue.edu,Google Alert - forest health,https://www.purdue.edu/fnr/extension/disease-may-cause-wilting-and-eventual-death-of-certain-trees-and-shrubs-purdue-landscape-report/,,,,"tag:google.com,2013:googlealerts/feed:10622654872710172092",
2026-10-05,(rss),2026-10-05 15:19:12,CAL FIRE Report Shows $1 Billion State Investment Reduced Wildfire Risks Across ... - edhat,"... forest health projects. Investments in wildfire resilience are making California communities safer, strengthening emergency response and wildfire ...",edhat.com,Google Alert - forest health,https://www.edhat.com/california/news/cal-fire-wildfire-resilience-funding-report/,,,,"tag:google.com,2013:googlealerts/feed:9887927205693782110",
2026-10-05,(rss),2026-10-05 14:59:15,Arbor Day Foundation Invests in Wildfire Resilience Technology Through its Impact Fund,"... forest health , resilience, and restoration. Vibrant Planet is a public benefit corporation (PBC) helping communities, governments, utilities, and ...",morningstar.com,Google Alert - forest health,https://www.morningstar.com/news/business-wire/20261005939032/arbor-day-foundation-invests-in-wildfire-resilience-technology-through-its-impact-fund,,,,"tag:google.com,2013:googlealerts/feed:12636798324748286233",
2026-10-05,(rss),2026-10-05 14:05:57,QTS Supports 132-Acre Forest Restoration at Towaliga Preserve - Construction Owners,"The program is designed to improve forest health , wildlife habitat and protection of the Towaliga River watershed. Approximately 1.5 miles of the ...",constructionowners.com,Google Alert - forest health,https://www.constructionowners.com/news/qts-supports-132-acre-forest-restoration-at-towaliga-preserve,,,,"tag:google.com,2013:googlealerts/feed:6055575939948920764",
2026-10-05,(rss),2026-10-05 13:57:14,Forest Road 18 Closure Notice for Public Health and Safety on the Monongahela National ...,West Virginia Daily News has been serving Greenbrier and Monroe Counties since 1852. Tags: health Monongahela National Forest PubRoadSafety ...,wvdn.com,Google Alert - forest health,https://wvdn.com/206102/,,,,"tag:google.com,2013:googlealerts/feed:4629931820019221888",
2026-10-05,(rss),2026-10-05 13:04:26,Six Rivers National Forest Conducting Prescribed Burns Through November,"Leary Creek Project (10N02 and 11N05 Roads); Orleans Community Fuels Reduction and Forest Health Project, in and around the town of Orleans (GO ...",kymkemp.com,Google Alert - forest health,https://kymkemp.com/2026/10/05/six-rivers-national-forest-conducting-prescribed-burns-through-november/,,,,"tag:google.com,2013:googlealerts/feed:8152933784317024319",
2026-10-05,(rss),2026-10-05 12:32:34,Kilifi women break tradition to engage in forest conservation initiatives - YouTube,"For some women, taking part in forest conservation has meant ... The Health Defense•30K views · 49:57. Go to channel SLICE · The Last Baobab ...",youtube.com,Google Alert - forest health,https://www.youtube.com/watch?v=MvdW8HD12Ic,,,,"tag:google.com,2013:googlealerts/feed:1979488678013226200",
2026-10-05,(rss),2026-10-05 19:09:30,What American Homes Will Look Like in 2050—Architects Predict Major Changes,"Saisakorn sees more cross - laminated timber ( CLT ) being used in the future, as it presents “a more immediate and sustainable option” than 3D printing, ...",newsweek.com,Google Alert - cross laminated timber,https://www.newsweek.com/what-american-homes-will-look-like-2050-architects-predict-major-changes-12525231,,,,"tag:google.com,2013:googlealerts/feed:8846401734717310379",
2026-10-05,(rss),2026-10-05 15:45:56,Sustainable Supply Chain Alliance Recognizes Sterling Solutions and Ameren ... - Markets Insider,"Sterling is America's leading manufacturer of high-quality, cost-effective Cross Laminated Timber ( CLT ) mats, panels and systems. Our TerraLam® CLT ...",markets.businessinsider.com,Google Alert - cross laminated timber,https://markets.businessinsider.com/news/stocks/sustainable-supply-chain-alliance-recognizes-sterling-solutions-and-ameren-with-transforming-supply-chain-award-1036597645,,,,"tag:google.com,2013:googlealerts/feed:16282267887894002261",
2026-10-05,(rss),2026-10-05 21:56:38,Turning invasive plants into powerful filters for fluoride-contaminated water - EurekAlert!,Nano-magnesium oxide combined with plant-derived pyro-hydrochar achieves high fluoride adsorption while offering a new route for invasive biomass ...,eurekalert.org,Google Alert - biomass,https://www.eurekalert.org/news-releases/1146547,,,,"tag:google.com,2013:googlealerts/feed:3931108346770035447",
2026-10-05,(rss),2026-10-05 21:16:54,Invasive Plants Become Powerful Fluoride Water Filters - Mirage News,"""By converting this biomass into a functional carbon material and combining it with nano-magnesium oxide, we created an adsorbent with strong fluoride ...",miragenews.com,Google Alert - biomass,https://www.miragenews.com/invasive-plants-become-powerful-fluoride-water-1755364/,,,,"tag:google.com,2013:googlealerts/feed:15787412260201748564",
2026-10-05,(rss),2026-10-05 18:20:59,Power plants: Engineering biomass crops as oil factories - EurekAlert!,Power plants: Engineering biomass crops as oil factories. Plant engineering breakthroughs could revolutionize sustainable fuel production for ...,eurekalert.org,Google Alert - biomass,https://www.eurekalert.org/news-releases/1146506,,,,"tag:google.com,2013:googlealerts/feed:16531137876315480614",
2026-10-05,(rss),2026-10-05 17:29:15,Refinery Biomass Hydrogen Tech Market Forecast to 2035: Policy Mandates and Bio ...,"Refinery biomass hydrogen tech market outlook to 2035: growth driven by refinery decarbonization mandates and bio-syngas integration, with project ...",indexbox.io,Google Alert - biomass,https://www.indexbox.io/blog/refinery-biomass-hydrogen-tech-market-to-accelerate-through-2035-driven-by-refinery-decarbonization-mandates/,,,,"tag:google.com,2013:googlealerts/feed:13349522755287239389",
2026-10-05,(rss),2026-10-05 17:27:27,CPM names Jeremy Patten CEO | Biodiesel Magazine,"... Biomass Magazine–that maintains a strong focus on commercial-scale biomass production, new technology, and near-term research and development.",biodieselmagazine.com,Google Alert - biomass,https://biodieselmagazine.com/articles/cpm-names-jeremy-patten-ceo,,,,"tag:google.com,2013:googlealerts/feed:9799757463875188679",
2026-10-05,(rss),2026-10-05 16:27:12,How Capelin Fluctuations Shape Top Predator Diets in Coastal Newfoundland | Newswise,"... biomass . Spatially unconstrained non-breeding shearwaters track migrating capelin across broader regions, maintaining a stable capelin intake ...",newswise.com,Google Alert - biomass,https://www.newswise.com/articles/pulsed-resources-and-marine-food-webs-how-capelin-fluctuations-shape-top-predator-diets-in-coastal-newfoundland,,,,"tag:google.com,2013:googlealerts/feed:10520723272939172071",
2026-10-05,(rss),2026-10-05 16:05:15,EcoCeres supports AstraZeneca's journey to net zero with its first HVO application in ...,"... biomass pyrolysis oil. Read More · EIA: US biofuel capacity up slightly in July · Article image · By Erin Krueger. October 01, 2026. Sustainable ...",biomassmagazine.com,Google Alert - biomass,https://biomassmagazine.com/articles/ecoceres-supports-astrazenecas-journey-to-net-zero-with-its-first-hvo-application-in-chinas-pharmaceutical-sector,,,,"tag:google.com,2013:googlealerts/feed:2843594588447315916",
2026-10-05,(rss),2026-10-05 15:18:31,Måsøval AS Q3 Harvest 8656 GWT; Biomass 14758 t - TradingView,"Måsøval AS reported Q3 2026 harvest volume of 8656 GWT (West 2191; Mid 3797; Co-location 2667) and end-quarter biomass of 14758 t WFE, ...",tradingview.com,Google Alert - biomass,https://www.tradingview.com/news/tradingview:44cb51571047c:0-m-s-val-as-q3-harvest-8-656-gwt-biomass-14-758-t/,,,,"tag:google.com,2013:googlealerts/feed:3586005846794081360",
2026-10-05,(rss),2026-10-05 15:09:54,Orange Peel Waste Transformed Into Antioxidant-Rich Bio-Oil Using Hot Compressed Water,"... biomass . The team dried and ground Valencia orange peels, pre-extracted them with ethanol, and then loaded ten grams of the prepared biomass into ...",bioengineer.org,Google Alert - biomass,https://bioengineer.org/orange-peel-waste-transformed-into-antioxidant-rich-bio-oil-using-hot-compressed-water/,,,,"tag:google.com,2013:googlealerts/feed:5876547189150755566",
2026-10-05,(rss),2026-10-05 15:08:22,Måsøval AS - Trading update Q3 2026 — TradingView News,"The biomass composes of 11 355 tonnes WFE on Måsøval's own licenses, and 3 403 tonnes WFE registered on co-location partners. Biomass end of Quarter ...",tradingview.com,Google Alert - biomass,https://www.tradingview.com/news/modular_finance:9f5b1c3785ead:0-m-s-val-as-trading-update-q3-2026/,,,,"tag:google.com,2013:googlealerts/feed:5031518822001425373",
2026-10-05,(rss),2026-10-05 14:45:35,ICES raises pelagic catch advice as MSC urges quota agreements - The Fish Site,"It describes blue whiting biomass as currently healthy, but warns that continued overfishing remains a risk. The organisation is urging the UK, Norway ...",thefishsite.com,Google Alert - biomass,https://thefishsite.com/articles/ices-raises-pelagic-catch-advice-as-msc-urges-quota-agreements,,,,"tag:google.com,2013:googlealerts/feed:7107805215662119648",
2026-10-05,(rss),2026-10-05 14:21:51,Biomass source available in Sabah estates | Daily Express Malaysia,"Biomass and biogas are also valuable resources which, through good engineering and innovation, can be converted into useful renewable energy while ...",dailyexpress.com.my,Google Alert - biomass,https://www.dailyexpress.com.my/news/289261/biomass-source-available-in-sabah-estates/,,,,"tag:google.com,2013:googlealerts/feed:13896163872924280556",
2026-10-05,(rss),2026-10-05 14:20:04,CPM names Jeremy Patten CEO - Biomass Magazine,CPM on Oct. 2 announced that Jeremy Patten has joined the company as CEO. Patten brings more than 20 years of leadership experience across global ...,biomassmagazine.com,Google Alert - biomass,https://biomassmagazine.com/articles/cpm-names-jeremy-patten-ceo,,,,"tag:google.com,2013:googlealerts/feed:10128764027529783427",
2026-10-05,(rss),2026-10-05 14:02:49,Sri Lankan scientist leads NASA-backed research turning plastic waste into 3D-printed cookies,"... biomass that can then be used to produce the cookies. Named “µBites,” the cookies are produced using polyethylene terephthalate (PET) plastic ...",newswire.lk,Google Alert - biomass,https://www.newswire.lk/2026/10/05/sri-lankan-scientist-leads-nasa-backed-research-turning-plastic-waste-into-3d-printed-cookies/,,,,"tag:google.com,2013:googlealerts/feed:18101818728106872591",
2026-10-05,(rss),2026-10-05 13:52:47,FPAC: Canada Is Wrapped Up In Red Tape - Canadian Biomass Magazine,"The volatility of the Canada-U.S. trade talks has marked a key moment for our country, a wake-up call if you will for Canada to challenge old ...",canadianbiomassmagazine.ca,Google Alert - biomass,https://www.canadianbiomassmagazine.ca/fpac-canada-is-wrapped-up-in-red-tape/,,,,"tag:google.com,2013:googlealerts/feed:13844460271594611274",
2026-10-05,(rss),2026-10-05 13:45:54,Horizontal Grinder Industry Analysis: U.S. Insights - SNS Insider,"U.S. Horizontal Grinder Market analysis covers forestry, construction, recycling, biomass , portable equipment, and energy-efficient technologies.",snsinsider.com,Google Alert - biomass,https://www.snsinsider.com/blogs/horizontal-grinder-industry,,,,"tag:google.com,2013:googlealerts/feed:435166052362598501",
2026-10-05,(rss),2026-10-05 13:19:43,PelAC Calls on Commission for Long-Term Mackerel Strategy - The Fishing Daily,"... biomass and catches above scientific recommendations. In a letter sent to Charlina Vitcheva, Director-General of the European Commission's ...",thefishingdaily.com,Google Alert - biomass,https://thefishingdaily.com/eu-fishing-industry-news/pelac-calls-on-commission-for-long-term-mackerel-strategy/,,,,"tag:google.com,2013:googlealerts/feed:4388249522453729120",
2026-10-05,(rss),2026-10-05 13:06:54,Chemical engineering professor part of $591K USDA project to engineer bacteria for renewable fuels,"Jin Wang is taking the guesswork out of engineering bacteria that transform biomass into valuable chemicals. Wang, the Woltosz Professor in the ...",eng.auburn.edu,Google Alert - biomass,https://eng.auburn.edu/news/2026/10/chemical-engineering-professor-part-of-project-to-engineer-bacteria-for-renewable-fuels.html,,,,"tag:google.com,2013:googlealerts/feed:15936097701519574158",
2026-10-05,(rss),2026-10-05 22:50:29,EIA: Capacity for renewable diesel and associated biofuels expands in 2025,... Energy Information Administration on Sept. 24 ... biomass energy .View More · North American Biocarbon Conference. March 2-4 ...,biomassmagazine.com,Google Alert - biomass energy,https://biomassmagazine.com/articles/eia-capacity-for-renewable-diesel-and-associated-biofuels-expands-in-2025,,,,"tag:google.com,2013:googlealerts/feed:9094227960863207125",
2026-10-05,(rss),2026-10-05 22:50:27,DOE opens funding opportunity allowing companies to connect with National Laboratories,A portion of the funding is expected to support projects under the Office of Critical Minerals and Energy ... biomass energy .View More · North American ...,biomassmagazine.com,Google Alert - biomass energy,https://biomassmagazine.com/articles/doe-opens-funding-opportunity-allowing-companies-to-connect-with-national-laboratories,,,,"tag:google.com,2013:googlealerts/feed:9680014602613557976",
2026-10-05,(rss),2026-10-05 17:20:44,"Anaergia signs definitive agreement to divest non-core assets, Charlotte and Rhode Island ...",... biomass pyrolysis oil. Read More · EIA: US biofuel capacity up ... biomass energy .View More · North American Biocarbon Conference. March 2-4 ...,biomassmagazine.com,Google Alert - biomass energy,https://biomassmagazine.com/articles/anaergia-signs-definitive-agreement-to-divest-non-core-assets-charlotte-and-rhode-island-bioenergy-facilities,,,,"tag:google.com,2013:googlealerts/feed:4324389542604357240",
2026-10-05,(rss),2026-10-05 16:17:05,Antora and Pratt Energy announce nearly 6 GWh thermal battery project to deliver affordable ...,"... energy to Pratt Energy's facility, creating jobs and strengthening the local economy. ... biomass energy .View More · North American Biocarbon Conference.",ethanolproducer.com,Google Alert - biomass energy,https://ethanolproducer.com/articles/antora-and-pratt-energy-announce-nearly-6-gwh-thermal-battery-project-to-deliver-affordable-energy-and-strengthen-kansas-economy,,,,"tag:google.com,2013:googlealerts/feed:14135506550215423013",
2026-10-05,(rss),2026-10-05 16:15:55,Indonesia Could Attract US$2.3 Trillion in Clean Energy Investment - News En.tempo.co,"PLN EPI has used biomass through co-firing, a practice that has been implemented at 52 steam power plants (PLTU). Read More. Germany Sets Out Plan to ...",en.tempo.co,Google Alert - biomass energy,https://en.tempo.co/read/2120989/indonesia-could-attract-us2-3-trillion-in-clean-energy-investment,,,,"tag:google.com,2013:googlealerts/feed:14065913681652373160",
2026-10-05,(rss),2026-10-05 14:54:06,Spanish government grants priority status for €320-MM eM-Numancia renewable methanol project,"The project is also part of the Hydrogen Valley of Castilla y León and is intended to establish a regional value chain for renewable energy , biomass ...",hydrocarbonprocessing.com,Google Alert - biomass energy,https://www.hydrocarbonprocessing.com/news/2026/10/spanish-government-grants-priority-status-for-320-mm-em-numancia-renewable-methanol-project/,,,,"tag:google.com,2013:googlealerts/feed:4668409308164373794",
2026-10-05,(rss),2026-10-05 14:14:21,The novel crop bringing biodiversity to energy production | Farm News | Farmers Guardian,A perennial flowering crop that can produce biomass for anaerobic digestion while keeping soil covered year-round could offer an alternative to ...,farmersguardian.com,Google Alert - biomass energy,https://www.farmersguardian.com/feature/4536293/novel-crop-bringing-biodiversity-energy-production,,,,"tag:google.com,2013:googlealerts/feed:17580105746497394153",
2026-10-05,(rss),2026-10-05 12:50:50,Minister Naik discusses coconut waste-to-charcoal technology with ICL Climetech CEO,Union Minister of State for New and Renewable Energy and Power Shripad Yesso Naik was briefed on a biomass conversion technology aimed at ...,pioneeredge.in,Google Alert - biomass energy,https://pioneeredge.in/minister-naik-discusses-coconut-waste-to-charcoal-technology-with-icl-climetech-ceo/,,,,"tag:google.com,2013:googlealerts/feed:4660240122120733236",
2026-10-05,(rss),2026-10-05 09:32:15,Bain Capital sees China SAF mandates driving long-term growth in sustainable aviation fuel,"AllBiodieselBiogas (CBG) Biomass Electric VehiclesEthanolGreen HydrogenRenewable Energy Sustainable Aviation Fuel (SAF) ... energy . October 5, 2026.",bioenergytimes.com,Google Alert - biomass energy,https://bioenergytimes.com/bain-capital-sees-china-saf-mandates-driving-long-term-growth-in-sustainable-aviation-fuel/,,,,"tag:google.com,2013:googlealerts/feed:17927918414953932090",
2026-10-05,(rss),2026-10-05 09:32:11,Vietnam begins rice processing project linked to biomass power generation,The project is being developed by Green CT Company and aims to connect rice processing with renewable energy production. Construction began on October ...,bioenergytimes.com,Google Alert - biomass energy,https://bioenergytimes.com/vietnam-begins-rice-processing-project-linked-to-biomass-power-generation/,,,,"tag:google.com,2013:googlealerts/feed:7673676334139105970",
2026-10-05,(rss),2026-10-05 08:01:28,272 kg of butter sculpture in US to be converted into renewable energy - BioEnergy Times,Biomass · Electric Vehicles · Ethanol · Green Hydrogen · Renewable Energy · Sustainable Aviation Fuel (SAF) · Ethanol · Biogas · Biodiesel · Biomass ...,bioenergytimes.com,Google Alert - biomass energy,https://bioenergytimes.com/272-kg-of-butter-sculpture-in-us-to-be-converted-into-renewable-energy/,,,,"tag:google.com,2013:googlealerts/feed:13220858831631388134",
2026-10-05,(rss),2026-10-05 07:59:56,"LDC to Build New Sunflower and Soybean Processing Plant in Bahía Blanca, Argentina",... biomass for energy . The investment aims to meet the growing global demand for vegetable oils and strengthen Argentina's role in the agricultural ...,dataportuaria.com,Google Alert - biomass energy,https://dataportuaria.com/en/argentina/agro/ldc-to-build-new-sunflower-and-soybean-processing-plant-in-bahia-blanca-argentina-cdd0a5,,,,"tag:google.com,2013:googlealerts/feed:15252456617296591258",
2026-10-05,(rss),2026-10-05 07:45:54,Horizontal Grinder Industry Analysis: U.S. Insights,"U.S. Horizontal Grinder Market analysis covers forestry, construction, recycling, biomass , portable equipment, and energy -efficient technologies.",snsinsider.com,Google Alert - biomass energy,https://www.snsinsider.com/blogs/horizontal-grinder-industry,,,,"tag:google.com,2013:googlealerts/feed:10597047933118359671",
2026-10-05,(rss),2026-10-05 06:21:27,NorSAF and Nova Pangaea to turn Latvian waste biomass into SAF - Bioenergy Insight,"Janis Kisiels, founder and board member of NorSAF, said: ""Europe cannot strengthen its energy security simply by reducing fossil-fuel imports. We also ...",bioenergy-news.com,Google Alert - biomass energy,https://www.bioenergy-news.com/news/norsaf-and-nova-pangaea-to-turn-latvian-waste-biomass-into-saf/,,,,"tag:google.com,2013:googlealerts/feed:16610121279154023671",
2026-10-05,(rss),2026-10-05 05:32:09,SLIIT advances smart energy management with AI - Hiru News,"... biomass energy use in palm oil production, where agricultural by-products can be converted into renewable energy for industrial operations. Palm ...",hirunews.lk,Google Alert - biomass energy,https://hirunews.lk/english/business/492399/sliit-advances-smart-energy-management-with-ai,,,,"tag:google.com,2013:googlealerts/feed:13043604962654112055",
2026-10-05,(rss),2026-10-05 18:20:14,"Samsung E&A, Mexican Petroleum Institute explore ammonia cooperation","Samsung E&A, Mexican Petroleum Institute explore ammonia cooperation. Biofuels Ammonia. 4h ago. Quantum Commodity Intelligence - The Mexican Petroleum ...",qcintel.com,Google Alert - biofuel,https://www.qcintel.com/biofuels/article/samsung-e-a-mexican-petroleum-institute-explore-ammonia-cooperation-74512.html,,,,"tag:google.com,2013:googlealerts/feed:302123491885306817",
2026-10-05,(rss),2026-10-05 15:57:37,Daybreak Oct. 5: Trump says no to diesel export ban - Agri-Pulse,Biofuel boom: Renewable fuel continues to be a bright spot for American ag. ... In case you missed it: July marked the third consecutive all-time high ...,agri-pulse.com,Google Alert - biofuel,https://www.agri-pulse.com/articles/25333-daybreak-oct-5-trump-says-no-to-diesel-export-ban/amp,,,,"tag:google.com,2013:googlealerts/feed:11280856550681657429",
2026-10-05,(rss),2026-10-05 15:48:38,"Small Refineries, Big Consequences: What Exemptions Mean For Biofuel Demand","Small refinery exemptions could reduce biofuel demand, creating major consequences for soybean farmers, markets and the U.S. biofuels industry.",global-agriculture.com,Google Alert - biofuel,https://www.global-agriculture.com/global-agriculture/small-refineries-big-consequences-what-exemptions-mean-for-biofuel-demand/,,,,"tag:google.com,2013:googlealerts/feed:631342767191100797",
2026-10-05,(rss),2026-10-05 15:45:56,"Independent Research Report about Blue Biofuels Inc., by Harbinger Research","PALM BEACH GARDENS, FL, Oct. 05, 2026 (GLOBE NEWSWIRE) -- Blue Biofuels , Inc. (OTCQB: BIOF).Blue Biofuels , Inc. is pleased to announce the publi.",markets.businessinsider.com,Google Alert - biofuel,https://markets.businessinsider.com/news/stocks/independent-research-report-about-blue-biofuels-inc-by-harbinger-research-1036597651,,,,"tag:google.com,2013:googlealerts/feed:10721110795881882120",
2026-10-05,(rss),2026-10-05 15:29:09,Soybean oil used to produce US biofuels reaches new all-time high in July - Fastmarkets,"US biofuel producers continued to use record volumes of soybean oil in July, with total vegetable oil consumption by the sector reaching an ...",fastmarkets.com,Google Alert - biofuel,https://www.fastmarkets.com/insights/soybean-oil-used-to-produce-us-biofuels-reaches-new-all-time-high-in-july/,,,,"tag:google.com,2013:googlealerts/feed:12235645315302652608",
2026-10-05,(rss),2026-10-05 15:04:41,"Alfa Laval Integrates Desmet: Oils, Fats & Biofuel Portfolio Expansion - News and Statistics","Alfa Laval Begins Phased Integration of Desmet to Strengthen Oils, Fats and Biofuel Offering ; 6, Mewah International, Singapore, Palm oil refining and ...",indexbox.io,Google Alert - biofuel,https://www.indexbox.io/blog/alfa-laval-begins-phased-integration-of-desmet-to-strengthen-oils-fats-and-biofuel-offering/,,,,"tag:google.com,2013:googlealerts/feed:10637796215921758849",
2026-10-05,(rss),2026-10-05 14:28:52,Desmet and Alfa Laval join forces to bring more value to biofuels producers,"... biofuel . Alfa Laval acquired Desmet in 2022, including the operational units and brands of RoseDowns and Stolz, and Desmet has since operated as a ...",hydrocarbonprocessing.com,Google Alert - biofuel,https://www.hydrocarbonprocessing.com/news/2026/10/desmet-and-alfa-laval-join-forces-to-bring-more-value-to-biofuels-producers/,,,,"tag:google.com,2013:googlealerts/feed:5761037217339988960",
2026-10-05,(rss),2026-10-05 14:21:42,"India eyes new palm oil sources as Indonesia, Malaysia raise biofuel blends","... biofuel blends. India eyes new palm oil sources as Indonesia, Malaysia raise biofuel blends. Colombia, the world's fourth-largest palm oil producer ...",business-standard.com,Google Alert - biofuel,https://www.business-standard.com/economy/news/india-eyes-new-palm-oil-sources-as-indonesia-malaysia-raise-biofuel-blends-126100501090_1.html,,,,"tag:google.com,2013:googlealerts/feed:12656004822825889517",
2026-10-05,(rss),2026-10-05 13:40:04,EU SAF supply exceeds first ReFuelEU target - Oils & Fats International,"... biofuels , while 90,000 tonnes – about 8% - was advanced aviation biofuels . ... biofuel . Imported feedstocks continued to dominate the supply chain ...",ofimagazine.com,Google Alert - biofuel,https://www.ofimagazine.com/news/eu-saf-supply-exceeds-first-refueleu-target,,,,"tag:google.com,2013:googlealerts/feed:4649504705483813302",
2026-10-05,(rss),2026-10-05 13:35:33,Kingdom Konsult Partners with the Biofuel Company to Bring B100 Biofuel to Qatar,"According to Aghayan, the alliance forges a robust link between Saudi biofuel know-how and the Qatari market, illustrating how GCC cooperation can ...",indexbox.io,Google Alert - biofuel,https://www.indexbox.io/blog/kingdom-konsult-partners-with-the-biofuel-company-to-bring-b100-biofuel-to-qatar/,,,,"tag:google.com,2013:googlealerts/feed:1165459722767775606",
2026-10-05,(rss),2026-10-05 11:39:38,Rivan opens Production Base 1 in London for SNG plant production,Biodiesel (FAME) Marine Biofuel Renewable Diesel. 2 Oct 2026. Irish hauliers call for biofuel rebates ahead of Budget 2027: reports · Renewable Diesel.,qcintel.com,Google Alert - biofuel,https://www.qcintel.com/biofuels/article/rivan-opens-production-base-1-in-london-for-sng-plant-production-74496.html,,,,"tag:google.com,2013:googlealerts/feed:14983535325264328657",
2026-10-05,(rss),2026-10-05 11:29:09,Kingdom Konsult and The Biofuel Company of Saudi Arabia sign groundbreaking exclusive ...,"The collaboration represents an important step forward in biofuel adoption, alternative energy, decarbonisation and energy resilience. KK and TBFCO ...",zawya.com,Google Alert - biofuel,https://www.zawya.com/en/press-release/green-press-releases/kingdom-konsult-and-the-biofuel-company-of-saudi-arabia-sign-groundbreaking-exclusive-partnership-to-bring-b100-biofuel-to-qatar-1509889,,,,"tag:google.com,2013:googlealerts/feed:12315174185336901802",
2026-10-05,(rss),2026-10-05 11:24:48,Kingdom Konsult partners with The Biofuel Company to bring B100 to Qatar | ZAWYA,"Biofuel and alternative energy today are not only about sustainability and reducing emissions; they are increasingly connected to energy security, ...",zawya.com,Google Alert - biofuel,https://www.zawya.com/en/economy/energy/kingdom-konsult-partners-with-the-biofuel-company-to-bring-b100-to-qatar-1509866,,,,"tag:google.com,2013:googlealerts/feed:7227758277279780810",
2026-10-05,(rss),2026-10-05 11:17:48,Crops grown for biofuels stand to boost farmers' revenue amid ever-rising input costs,"... biofuel . “The fact that I grow it and I can see the successes, but I can also see the challenges of it, it gives me credibility when I talk about ...",stlmag.com,Google Alert - biofuel,https://www.stlmag.com/business/biofuel-feedstock-crops-could-boost-farm-reveneus-amid-rising-costs/,,,,"tag:google.com,2013:googlealerts/feed:738828633111048827",
2026-10-05,(rss),2026-10-05 10:36:28,Critically discuss why the commercial viability of biomethanol differs from e-methanol. How ...,How can India leverage its agricultural waste to scale up marine biofuel production? Biomethanol and e-methanol are renewable alternatives to ...,gktoday.in,Google Alert - biofuel,https://www.gktoday.in/mains-question/critically-discuss-why-the-commercial-viability-of-biomethanol-differs-from-e-methanol-how-can-india-leverage-its-agricultural-waste-to-scale-up-marine-biofuel-production/,,,,"tag:google.com,2013:googlealerts/feed:10011594172657698062",
2026-10-05,(rss),2026-10-05 10:34:31,Fossil fuel price surge and high demand lift biofuel production margins on both sides of the ...,Volatility driving underlying fossil fuel prices higher since late February – a core basis for physical biofuel prices – alongside more limited ...,fastmarkets.com,Google Alert - biofuel,https://www.fastmarkets.com/insights/fossil-fuel-price-surge-and-high-demand-lift-biofuel-production-margins-on-both-sides-of-the-atlantic-in-september/,,,,"tag:google.com,2013:googlealerts/feed:18060990927026254946",
2026-10-05,(rss),2026-10-05 17:50:24,Chile's renewables raise generation share to 45.4% in Aug,Bioenergy · Hydropower · Solar Power · Onshore Wind · Geothermal energy · Other ... Latest in Bioenergy . arrow · 1302415 · French hydrogen sector ...,renewablesnow.com,Google Alert - bioenergy,https://renewablesnow.com/news/chiles-renewables-raise-generation-share-to-45-4-percent-in-aug-1302416/,,,,"tag:google.com,2013:googlealerts/feed:15411986238125171241",
2026-10-05,(rss),2026-10-05 17:42:23,French hydrogen sector welcomes budget draft incl eSAF auction mechanism,Link copied! · Photo credit: Shannon Kringen / Flickr (CC BY 2.0) · Sector · Bioenergy · Hydrogen · Other Renewables · Region/Country: · France ...,renewablesnow.com,Google Alert - bioenergy,https://renewablesnow.com/news/french-hydrogen-sector-welcomes-budget-draft-incl-esaf-auction-mechanism-1302415/,,,,"tag:google.com,2013:googlealerts/feed:6717305382380007777",
2026-10-05,(rss),2026-10-05 12:28:22,CPM appoints industry veteran Jeremy Patten as CEO - Bioenergy Insight Magazine,"Patten joins from Modine, where he was President of the Performance Technologies segment. Before that, he spent more than eight years at ATS ...",bioenergy-news.com,Google Alert - bioenergy,https://www.bioenergy-news.com/news/cpm-appoints-industry-veteran-jeremy-patten-as-ceo/,,,,"tag:google.com,2013:googlealerts/feed:15874331241577062445",
2026-10-05,(rss),2026-10-05 12:13:04,Ireland opens first-of-its-kind €32m biomethane grid injection hub in Cork - Bioenergy Insight,"Gas Networks Ireland has opened its €32 million Central Grid Injection (CGI) facility in Mitchelstown, Co Cork, giving biomethane producers ...",bioenergy-news.com,Google Alert - bioenergy,https://www.bioenergy-news.com/news/ireland-opens-first-of-its-kind-e32m-biomethane-grid-injection-hub-in-cork/,,,,"tag:google.com,2013:googlealerts/feed:1155216856013765877",
2026-10-05,(rss),2026-10-05 12:05:38,NTU-CEE Distinguished Speaker Series: Professor Zhiwei WANG | NTU Singapore,Topic: Anaerobic Dynamic Membrane Bioreactors for Enhanced Bioenergy and Resource Recovery from Sludge: Mechanisms and Applications. Waste ...,ntu.edu.sg,Google Alert - bioenergy,https://www.ntu.edu.sg/cee/events/2026/10/20/default-calendar/ntu-cee-distinguished-speaker-series--professor-zhiwei-wang,,,,"tag:google.com,2013:googlealerts/feed:4691352213874560981",
2026-10-05,(rss),2026-10-05 15:28:02,Selective radical pathways on defect-engineered electrophilic biochar for sustainable water ...,... biochar . These vacancy-based topological defects reconfigure the electronic landscape by downshifting the Fermi level and upshifting the p-band ...,nature.com,Google Alert - biochar,https://www.nature.com/articles/s41467-026-78421-z,,,,"tag:google.com,2013:googlealerts/feed:18441996944918514180",
2026-10-05,(rss),2026-10-05 11:49:50,Response of Soil Ammonia−Oxidizing Microorganisms to Biochar Amendment Under ... - MDPI,"... biochar application. Combined with soil chemical properties, the driving factors shaping ammonia−oxidizing microbial community structure were ...",mdpi.com,Google Alert - biochar,https://www.mdpi.com/2071-1050/18/19/10154,,,,"tag:google.com,2013:googlealerts/feed:10662447076215229259",
2026-10-05,(rss),2026-10-05 11:39:29,Taiwan targets 1m tCO2e of biochar removals by 2030 - Quantum Commodity Intelligence,"... Biochar Taiwan Team' to set up initial trials to accelerate the development of local biochar methodologies. ""Given the urgent need for high ...",qcintel.com,Google Alert - biochar,https://www.qcintel.com/carbon/article/taiwan-targets-1m-tco2e-of-biochar-removals-by-2030-74498.html,,,,"tag:google.com,2013:googlealerts/feed:10985684263890107634",
2026-10-05,(rss),2026-10-05 10:15:09,"Biochar May Turn Fleeting Root Carbon into a Lasting Soil Sink, Review - Bioengineer.org",A critical review in Plant and Soil finds that biochar could plausibly intercept labile root-exudate carbon and convert it into stable soil ...,bioengineer.org,Google Alert - biochar,https://bioengineer.org/biochar-may-turn-fleeting-root-carbon-into-a-lasting-soil-sink-review-finds/,,,,"tag:google.com,2013:googlealerts/feed:9053981860771942334",
2026-10-05,(rss),2026-10-05 09:53:25,Josh's Water Jobs – [School of Engineering PhD Scholarships] Engineering MOF- Biochar ...,This PhD project will develop metal organic framework (MOF)- biochar composites as next-generation materials for advanced water treatment. Biochar is a ...,joshswaterjobs.com,Google Alert - biochar,https://www.joshswaterjobs.com/jobs/391874/,,,,"tag:google.com,2013:googlealerts/feed:4639467501686030183",
2026-10-05,(rss),2026-10-05 09:50:30,War-driven fuel shocks prove India needs biofuels for energy security: Ankur Scientific,"... biochar technologies, hosted a virtual panel discussion on “Carbon Avoidance & Carbon Capture: The Twin Pathways to Industrial Decarbonisation.",pioneeredge.in,Google Alert - biochar,https://pioneeredge.in/war-driven-fuel-shocks-prove-india-needs-biofuels-for-energy-security-ankur-scientific/,,,,"tag:google.com,2013:googlealerts/feed:1212897369567355069",
2026-10-05,(rss),2026-10-05 09:32:05,Weekly Carbon Removal Updates from 28 September - 04 October 2026 | CDR | Climate Tech,"... biochar systems commercially. ‎ClimeFi partnered with a European Fortune Global 500 company to develop its carbon strategy, including emissions ...",youtu.be,Google Alert - biochar,https://youtu.be/l4_jLzOSEr4,,,,"tag:google.com,2013:googlealerts/feed:17645540566264955231",
2026-10-05,(rss),2026-10-05 06:57:21,Taiwan targets a million tonnes of biochar carbon removals by 2030,"Taiwan has set a goal of reaching 1 million tonnes of carbon removal by 2030 through biochar projects, a solution considered technically and ...",carbon-pulse.com,Google Alert - biochar,https://carbon-pulse.com/557051/,,,,"tag:google.com,2013:googlealerts/feed:975519101073588070",
2026-10-05,(rss),2026-10-05 05:59:30,IIT Guwahati's Agro-Rural Tech Exhibition Highlights Innovations for Sustainable Livelihoods,"IIT Guwahati's two-day exhibition showcased agro-rural innovations in agrovoltaics, aquavoltaics, biochar and biomass under HDFC Bank Parivartan.",sentinelassam.com,Google Alert - biochar,https://www.sentinelassam.com/cities/guwahati-city/iit-guwahatis-agro-rural-tech-exhibition-highlights-innovations-for-sustainable-livelihoods,,,,"tag:google.com,2013:googlealerts/feed:15868163639163824923",
2026-10-05,(rss),2026-10-05 00:04:24,Biochar Research Booms as Scientists Map the Race to Rescue the World's Dying Soils,"A new bibliometric analysis of 505 studies reveals explosive growth in biochar research for degraded tropical and semi-arid soils, ...",bioengineer.org,Google Alert - biochar,https://bioengineer.org/biochar-research-booms-as-scientists-map-the-race-to-rescue-the-worlds-dying-soils/,,,,"tag:google.com,2013:googlealerts/feed:4123817403854063608",
